brand,category,type,capacity,model_code,product_name,mrp_npr,photo_path,photo_url,image_url,warranty,source,whatsapp
AURA,Air Conditioner,air conditioner,1 Ton / 12000 BTU,AU12FSWAC,AURA Air Conditioner 1 Ton Non Inverter Split Type AC - AU12NSWAC,53500,photos\AURA\AU12FSWAC.webp,https://joinelectroniccenter.com/photos/AURA/AU12FSWAC.webp,https://static-01.daraz.com.np/p/2873afb7e40cd39f0d918a74b04a7677.png,1 year Full Service Warranty & 3 Years Warranty on Compressor,daraz_scrape,9779851045662
AURA,Air Conditioner,air conditioner,,AURA-Portable-Air-Conditi,Portable Air Conditioner Usb Desktop Cooler Conditioning Humidifier Mini Cooling Fan,999,photos\AURA\no.webp,https://joinelectroniccenter.com/photos/AURA/no.webp,https://static-01.daraz.com.np/p/2569d4e5bf2faf454022961c0ddabda4.jpg,"If your product does not come with any warranty, then you can still benefit from our return policy. Please read the return policy conditions here .",daraz_scrape,9779851045662
AURA,Air Conditioner,air conditioner,,AURA-Wall-Hole-Sealing-Gl,Wall Hole Sealing Glue Air Conditioner Hole Repair Waterproof,120,photos\AURA\129504266-NP-1037467090.webp,https://joinelectroniccenter.com/photos/AURA/129504266-NP-1037467090.webp,https://static-01.daraz.com.np/p/e4d7432e2546d22731ac6eaf48d1cf53.jpg,"If your product does not come with any warranty, then you can still benefit from our return policy. Please read the return policy conditions here .",daraz_scrape,9779851045662
AURA,Air Cooler,Desert Air Cooler,65 Ltr,AURA-COOL-65L,AURA 65 Litre Heavy Duty Desert Air Cooler,15990,photos\AURA\AURA-COOL-65L.webp,https://joinelectroniccenter.com/photos/AURA/AURA-COOL-65L.webp,,1 Year Motor Warranty,daraz_market,9779851045662
AURA,Air Cooler,air cooler,2 Ton / 24000 BTU,AU24NSWAC,AURA Air Conditioner 2 Ton Non Inverter Split Type AC - AU24NSWAC,103500,photos\AURA\AU24NSWAC.webp,https://joinelectroniccenter.com/photos/AURA/AU24NSWAC.webp,https://static-01.daraz.com.np/p/d115d23727f63623e337d7997c73ab21.png,1 Year Seller Warranty,daraz_scrape,9779851045662
AURA,Refrigerator,air cooler,110 L,AURA,AURA Chest Freezer 110 Ltrs - AUCF110HW,31510,photos\AURA\131837189-NP-1039067537.webp,https://joinelectroniccenter.com/photos/AURA/131837189-NP-1039067537.webp,https://static-01.daraz.com.np/p/c91a7f74e4c68afca27606148cda9c34.png,1 Year Seller Warranty,daraz_scrape,9779851045662
AURA,Small Home Appliance,air cooler,,AU20ICGB,Aura 2000 Watt Induction AU20ICGB,4530,photos\AURA\119954027-NP-1032793630.webp,https://joinelectroniccenter.com/photos/AURA/119954027-NP-1032793630.webp,https://static-01.daraz.com.np/p/1da8988f811277dd7d3e95d3b9c04b58.jpg,1 Year Brand Warranty,daraz_scrape,9779851045662
AURA,Air Cooler,air cooler,0.18,180ML,"Bulk Bazaar Premium Humidifier | AuraDecor Flame Aroma Diffuser Humidifier 180ML | Ultrasonic Cool Mist Air Humidifier with Flame Effect | Essential Oil Diffuser, 7 Color Night Light, Auto Shut Off, Ultra Quiet for Bedroom, Home & Office",3000,photos\AURA\1512069513-NP-12295659580.webp,https://joinelectroniccenter.com/photos/AURA/1512069513-NP-12295659580.webp,https://static-01.daraz.com.np/p/de4d6ce7a62707e61366b5e996281ca3.png,"If your product does not come with any warranty, then you can still benefit from our return policy. Please read the return policy conditions here .",daraz_scrape,9779851045662
AURA,Microwave Oven,microwave oven,25 L,AUMG2515M,Aura 25 Ltr Grill Microwave (AUMG2515M),16500,photos\AURA\AUMG2515M.webp,https://joinelectroniccenter.com/photos/AURA/AUMG2515M.webp,https://static-01.daraz.com.np/p/a8d19c3db1974aad5ed2dc1e277f5b03.png,3 Years Brand Warranty,daraz_scrape,9779851045662
AURA,Microwave Oven,microwave oven,25 L,AUMC2550M,Aura 25 Ltr Grill and Convection Microwave (AUMC2550M),21900,photos\AURA\AUMC2550M.webp,https://joinelectroniccenter.com/photos/AURA/AUMC2550M.webp,https://static-01.daraz.com.np/p/0d9531d0db314329d552590eb56e7534.png,1 Year Brand Warranty,daraz_scrape,9779851045662
AURA,Microwave Oven,microwave oven,32 L,AUMC32150FM,Aura 32 Ltr Grill and Convection Microwave (AUMC32150FM),28900,photos\AURA\125065403-NP-1033956663.webp,https://joinelectroniccenter.com/photos/AURA/125065403-NP-1033956663.webp,https://static-01.daraz.com.np/p/d0b12b9204e4463cd7d216ab0d7cb738.jpg,1 Year Brand Warranty,daraz_scrape,9779851045662
AURA,Refrigerator,refrigerator,250,AUCF250HW,AURA Chest Freezer 250 Ltrs - AUCF250HW,49348,photos\AURA\AUCF250HW.webp,https://joinelectroniccenter.com/photos/AURA/AUCF250HW.webp,https://static-01.daraz.com.np/p/26f9b48b6d3ba94fcf7b0741be2394b8.png,1 Year Seller Warranty,daraz_scrape,9779851045662
AURA,Refrigerator,refrigerator,300,AUCF300HW,AURA Chest Freezer 300 Ltrs - AUCF300HW,58571,photos\AURA\AUCF300HW.webp,https://joinelectroniccenter.com/photos/AURA/AUCF300HW.webp,https://static-01.daraz.com.np/p/56a067c316952958afe7ca559c6cb066.png,1 Year Seller Warranty,daraz_scrape,9779851045662
AURA,Refrigerator,refrigerator,350,AUCF350HW,AURA Chest Freezer 350 Ltrs - AUCF350HW,66477,photos\AURA\AUCF350HW.webp,https://joinelectroniccenter.com/photos/AURA/AUCF350HW.webp,https://static-01.daraz.com.np/p/7edba9a45d4504d764c00d82442066c1.png,1 Year Seller Warranty,daraz_scrape,9779851045662
AURA,Refrigerator,refrigerator,250,AU250W,Aura  250 Liter Single Door Showcase | AU250W/ 5 Years Warranty,75150,photos\AURA\AU250W.webp,https://joinelectroniccenter.com/photos/AURA/AU250W.webp,https://static-01.daraz.com.np/p/07f0d4ba3d56fd0ef6e3b353a15e121e.jpg,2 Years Brand Warranty,daraz_scrape,9779851045662
AURA,Refrigerator,refrigerator,375 L,AUS375W,Aura 375  Liters  Single Door Showcase | AUS375W/ 5 Years Warranty,87550,photos\AURA\AUS375W.jpg,https://joinelectroniccenter.com/photos/AURA/AUS375W.jpg,https://static-01.daraz.com.np/p/7219d4099e531149d77ca1831a5c683c.jpg,2 Years Brand Warranty,daraz_scrape,9779851045662
AURA,Refrigerator,refrigerator,280,HYCGR2-280RK,Hyundai Double Door Refrigerators 280 Ltr .,62900,photos\AURA\HYCGR2-280RK.webp,https://joinelectroniccenter.com/photos/AURA/HYCGR2-280RK.webp,https://static-01.daraz.com.np/p/37ec558b0ed4144b0c07fc3ed8a6e7a7.jpg,11 Year Warranty On Compressor And 2 Years Warranty,daraz_scrape,9779851045662
AURA,Television,HD Smart TV,32 Inch,AURA-32HD-ATV,"AURA 32"" Frameless HD Smart Android TV",19990,photos\AURA\AURA-32HD-ATV.webp,https://joinelectroniccenter.com/photos/AURA/AURA-32HD-ATV.webp,,1 Year Comprehensive + 2 Years on Panel,daraz_market,9779851045662
AURA,Television,FHD Smart Android TV,43 Inch,AURA-43FHD-ATV,"AURA 43"" Full HD Frameless Smart Android TV",38990,photos\AURA\AURA-43FHD-ATV.webp,https://joinelectroniccenter.com/photos/AURA/AURA-43FHD-ATV.webp,,1 Year Comprehensive + 2 Years on Panel,daraz_market,9779851045662
AURA,Television,4K UHD Smart WebOS TV,50 Inch,AURA-50U4K-WOS,"AURA 50"" 4K UHD WebOS Smart TV",59990,photos\AURA\AURA-50U4K-WOS.webp,https://joinelectroniccenter.com/photos/AURA/AURA-50U4K-WOS.webp,,1 Year Comprehensive + 2 Years on Panel,daraz_market,9779851045662
AURA,Television,4K UHD Smart WebOS TV,55 Inch,AURA-55U4K-WOS,"AURA 55"" 4K UHD WebOS Smart TV with Magic Remote",69990,photos\AURA\AURA-55U4K-WOS.webp,https://joinelectroniccenter.com/photos/AURA/AURA-55U4K-WOS.webp,,1 Year Comprehensive + 2 Years on Panel,daraz_market,9779851045662
AURA,Television,television,,AU32S,"Aura 32"" (32 inch) Android Smart TV - AU32S",21500,photos\AURA\AU32S.webp,https://joinelectroniccenter.com/photos/AURA/AU32S.webp,https://static-01.daraz.com.np/p/5b5bb139da74a63a83c38fdd7de46a9b.png,1 Year Seller Warranty,daraz_scrape,9779851045662
AURA,Television,television,,AU43S,"Aura 43"" (43 inch) Android Smart TV - AU43S",36500,photos\AURA\AU43S.webp,https://joinelectroniccenter.com/photos/AURA/AU43S.webp,https://static-01.daraz.com.np/p/b34a05ff0d94071d08f59a44c6a8d0af.png,1 Year Seller Warranty,daraz_scrape,9779851045662
AURA,Washing Machine,washing machine,7,OLFL 8WM,Aura 7 Kg Front Load Washing Machine Comet 4.5 kg Free,55500,photos\AURA\OLFL-8WM.webp,https://joinelectroniccenter.com/photos/AURA/OLFL-8WM.webp,https://np-live-21.slatic.net/kf/S2d420ac9aeb846fdb8b7cb1eade5744ce.jpg,1 year full product & 10 years on motor,daraz_scrape,9779851045662
AURA,Washing Machine,washing machine,7,DL-FLWM8012IVT,Aura 7 Kg Fully Automatic Front Load Washing Machine Comet 4.5 kg Free,55500,photos\AURA\DL-FLWM8012IVT.webp,https://joinelectroniccenter.com/photos/AURA/DL-FLWM8012IVT.webp,https://np-live-21.slatic.net/kf/S6d19fc451de44b87b7d2812fcfc1378cJ.jpg,1 year full parts & 10 years on motor warranty,daraz_scrape,9779851045662
AURA,Washing Machine,washing machine,8,AU8FWM01,Aura 8 KG Front Loading Fully Automatic Washing Machine with Inverter Motor_AU8FWM01,80490,photos\AURA\AU8FWM01.webp,https://joinelectroniccenter.com/photos/AURA/AU8FWM01.webp,https://static-01.daraz.com.np/p/f74575714d9ac096d24765f44ebb8fd5.jpg,1 years Full Services Warranty & 10 years warranty on motor,daraz_scrape,9779851045662
AURA,Washing Machine,washing machine,8,F70265AB,Aura 8 Kg Front Load Washing Machine BLDC Inverter Comet 4.5 kg Free,61500,photos\AURA\F70265AB.webp,https://joinelectroniccenter.com/photos/AURA/F70265AB.webp,https://np-live-21.slatic.net/kf/S0a5140392e394c8b82bfa8d076a373fdm.jpg,1 year full parts & 10 years motor warranty,daraz_scrape,9779851045662
AURA,Washing Machine,washing machine,8,WFQY9014EVJMS,Aura 8 Kg Front Load Washing Machine Comet 4.5 kg Free,61500,photos\AURA\WFQY9014EVJMS.webp,https://joinelectroniccenter.com/photos/AURA/WFQY9014EVJMS.webp,https://np-live-21.slatic.net/kf/Sf7cba8c3bf2e4973b718a6c242550d92a.jpg,1 Year Brand Warranty,daraz_scrape,9779851045662
AURA,Water Dispenser,water dispenser,,AURA-aura-hot-and-normal,aura hot and normal Alkaline Water Purifier,30000,photos\AURA\499255676-NP-2234526331.webp,https://joinelectroniccenter.com/photos/AURA/499255676-NP-2234526331.webp,https://static-01.daraz.com.np/p/f38d552856cfcdfb875c918da9ec7204.png,1 Year Brand Warranty,daraz_scrape,9779851045662
AURA,Water Purifier,water purifier,,Allura Premia,Livpure Allura Premia (RO+UV+UF+Copper+Alk+Mineraliser) Water Purifier,47251,photos\AURA\Allura-Premia.webp,https://joinelectroniccenter.com/photos/AURA/Allura-Premia.webp,https://static-01.daraz.com.np/p/3f4d76e9f3d032896c7ebe4cd71d0c08.jpg,1 Year Seller Warranty,daraz_scrape,9779851045662
Galanz,Washing Machine,Free Standing Dishwasher,12 Place Settings,W45A3A401N-0E0,Galanz 12 Place Settings Freestanding Dishwasher,64990,photos\Galanz\W45A3A401N-0E0.webp,https://joinelectroniccenter.com/photos/Galanz/W45A3A401N-0E0.webp,,1 Year Comprehensive Warranty,local_price_list,9779851045662
Galanz,Washing Machine,Free Standing Dishwasher (Silver Inox),14 Place Settings,W60B1A401S-AE1,Galanz 14 Place Settings Freestanding Dishwasher (Inox),68990,photos\Galanz\W60B1A401S-AE1.webp,https://joinelectroniccenter.com/photos/Galanz/W60B1A401S-AE1.webp,,1 Year Comprehensive Warranty,local_price_list,9779851045662
Himstar,Air Conditioner,air conditioner,2 Ton / 24000 BTU,HA-24IEHWJ/HE,"HIMSTAR 2 Ton Digital Inverter WIFI Air Conditioner AC = HA-24IEHWJ/HE With Cooling & Heating Functionality, Wi-Fi Connectivity and 7 Years  Warranty on Compressor",125790,photos\Himstar\HA-24IEHWJ-HE.webp,https://joinelectroniccenter.com/photos/Himstar/HA-24IEHWJ-HE.webp,https://static-01.daraz.com.np/p/b9c706f6ea9b06ca02a01a5c90f679d3.png,10 Years Brand Warranty,daraz_scrape,9779851045662
Himstar,Air Conditioner,air conditioner,60,HC - 6026,Himstar 60 litre Inverter Compatible Desert with Honeycomb Air Cooler  HC 6026,22190,photos\Himstar\HC-6026.webp,https://joinelectroniccenter.com/photos/Himstar/HC-6026.webp,https://np-live-21.slatic.net/kf/S16653e26f1ff4ba49bbfa388dc2dd9735.jpg,1 Year Brand Warranty,daraz_scrape,9779851045662
Himstar,Air Conditioner,air conditioner,95,Ice King,"Himstar 95 ltr cooler Ice King with high air throw and wide airflow , castrol wheel for industrial purpose",28999,photos\Himstar\Ice-King.webp,https://joinelectroniccenter.com/photos/Himstar/Ice-King.webp,https://static-01.daraz.com.np/p/9d7d2cc9f20be2dc4fd36fa2a7a636e8.jpg,1 Year Brand Warranty,daraz_scrape,9779851045662
Himstar,Air Conditioner,air conditioner,80,HC-80ITUWGJ/AI,Himstar Desert Air Cooler 80 Ltr- Turbo 80,21990,photos\Himstar\HC-80ITUWGJ-AI.webp,https://joinelectroniccenter.com/photos/Himstar/HC-80ITUWGJ-AI.webp,https://static-01.daraz.com.np/p/aa915fcb45ce85be3e8aecbb8a661f98.jpg,1 Year Brand Warranty,daraz_scrape,9779851045662
Himstar,Air Cooler,Desert Cooler,105 Ltr,HC-10526,Himstar 105 Litre Mega Desert Air Cooler HC-10526,22990,photos\Himstar\HC-10526.webp,https://joinelectroniccenter.com/photos/Himstar/HC-10526.webp,,1 Year Motor & Pump Warranty,local_price_list,9779851045662
Himstar,Air Cooler,Desert / Personal Cooler,45 Ltr,HC-4526,Himstar 45 Litre Air Cooler HC-4526,11490,photos\Himstar\HC-4526.webp,https://joinelectroniccenter.com/photos/Himstar/HC-4526.webp,https://himstar.com.np/wp-content/uploads/2023/04/HC-4526.jpg,1 Year Motor & Pump Warranty,local_price_list,9779851045662
Himstar,Air Cooler,Desert Cooler,50 Ltr,HC-5026,Himstar 50 Litre Air Cooler HC-5026,13490,photos\Himstar\HC-5026.webp,https://joinelectroniccenter.com/photos/Himstar/HC-5026.webp,,1 Year Motor & Pump Warranty,local_price_list,9779851045662
Himstar,Air Cooler,Desert Cooler,50 Ltr,HC-5526,Himstar 50 Litre Air Cooler HC-5526,13990,photos\Himstar\HC-5526.webp,https://joinelectroniccenter.com/photos/Himstar/HC-5526.webp,,1 Year Motor & Pump Warranty,local_price_list,9779851045662
Himstar,Air Cooler,Desert Cooler,55 Ltr,HC-6026,Himstar 55 Litre Air Cooler HC-6026,17490,photos\Himstar\HC-6026.webp,https://joinelectroniccenter.com/photos/Himstar/HC-6026.webp,https://himstar.com.np/wp-content/uploads/2023/04/HC-6026.jpg,1 Year Motor & Pump Warranty,local_price_list,9779851045662
Himstar,Air Cooler,Desert Cooler,70 Ltr,HC-8026,Himstar 70 Litre Desert Air Cooler HC-8026,16990,photos\Himstar\HC-8026.webp,https://joinelectroniccenter.com/photos/Himstar/HC-8026.webp,,1 Year Motor & Pump Warranty,local_price_list,9779851045662
Himstar,Air Cooler,Desert Cooler,75 Ltr,HC-7526GK,Himstar 75 Litre Desert Air Cooler HC-7526GK,18990,photos\Himstar\HC-7526GK.webp,https://joinelectroniccenter.com/photos/Himstar/HC-7526GK.webp,,1 Year Motor & Pump Warranty,local_price_list,9779851045662
Himstar,Air Cooler,Desert Cooler,75 Ltr,HC-Supreme,Himstar 75 Litre Supreme Desert Air Cooler,17900,photos\Himstar\HC-Supreme.webp,https://joinelectroniccenter.com/photos/Himstar/HC-Supreme.webp,,1 Year Motor & Pump Warranty,local_price_list,9779851045662
Himstar,Air Cooler,Desert Cooler,85 Ltr,HC-8526,Himstar 85 Litre Heavy Duty Desert Air Cooler HC-8526,19990,photos\Himstar\HC-8526.webp,https://joinelectroniccenter.com/photos/Himstar/HC-8526.webp,,1 Year Motor & Pump Warranty,local_price_list,9779851045662
Himstar,Air Cooler,Desert Cooler,95 Ltr,HC-9526GK,Himstar 95 Litre Commercial Desert Air Cooler HC-9526GK,21490,photos\Himstar\HC-9526GK.webp,https://joinelectroniccenter.com/photos/Himstar/HC-9526GK.webp,,1 Year Motor & Pump Warranty,local_price_list,9779851045662
Himstar,Refrigerator,Bar Fridge,100 L,HR-10SHJ,Himstar 100L Single Door Bar Refrigerator,22990,photos\Himstar\HR-10SHJ.webp,https://joinelectroniccenter.com/photos/Himstar/HR-10SHJ.webp,,1 Year Comprehensive + 5 Years on Compressor,local_price_list,9779851045662
Himstar,Refrigerator,Single Door Direct Cool,170 L,HR-17D71BRK,Himstar 170L Single Door Direct Cool Refrigerator (Burgundy),30990,photos\Himstar\HR-17D71BRK.webp,https://joinelectroniccenter.com/photos/Himstar/HR-17D71BRK.webp,https://himstar.com.np/wp-content/uploads/2023/10/HR-17D71BRK.jpg,1 Year Comprehensive + 5 Years on Compressor,local_price_list,9779851045662
Himstar,Refrigerator,Single Door Direct Cool,170 L,HR-17D71BFK,Himstar 170L Single Door Refrigerator (Blue Floral),31490,photos\Himstar\HR-17D71BFK.webp,https://joinelectroniccenter.com/photos/Himstar/HR-17D71BFK.webp,,1 Year Comprehensive + 5 Years on Compressor,local_price_list,9779851045662
Himstar,Refrigerator,Single Door Direct Cool,170 L,HR-17D71RFK,Himstar 170L Single Door Refrigerator (Red Floral),31490,photos\Himstar\HR-17D71RFK.webp,https://joinelectroniccenter.com/photos/Himstar/HR-17D71RFK.webp,,1 Year Comprehensive + 5 Years on Compressor,local_price_list,9779851045662
Himstar,Refrigerator,Single Door Direct Cool,170 L,HR-17D71SHK,Himstar 170L Single Door Refrigerator (Silver Hairline),30990,photos\Himstar\HR-17D71SHK.webp,https://joinelectroniccenter.com/photos/Himstar/HR-17D71SHK.webp,,1 Year Comprehensive + 5 Years on Compressor,local_price_list,9779851045662
Himstar,Refrigerator,refrigerator,190,HR-21D92SHJ/DX,Himstar 190L Single Door Refrigerator HR-21D92SHJ/DX | 5 Star Energy Rating | Toughened Glass Shelves | Door Lock | 10 Years Compressor Warranty | Metallic Silver,30990,photos\Himstar\HR-21D92SHJ-DX.webp,https://joinelectroniccenter.com/photos/Himstar/HR-21D92SHJ-DX.webp,https://static-01.daraz.com.np/p/755c08f4ebf702c06f18e2d554613d89.png,10 Years Brand Warranty,daraz_scrape,9779851045662
Himstar,Refrigerator,Single Door Direct Cool,205 L,HR-205BRHJ-N,Himstar 205L Single Door Direct Cool Refrigerator (Burgundy Red),29990,photos\Himstar\HR-205BRHJ-N.webp,https://joinelectroniccenter.com/photos/Himstar/HR-205BRHJ-N.webp,,1 Year Comprehensive + 5 Years on Compressor,local_price_list,9779851045662
Himstar,Refrigerator,Single Door Direct Cool,205 L,HR-205BFHK-N,Himstar 205L Single Door Refrigerator (Blue Floral),30990,photos\Himstar\HR-205BFHK-N.webp,https://joinelectroniccenter.com/photos/Himstar/HR-205BFHK-N.webp,,1 Year Comprehensive + 5 Years on Compressor,local_price_list,9779851045662
Himstar,Refrigerator,Single Door Direct Cool,205 L,HR-205RFHK-N,Himstar 205L Single Door Refrigerator (Red Floral),30990,photos\Himstar\HR-205RFHK-N.webp,https://joinelectroniccenter.com/photos/Himstar/HR-205RFHK-N.webp,,1 Year Comprehensive + 5 Years on Compressor,local_price_list,9779851045662
Himstar,Refrigerator,Single Door Direct Cool,210 L,HR-21D92BRI,Himstar 210L Inverter Refrigerator (Burgundy Inverter),33990,photos\Himstar\HR-21D92BRI.webp,https://joinelectroniccenter.com/photos/Himstar/HR-21D92BRI.webp,,1 Year Comprehensive + 10 Years on Inverter Compressor,local_price_list,9779851045662
Himstar,Refrigerator,Single Door Direct Cool,210 L,HR-21D92RFI,Himstar 210L Inverter Refrigerator (Red Floral),33990,photos\Himstar\HR-21D92RFI.webp,https://joinelectroniccenter.com/photos/Himstar/HR-21D92RFI.webp,,1 Year Comprehensive + 10 Years on Inverter Compressor,local_price_list,9779851045662
Himstar,Refrigerator,Single Door Direct Cool,210 L,HR-21D92SHI,Himstar 210L Inverter Single Door Refrigerator (Silver Hairline),33990,photos\Himstar\HR-21D92SHI.webp,https://joinelectroniccenter.com/photos/Himstar/HR-21D92SHI.webp,,1 Year Comprehensive + 10 Years on Inverter Compressor,local_price_list,9779851045662
Himstar,Refrigerator,Single Door Direct Cool,210 L,HR-21D92BFI,Himstar 210L Single Door Inverter Refrigerator (Blue Floral),32990,photos\Himstar\HR-21D92BFI.webp,https://joinelectroniccenter.com/photos/Himstar/HR-21D92BFI.webp,,1 Year Comprehensive + 10 Years on Inverter Compressor,local_price_list,9779851045662
Himstar,Refrigerator,Single Door Direct Cool,210 L,HR-210BHN,Himstar 210L Single Door Refrigerator (Burgundy Hairline),33490,photos\Himstar\HR-210BHN.webp,https://joinelectroniccenter.com/photos/Himstar/HR-210BHN.webp,,1 Year Comprehensive + 5 Years on Compressor,local_price_list,9779851045662
Himstar,Refrigerator,Single Door Direct Cool,210 L,HR-210RHN,Himstar 210L Single Door Refrigerator (Red Hairline),33490,photos\Himstar\HR-210RHN.webp,https://joinelectroniccenter.com/photos/Himstar/HR-210RHN.webp,,1 Year Comprehensive + 5 Years on Compressor,local_price_list,9779851045662
Himstar,Refrigerator,Single Door Direct Cool,220 L,HR-220CRVK-P,Himstar 220L Single Door Refrigerator Premium Chrome,33490,photos\Himstar\HR-220CRVK-P.webp,https://joinelectroniccenter.com/photos/Himstar/HR-220CRVK-P.webp,,1 Year Comprehensive + 5 Years on Compressor,local_price_list,9779851045662
Himstar,Refrigerator,Single Door Direct Cool,220 L,HR-220SRAK-P,Himstar 220L Single Door Refrigerator Silver Ash,33490,photos\Himstar\HR-220SRAK-P.webp,https://joinelectroniccenter.com/photos/Himstar/HR-220SRAK-P.webp,,1 Year Comprehensive + 5 Years on Compressor,local_price_list,9779851045662
Himstar,Refrigerator,Single Door Direct Cool,230 L,HR-23P30BRK,Himstar 230L Large Single Door Refrigerator (Burgundy),39990,photos\Himstar\HR-23P30BRK.webp,https://joinelectroniccenter.com/photos/Himstar/HR-23P30BRK.webp,,1 Year Comprehensive + 5 Years on Compressor,local_price_list,9779851045662
Himstar,Refrigerator,Single Door Direct Cool,230 L,HR-23P30SHK,Himstar 230L Large Single Door Refrigerator (Silver Hairline),40490,photos\Himstar\HR-23P30SHK.webp,https://joinelectroniccenter.com/photos/Himstar/HR-23P30SHK.webp,,1 Year Comprehensive + 5 Years on Compressor,local_price_list,9779851045662
Himstar,Refrigerator,Single Door Direct Cool,230 L,HR-23P30BFK,Himstar 230L Single Door Refrigerator (Blue Floral),40490,photos\Himstar\HR-23P30BFK.webp,https://joinelectroniccenter.com/photos/Himstar/HR-23P30BFK.webp,,1 Year Comprehensive + 5 Years on Compressor,local_price_list,9779851045662
Himstar,Refrigerator,Single Door Direct Cool,230 L,HR-23P30RFK,Himstar 230L Single Door Refrigerator (Red Floral),40490,photos\Himstar\HR-23P30RFK.webp,https://joinelectroniccenter.com/photos/Himstar/HR-23P30RFK.webp,,1 Year Comprehensive + 5 Years on Compressor,local_price_list,9779851045662
Himstar,Refrigerator,Bar Fridge,50 L,HR-50SHJ,Himstar 50L Compact Mini Bar Refrigerator,21990,photos\Himstar\HR-50SHJ.webp,https://joinelectroniccenter.com/photos/Himstar/HR-50SHJ.webp,,1 Year Comprehensive + 5 Years on Compressor,local_price_list,9779851045662
Himstar,Small Home Appliance,Dry Iron,1000W,HI-1901DH,Himstar 1000W Heavyweight Dry Iron,1290,photos\Himstar\HI-1901DH.webp,https://joinelectroniccenter.com/photos/Himstar/HI-1901DH.webp,,1 Year Warranty,local_price_list,9779851045662
Himstar,Small Home Appliance,Storage Geyser (Stainless Steel Tank),15 Litre,HG-15SSWGI/MI,Himstar 15L Atlantic Stainless Steel Water Geyser,13490,,,,1 Year on Product + 5 Years on Tank,local_price_list,9779851045662
Himstar,Small Home Appliance,Digital Glassline Storage Geyser,15 Litre,HG-15DIGLI/MI,Himstar 15L Auatic Digital Glassline Geyser,15490,,,,2 Years on Product + 7 Years on Glassline Tank,local_price_list,9779851045662
Himstar,Small Home Appliance,Stand Fan / Farrata,16 Inch Bullet Farrata,HS-16FARRATA,"Himstar 16"" High Speed Bullet Farrata Stand Fan",4400,photos\Himstar\HS-16FARRATA.webp,https://joinelectroniccenter.com/photos/Himstar/HS-16FARRATA.webp,,1 Year Warranty,local_price_list,9779851045662
Himstar,Small Home Appliance,Remote Stand Fan,18 Inch Remote,HS-18SRBI/FI,"Himstar 18"" Remote Standing Fan",4600,,,,1 Year Warranty,local_price_list,9779851045662
Himstar,Small Home Appliance,Drum Vacuum Cleaner,18 Litre / 1800W,HV-18828WRH/SE,Himstar 1800W Drum Vacuum Cleaner,9990,,,,1 Year Warranty,local_price_list,9779851045662
Himstar,Small Home Appliance,Fan Room Heater,2000W,HS-2000ARHJ/JE,Himstar 2000W Fan Room Heater,1650,,,,1 Year Warranty,local_price_list,9779851045662
Himstar,Small Home Appliance,Drum Vacuum Cleaner,22 Litre / 2200W,HV-22703ADH/SE,Himstar 2200W Heavy Drum Vacuum Cleaner,13490,,,,1 Year Warranty,local_price_list,9779851045662
Himstar,Small Home Appliance,Storage Geyser (Stainless Steel Tank),25 Litre,HG-25SSWGI/MI,Himstar 25L Atlantic Stainless Steel Water Geyser,14990,,,,1 Year on Product + 5 Years on Tank,local_price_list,9779851045662
Himstar,Small Home Appliance,Digital Glassline Storage Geyser,25 Litre,HG-25DIGLI/MI,Himstar 25L Auatic Digital Glassline Geyser,16990,,,,2 Years on Product + 7 Years on Glassline Tank,local_price_list,9779851045662
Himstar,Small Home Appliance,Glassline Storage Geyser,25 Litre,HG-25GLWGI/MI,Himstar 25L Auatic Glassline Tank Water Geyser,15490,,,,2 Years on Product + 7 Years on Glassline Tank,local_price_list,9779851045662
Himstar,Small Home Appliance,Halogen Heater,3 Rods 1200W,HS-1212RHJ/JE,Himstar 3-Rod Halogen Room Heater (Oscillating),2600,,,,1 Year Warranty,local_price_list,9779851045662
Himstar,Small Home Appliance,Digital Glassline Storage Geyser,35 Litre,HG-35DIGLI/MI,Himstar 35L Auatic Digital Glassline Geyser,18990,,,,2 Years on Product + 7 Years on Glassline Tank,local_price_list,9779851045662
Himstar,Small Home Appliance,Electric Pressure Cooker,3 Litre,HK-303EPI/ZA,Himstar 3L Digital Electric Pressure Cooker,6800,,,,1 Year Comprehensive Warranty,local_price_list,9779851045662
Himstar,Small Home Appliance,Mixer Blender,4 Jars,HL-4002MGD/EE,Himstar 4-Jar Mixer Blender HL-4002MGD,5490,,,,1 Year Warranty,local_price_list,9779851045662
Himstar,Small Home Appliance,Ceiling Fan,48 Inch (1200mm),HC-48CHBK/DA,"Himstar 48"" Ceiling Fan (Black)",2690,,,,2 Years Motor Warranty,local_price_list,9779851045662
Himstar,Small Home Appliance,Electric Pressure Cooker,4 Litre,HK-4K2EPI/ZA,Himstar 4L Digital Electric Pressure Cooker,7200,,,,1 Year Comprehensive Warranty,local_price_list,9779851045662
Himstar,Small Home Appliance,Electric Pressure Cooker,4 Litre,HK-4K1EPI/ZA,Himstar 4L Smart Electric Pressure Cooker,7200,,,,1 Year Comprehensive Warranty,local_price_list,9779851045662
Himstar,Small Home Appliance,Electric Pressure Cooker,6 Litre,HK-6K1EPI/ZA,Himstar 6L Digital Electric Pressure Cooker (Bronze),8500,,,,1 Year Comprehensive Warranty,local_price_list,9779851045662
Himstar,Small Home Appliance,Electric Pressure Cooker,6 Litre,HK-6K2EPI/ZA,Himstar 6L Digital Electric Pressure Cooker (Silver),8500,,,,1 Year Comprehensive Warranty,local_price_list,9779851045662
Himstar,Small Home Appliance,Electric Pressure Cooker,8 Litre,HK-8K2EPI/ZA,Himstar 8L Jumbo Electric Pressure Cooker,9900,,,,1 Year Comprehensive Warranty,local_price_list,9779851045662
Himstar,Small Home Appliance,Food Processor,All-in-one,HK-1001FPD/EE,Himstar All-in-One Food Processor HK-1001FPD,12990,,,,1 Year Warranty,local_price_list,9779851045662
Himstar,Small Home Appliance,Heavy Dry Iron,1000W,HI-10HAP1J/EK,Himstar Heavy Weight Deluxe Iron,1990,,,,1 Year Warranty,local_price_list,9779851045662
Himstar,Small Home Appliance,Mixer Grinder,3 Jars,HG-75ERMJJ/AI (JUMBO),Himstar Jumbo 750W Heavy Duty Mixer Grinder,5990,,,,1 Year on Product + 2 Years on Motor,local_price_list,9779851045662
Himstar,Small Home Appliance,Mixer Grinder,3 Jars,HG-65LEMTJ/AI (TURBO),Himstar Turbo 650W Mixer Grinder (3 Jars),4490,,,,1 Year Warranty,local_price_list,9779851045662
Himstar,Small Home Appliance,Mixer Grinder,3 Jars,HG-50MAMUJ/AI (ULTRA),Himstar Ultra 500W Mixer Grinder (3 Jars),3690,,,,1 Year Warranty,local_price_list,9779851045662
Himstar,Television,television,,HT-32SFE0NI/VI,Himstar 32 inch smart tv HT-32SFE0NI/VI,33990,photos\Himstar\HT-32SFE0NI-VI.webp,https://joinelectroniccenter.com/photos/Himstar/HT-32SFE0NI-VI.webp,https://static-01.daraz.com.np/p/17c320b948d9ae5d59b401df794cf8d8.jpg,"If your product does not come with any warranty, then you can still benefit from our return policy. Please read the return policy conditions here .",daraz_scrape,9779851045662
Himstar,Television,HD Smart TV,32 Inch,HT-32HT2SDJ/KY,"Himstar 32"" Smart Google TV Frameless",23990,,,,1 Year Comprehensive + 2 Years on Panel,local_price_list,9779851045662
Himstar,Television,television,,43FKDZSDF/KK,Himstar 43 inch HD Smart Television - HT-43FKDZSDF/KK,58990,photos\Himstar\131999111-NP-1114804210.webp,https://joinelectroniccenter.com/photos/Himstar/131999111-NP-1114804210.webp,https://static-01.daraz.com.np/p/1f2c7c9fa55b7e50b0a4ffa9626badee.png,10 Years Brand Warranty,daraz_scrape,9779851045662
Himstar,Television,4K UHD Smart TV,43 Inch,HT-43UT2SDJ/KY,"Himstar 43"" 4K UHD Google Smart TV",54990,,,,1 Year Comprehensive + 2 Years on Panel,local_price_list,9779851045662
Himstar,Television,television,,HT-55QT2SDJ,Himstar 55 Inch QLED Smart Television HT-55QT2SDJ | 4K Ultra HD Display | Smart Whale OS | Powerful Quad-Core Processor | Energy Saving Design | Free Installation Service | 3 Years Warranty,85600,photos\Himstar\HT-55QT2SDJ.webp,https://joinelectroniccenter.com/photos/Himstar/HT-55QT2SDJ.webp,https://static-01.daraz.com.np/p/990fe86d12b4e5e31f5247efc0b9fbbc.png,3 Years Brand Warranty,daraz_scrape,9779851045662
Himstar,Television,4K UHD Smart TV,55 Inch,HT-55U4KSBK/EK,"Himstar 55"" 4K UHD Smart Google TV",89990,,,,1 Year Comprehensive + 2 Years on Panel,local_price_list,9779851045662
Himstar,Television,QLED 4K Smart TV,55 Inch,HT-55QT2SDJ/KY,"Himstar 55"" QLED 4K Google Smart TV",92990,,,,1 Year Comprehensive + 2 Years on Panel,local_price_list,9779851045662
Himstar,Television,Mini LED 4K Smart TV,65 Inch,HT-65MT2SDJ/KY,"Himstar 65"" Mini LED 4K Google Smart TV",164990,,,,1 Year Comprehensive + 2 Years on Panel,local_price_list,9779851045662
Himstar,Television,QLED 4K Smart TV,65 Inch,HT-65QT2SDJ/KY,"Himstar 65"" QLED 4K Google Smart TV",122990,,,,1 Year Comprehensive + 2 Years on Panel,local_price_list,9779851045662
Himstar,Washing Machine,washing machine,7,HW-75FXQUTI/GZ,HImstar 7kg Washing Machine -HW-75FXQUTI/GZ,49290,photos\Himstar\HW-75FXQUTI-GZ.webp,https://joinelectroniccenter.com/photos/Himstar/HW-75FXQUTI-GZ.webp,https://np-live-21.slatic.net/kf/Sa0c9817322134fe6a5b0d3a1ffe50a6f0.jpg,5 Years Brand Warranty,daraz_scrape,9779851045662
Himstar,Washing Machine,washing machine,10,10FBWA2DTK/NJ,Himstar 10 kg washing machine Direct Drive inverter dd motor 10FBWA2DTK/NJ,99999,photos\Himstar\10FBWA2DTK-NJ.webp,https://joinelectroniccenter.com/photos/Himstar/10FBWA2DTK-NJ.webp,https://static-01.daraz.com.np/p/76e37e7e8ecd4acabf64881954e8cac2.jpg,10 Years Brand Warranty,daraz_scrape,9779851045662
Himstar,Washing Machine,washing machine,8,HWFAW82ITK/NJ,"Himstar 8 kg fully Automatic Front Load  Washing Machine - HWFAW82ITK/NJ ENERGY SAVING , STEAM WASH ,STORM WASH ( latest model 2026)",81999,photos\Himstar\HWFAW82ITK-NJ.webp,https://joinelectroniccenter.com/photos/Himstar/HWFAW82ITK-NJ.webp,https://static-01.daraz.com.np/p/4185cf69ffbd4057a85f74ebfbe952f9.png,10 Years Brand Warranty,daraz_scrape,9779851045662
Himstar,Washing Machine,washing machine,8,HW-80FAW82ITK/NJ,Himstar 8KG Inverter Motor Front Load Fully Automatic Washing Machine | HW-80FAW82ITK/NJ | 1200RPM Fast Spin Dry | LED Touch Panel | 11 Wash Programs | Delay Start | Child Lock | Energy Efficient,74990,photos\Himstar\HW-80FAW82ITK-NJ.webp,https://joinelectroniccenter.com/photos/Himstar/HW-80FAW82ITK-NJ.webp,https://static-01.daraz.com.np/p/ade8b28064cc4f80b1cc5c8a168be162.png,10 Years Brand Warranty,daraz_scrape,9779851045662
Himstar,Water Dispenser,Floor Standing Dispenser with Refrigerator,"Hot, Cold & Cabinet Fridge",HW-HCN95LSG/LE,Himstar 3-in-1 Water Dispenser with Mini Refrigerator,14790,,,,1 Year Warranty,local_price_list,9779851045662
Himstar,Water Dispenser,Floor Standing Dispenser,Hot & Cold,HW-HN22LSG/LE,Himstar Floor Standing Hot & Cold Water Dispenser,9590,,,,1 Year Warranty,local_price_list,9779851045662
Himstar,Water Dispenser,Tabletop Water Dispenser,Hot & Normal,HW-HN19TTG/LE,Himstar Tabletop Hot & Normal Water Dispenser,5190,,,,1 Year Warranty,local_price_list,9779851045662
Hitachi,Air Conditioner,air conditioner,1.5 Ton / 18000 BTU,HF-18BT627CH,HITACHI 1.5 Ton Wall Mount Split Air Conditioner,87719,photos\Hitachi\HF-18BT627CH.webp,https://joinelectroniccenter.com/photos/Hitachi/HF-18BT627CH.webp,https://static-01.daraz.com.np/p/d1baaa2c5e7270ab1b508fdbe6c4b639.jpg,5 Years Brand Warranty,daraz_scrape,9779851045662
Hitachi,Air Conditioner,air conditioner,1.5 Ton / 18000 BTU,RSRG517HEXA,Hitachi 1.5 Ton  Inverter Air Conditioner,128105,photos\Hitachi\RSRG517HEXA.webp,https://joinelectroniccenter.com/photos/Hitachi/RSRG517HEXA.webp,https://static-01.daraz.com.np/p/9ad2ede3b39411553ef00be006b5c3fc.jpg,10 Years Brand Warranty,daraz_scrape,9779851045662
Hitachi,Air Conditioner,Inverter Split AC (Hot & Cold),1.5 Ton,RAS-X18CAT,Hitachi 1.5 Ton Kashikoi Inverter Split AC (FrostWash),149990,photos\Hitachi\RAS-X18CAT.webp,https://joinelectroniccenter.com/photos/Hitachi/RAS-X18CAT.webp,,1 Year Comprehensive + 5 Years on Inverter PCB + 10 Years on Compressor,daraz_market,9779851045662
Hitachi,Air Conditioner,air conditioner,2 Ton / 24000 BTU,RMRG422HFXO,Hitachi 2.0 Ton Inverter Split Air Conditioner - KIYORA-RMRG422HFXO,156863,photos\Hitachi\RMRG422HFXO.webp,https://joinelectroniccenter.com/photos/Hitachi/RMRG422HFXO.webp,https://static-01.daraz.com.np/p/9ad2ede3b39411553ef00be006b5c3fc.jpg,10 Years Brand Warranty,daraz_scrape,9779851045662
Hitachi,Air Conditioner,air conditioner,1 Ton / 12000 BTU,RSPG512HEXA,Hitachi Kiyora 1.0 Ton Inverter Split Air Conditioner RSPG512HEXA,98039,photos\Hitachi\RSPG512HEXA.webp,https://joinelectroniccenter.com/photos/Hitachi/RSPG512HEXA.webp,https://static-01.daraz.com.np/p/60f9666d4e09ef3e5113248d2e2cb7f8.jpg,10 Years Brand Warranty,daraz_scrape,9779851045662
Hitachi,Refrigerator,refrigerator,455,HR4N7522DSXSG,HITACHI REFRIGERATOR HR4N7522DSXSG 455L,159477,photos\Hitachi\HR4N7522DSXSG.webp,https://joinelectroniccenter.com/photos/Hitachi/HR4N7522DSXSG.webp,https://static-01.daraz.com.np/p/644b3d64d2f5d116656afa9cb2149c34.png,1 Year Brand Warranty,daraz_scrape,9779851045662
Hitachi,Refrigerator,Double Door Inverter Refrigerator,366 L,R-VG400PND8,Hitachi 366L Stylish Glass Double Door Refrigerator (Glass Black),115000,photos\Hitachi\R-VG400PND8.webp,https://joinelectroniccenter.com/photos/Hitachi/R-VG400PND8.webp,,1 Year Comprehensive + 10 Years on Compressor,daraz_market,9779851045662
Hitachi,Refrigerator,French Bottom Freezer Refrigerator,540 L,R-WB640VND0,Hitachi 540L 4-Door French Bottom Freezer Refrigerator (Glass Black),299990,photos\Hitachi\R-WB640VND0.webp,https://joinelectroniccenter.com/photos/Hitachi/R-WB640VND0.webp,,1 Year Comprehensive + 10 Years on Inverter Compressor,daraz_market,9779851045662
Hitachi,Refrigerator,Side by Side Refrigerator,595 L,R-SX800GND0,Hitachi 595L Side-by-Side Inverter Refrigerator (Mirror Glass),275000,photos\Hitachi\R-SX800GND0.webp,https://joinelectroniccenter.com/photos/Hitachi/R-SX800GND0.webp,,1 Year Comprehensive + 10 Years on Compressor,daraz_market,9779851045662
Hitachi,Refrigerator,refrigerator,525,HRSN9552DDXSG,Hitachi HRSN9552DDXSG Refrigerator Side by Side Refrigerator (525L),165359,photos\Hitachi\HRSN9552DDXSG.webp,https://joinelectroniccenter.com/photos/Hitachi/HRSN9552DDXSG.webp,https://static-01.daraz.com.np/p/ac2872970a31a1ecddb0397e7b39f6da.jpg,1 Year Brand Warranty,daraz_scrape,9779851045662
Hitachi,Refrigerator,refrigerator,275,HRTN5275MFPSVKH,Hitachi HRTN5275MFPSVKH  Double Door Inverter Refrigerator (275L),78431,photos\Hitachi\HRTN5275MFPSVKH.webp,https://joinelectroniccenter.com/photos/Hitachi/HRTN5275MFPSVKH.webp,https://static-01.daraz.com.np/p/c059b612fd115fabed347539113cd934.jpg,1 Year Brand Warranty,daraz_scrape,9779851045662
Hitachi,Refrigerator,refrigerator,180,HF-180GLC,Single Door Refrigerator 180L HF-180GLC,34102,photos\Hitachi\HF-180GLC.webp,https://joinelectroniccenter.com/photos/Hitachi/HF-180GLC.webp,https://static-01.daraz.com.np/p/889f8081a71e19eb20ac5afee1b8080a.jpg,5 Years Brand Warranty,daraz_scrape,9779851045662
Hitachi,Refrigerator,refrigerator,190,HF-193CSBL,Single Door Refrigerator 190L HF-193CSBL,35734,photos\Hitachi\HF-193CSBL.webp,https://joinelectroniccenter.com/photos/Hitachi/HF-193CSBL.webp,https://static-01.daraz.com.np/p/1dd67468d67ad8e341c4fe4e2e3ffc94.jpg,10 Years Brand Warranty,daraz_scrape,9779851045662
Hitachi,Small Home Appliance,Heavy Duty Drum Vacuum Cleaner,21 Litre / 2100W,CV-950Y,Hitachi 2100W Heavy Duty Metal Body Drum Vacuum Cleaner,26500,photos\Hitachi\CV-950Y.webp,https://joinelectroniccenter.com/photos/Hitachi/CV-950Y.webp,,1 Year Comprehensive Warranty,daraz_market,9779851045662
Livpure,Air Cooler,air cooler,60 L,Multicool 60L,LIVPURE MULTICOOL 60 L MINI DESERT AIR COOLER,22800,photos\Livpure\Multicool-60L.webp,https://joinelectroniccenter.com/photos/Livpure/Multicool-60L.webp,https://static-01.daraz.com.np/p/3dafd4957ca54ae80b6e5940ea7275c3.png,1 Year Seller Warranty,daraz_scrape,9779851045662
Livpure,Air Cooler,air cooler,,Livpure-Livpure-Glitz-Pure-R,Livpure Glitz Pure RO+UF+ Mineraliser Water Purifier,32999,photos\Livpure\128922248-NP-1036852690.webp,https://joinelectroniccenter.com/photos/Livpure/128922248-NP-1036852690.webp,https://static-01.daraz.com.np/p/e254465b6d60978a7003d99ce68d0892.jpg,1 years Full Services Warranty,daraz_scrape,9779851045662
Livpure,Air Cooler,air cooler,65,LIVFREE 65L,Livpure LIVFREE Desert Air Cooler 65 L,23840,photos\Livpure\LIVFREE-65L.webp,https://joinelectroniccenter.com/photos/Livpure/LIVFREE-65L.webp,https://static-01.daraz.com.np/p/ba28fd1aa87b3e66b7e290de081ac703.png,1 Year Seller Warranty,daraz_scrape,9779851045662
Livpure,Air Cooler,air cooler,85,LIVFREE 85L,Livpure LIVFREE Desert Air Cooler 85 L,27575,photos\Livpure\LIVFREE-85L.webp,https://joinelectroniccenter.com/photos/Livpure/LIVFREE-85L.webp,https://static-01.daraz.com.np/p/1ca3504fc371082dce4d67417d3891c8.png,1 Year Seller Warranty,daraz_scrape,9779851045662
Livpure,Air Cooler,air cooler,65,LP-AC-LF65LD,Livpure Livfree 65 Liters Desert Air Cooler,19500,photos\Livpure\LP-AC-LF65LD.webp,https://joinelectroniccenter.com/photos/Livpure/LP-AC-LF65LD.webp,https://np-live-21.slatic.net/kf/Sc4e8a41bd7344af8bdb5451e81bfcae2c.jpg,1 Year Brand Warranty,daraz_scrape,9779851045662
Livpure,Air Cooler,air cooler,58,Magnakool 58L,Livpure Magnakool Tower Air Cooler- 58L,20500,photos\Livpure\Magnakool-58L.webp,https://joinelectroniccenter.com/photos/Livpure/Magnakool-58L.webp,https://static-01.daraz.com.np/p/026bda792f6a783ace3360cf91ee6daa.png,1 Year Seller Warranty,daraz_scrape,9779851045662
Livpure,Air Cooler,air cooler,35,Chill 35L,Livpure Personal Air Cooler Chill 35 L,14700,photos\Livpure\Chill-35L.webp,https://joinelectroniccenter.com/photos/Livpure/Chill-35L.webp,https://static-01.daraz.com.np/p/a82235fa117f0966e3698b079584ed71.jpg,1 Year Seller Warranty,daraz_scrape,9779851045662
Livpure,Small Home Appliance,Curved Glass Auto Clean Chimney,90 cm (1400 m3/hr),LIVPURE ADOR 90,Livpure Ador 90cm Auto-Clean Kitchen Chimney,40500,,,,1 Year Comprehensive + 5 Years on Motor,local_price_list,9779851045662
Livpure,Small Home Appliance,Slant / Angular Chimney,90 cm (1500 m3/hr),LIVPURE DRIFT 90,Livpure Drift 90cm Angular Slant Auto-Clean Chimney,49500,,,,1 Year Comprehensive + 5 Years on Motor,local_price_list,9779851045662
Livpure,Small Home Appliance,T-Shape Auto Clean Chimney,90 cm (1300 m3/hr),LIVPURE ETHER 90,Livpure Ether 90cm Motion Sensor Auto-Clean Chimney,40000,,,,1 Year Comprehensive + 5 Years on Motor,local_price_list,9779851045662
Livpure,Small Home Appliance,Curved Glass Auto Clean Chimney,90 cm (1200 m3/hr),LIVPURE SWIRL 90,Livpure Swirl 90cm Curved Glass Chimney,36000,,,,1 Year Comprehensive + 5 Years on Motor,local_price_list,9779851045662
Livpure,Water Dispenser,water dispenser,15,Bolt+ Copper,Livpure Bolt+ Copper,34999,photos\Livpure\Bolt-Copper.webp,https://joinelectroniccenter.com/photos/Livpure/Bolt-Copper.webp,https://static-01.daraz.com.np/p/bab7ddb8fb5ad06730bd942780b67554.png,1 Year Seller Warranty,daraz_scrape,9779851045662
Livpure,Water Dispenser,water dispenser,,Livpure-Livpure-Platino---Co,Livpure Platino + Copper (RO+UV +UF + Mineraliliser) Water Purifier,46199,photos\Livpure\105458463-NP-1027177666.webp,https://joinelectroniccenter.com/photos/Livpure/105458463-NP-1027177666.webp,https://static-01.daraz.com.np/p/11892576f5d68dfe534a9257f4e4cd73.jpg,1 Year Brand Warranty,daraz_scrape,9779851045662
Livpure,Water Dispenser,water dispenser,,Livpure-Livpure-Platino--Cop,Livpure Platino+ Copper,43999,photos\Livpure\105533989-NP-1027340541.webp,https://joinelectroniccenter.com/photos/Livpure/105533989-NP-1027340541.webp,https://static-01.daraz.com.np/p/93dfcd7b4a4d86edb9e4fa5de764e4d0.jpg,1 Year Seller Warranty,daraz_scrape,9779851045662
Livpure,Water Dispenser,water dispenser,6.5 L,RO +UV +UF +Taste Enhancer,"Livpure Zinger  Copper Hot (RO +UV +UF +Taste Enhancer ) 6.5 L tank-White, 15 LPH Water Purifier",58121,photos\Livpure\RO-UV-UF-Taste-Enhancer.webp,https://joinelectroniccenter.com/photos/Livpure/RO-UV-UF-Taste-Enhancer.webp,https://static-01.daraz.com.np/p/86c17a046c9883c221c4b98bc9e37180.png,"If your product does not come with any warranty, then you can still benefit from our return policy. Please read the return policy conditions here .",daraz_scrape,9779851045662
Livpure,Water Dispenser,water dispenser,,Livpure-Livpure-Zinger-Coppe,Livpure Zinger Copper Hot Water Purifier,55399,photos\Livpure\122018617-NP-1033174400.webp,https://joinelectroniccenter.com/photos/Livpure/122018617-NP-1033174400.webp,https://static-01.daraz.com.np/p/c0335a7020463715bc80582765b4a153.png,1 Year Brand Warranty,daraz_scrape,9779851045662
Livpure,Water Dispenser,water dispenser,,Livpure-Livpure-blot-copper,Livpure blot copper (RO + UV + Mineraliser) Water Purifier,36749,photos\Livpure\105470475-NP-1027183584.webp,https://joinelectroniccenter.com/photos/Livpure/105470475-NP-1027183584.webp,https://static-01.daraz.com.np/p/fa22c052ea23026dd5b7649ee5ee0940.jpg,"1 year warranty on manufactures defects ,Physical Damage Not Applicable",daraz_scrape,9779851045662
Livpure,Water Purifier,water purifier,8 L,LI614EL1938Q8NAFAMZ-63006,"Livpure  8 Ltr Water Purifier Envy Alkaline, Ro+UV+UF+Taste Enhancer",33899,photos\Livpure\LI614EL1938Q8NAFAMZ-63006.webp,https://joinelectroniccenter.com/photos/Livpure/LI614EL1938Q8NAFAMZ-63006.webp,https://static-01.daraz.com.np/p/3122de090fc166adda8d989c31b72acf.png,1 Year Brand Warranty,daraz_scrape,9779851045662
Livpure,Water Purifier,RO+UV Premium,7 Litre,LIVPURE ALLURA PREMIA,Livpure Allura Premia RO+UV+Mineralizer Water Purifier,44999,,,,1 Year Comprehensive Warranty,local_price_list,9779851045662
Livpure,Water Purifier,water purifier,,Livpure-Livpure-Bolt--Copper,Livpure Bolt+ Copper (Ro+Uv+Mineraliser) Water Purifier,36749,photos\Livpure\129112937-NP-1037142172.webp,https://joinelectroniccenter.com/photos/Livpure/129112937-NP-1037142172.webp,https://static-01.daraz.com.np/p/1ef9f35ac88ed4c4e26a01e6f1c83dd9.jpg,1 Year Seller Warranty,daraz_scrape,9779851045662
Livpure,Water Purifier,RO+UV+Mineraliser,7 Litre Storage,LIVPURE BOLT+COPPER,Livpure Bolt+ Copper RO+UV+Mineralizer Water Purifier,34999,,,,1 Year Comprehensive Warranty,local_price_list,9779851045662
Livpure,Water Purifier,water purifier,,Livpure-Livpure-Bolt--Copper-2,"Livpure Bolt+ Copper, Water Purifier (RO+UV+Mineraliser+Copper 29)",36749,photos\Livpure\128433582-NP-1035917002.webp,https://joinelectroniccenter.com/photos/Livpure/128433582-NP-1035917002.webp,https://static-01.daraz.com.np/p/095c8d72d827fc057d04671b005c116d.jpg,1 Year Brand Warranty,daraz_scrape,9779851045662
Livpure,Water Purifier,Alkaline RO+UV,7 Litre,LIVPURE ENVY ALKALINE,Livpure Envy Alkaline RO+UV Water Purifier,33899,,,,1 Year Comprehensive Warranty,local_price_list,9779851045662
Livpure,Water Purifier,water purifier,,TDS,Livpure Envy Alkaline RO+UV+UF+Smart TDS Adjuster+Alkaliser Water Purifier,35599,photos\Livpure\128918221-NP-1036851203.webp,https://joinelectroniccenter.com/photos/Livpure/128918221-NP-1036851203.webp,https://static-01.daraz.com.np/p/4c28a0d249161b7dfe42eb1d85ccf88d.jpg,1 years Full Services Warranty,daraz_scrape,9779851045662
Livpure,Water Purifier,water purifier,,Livpure-Livpure-Glitz-Silver,Livpure Glitz Silver (Ro+Uf+Mineraliser) Water Purifier,32999,photos\Livpure\129120267-NP-1037144117.webp,https://joinelectroniccenter.com/photos/Livpure/129120267-NP-1037144117.webp,https://static-01.daraz.com.np/p/434fde31c23ee4e42032bd4ce019a18a.jpg,1 Year Seller Warranty,daraz_scrape,9779851045662
Livpure,Water Purifier,RO+UV+UF,7 Litre,LIVPURE GLITZ SILVER,Livpure Glitz Silver RO+UV+UF Water Purifier,32999,,,,1 Year Comprehensive Warranty,local_price_list,9779851045662
Livpure,Water Purifier,water purifier,,Livpure-Livpure-Platino--Cop-2,Livpure Platino+ Copper (Ro+Uv+Uf+Mineraliser) Water Purifier,46199,photos\Livpure\129119248-NP-1037142170.webp,https://joinelectroniccenter.com/photos/Livpure/129119248-NP-1037142170.webp,https://static-01.daraz.com.np/p/2382603df3b03e555bff24bea1da7932.jpg,1 Year Seller Warranty,daraz_scrape,9779851045662
Livpure,Water Purifier,RO+UV Copper Platino,8.5 Litre,LIVPURE PLATINO+COPPER,Livpure Platino+ Copper 8.5L Water Purifier,43999,,,,1 Year Comprehensive Warranty,local_price_list,9779851045662
Livpure,Water Purifier,water purifier,8.5 L,Platino+,Livpure Platino+ copper 8.5 ltrs (R0+Uv+Uf+Mineraliser) Water Purifier,46199,photos\Livpure\Platino.webp,https://joinelectroniccenter.com/photos/Livpure/Platino.webp,https://static-01.daraz.com.np/p/c1c18bfa3ce29a1e3d2968f18c857a2e.jpg,1 Year Brand Warranty,daraz_scrape,9779851045662
Livpure,Water Purifier,water purifier,,Sereno,Livpure Sereno - SS RO+UV+UF Water Purifier with Copper & Mineral Technology,49999,photos\Livpure\Sereno.webp,https://joinelectroniccenter.com/photos/Livpure/Sereno.webp,https://static-01.daraz.com.np/p/db6d75ee39ebba27c91dcb9fffd0e6a3.jpg,1 Year Seller Warranty,daraz_scrape,9779851045662
Livpure,Water Purifier,Under The Counter (UTC),8 Litre Hydrostatic,LIVPURE UTC NEON PLUS,Livpure UTC Neon Plus Under-the-Counter RO Purifier,40599,,,,1 Year Comprehensive Warranty,local_price_list,9779851045662
Livpure,Water Purifier,RO+UV Hot & Ambient,8 Litre (With Instant Hot Water),LIVPURE ZINGER HOT,Livpure Zinger Hot RO+UV+Mineralizer with Instant Warm/Hot Water,55399,,,,1 Year Comprehensive Warranty,local_price_list,9779851045662
Miriza,Air Cooler,Personal / Room Cooler,40 Ltr,MIRIZA-40L-COOL,Miriza 40 Litre Turbo Room Air Cooler,10990,photos\Miriza\MIRIZA-40L-COOL.webp,https://joinelectroniccenter.com/photos/Miriza/MIRIZA-40L-COOL.webp,,1 Year Motor Warranty,daraz_market,9779851045662
Miriza,Air Cooler,Desert Air Cooler,70 Ltr,MIRIZA-70L-DESERT,Miriza 70 Litre Heavy Duty Desert Air Cooler,16500,photos\Miriza\MIRIZA-70L-DESERT.webp,https://joinelectroniccenter.com/photos/Miriza/MIRIZA-70L-DESERT.webp,,1 Year Motor Warranty,daraz_market,9779851045662
Miriza,Television,HD Smart TV,32 Inch,MIRIZA-32-HDGTV,"Miriza 32"" Frameless HD Smart Google TV",18990,photos\Miriza\MIRIZA-32-HDGTV.webp,https://joinelectroniccenter.com/photos/Miriza/MIRIZA-32-HDGTV.webp,,1 Year Comprehensive + 2 Years on Panel,daraz_market,9779851045662
Miriza,Television,FHD Smart Google TV,43 Inch,MIRIZA-43-FHDGTV,"Miriza 43"" Full HD Smart Google TV",37990,photos\Miriza\MIRIZA-43-FHDGTV.webp,https://joinelectroniccenter.com/photos/Miriza/MIRIZA-43-FHDGTV.webp,,1 Year Comprehensive + 2 Years on Panel,daraz_market,9779851045662
Miriza,Television,4K UHD Smart Google TV,55 Inch,MIRIZA-55-4KGTV,"Miriza 55"" 4K UHD Smart Google TV (Frameless)",66990,photos\Miriza\MIRIZA-55-4KGTV.webp,https://joinelectroniccenter.com/photos/Miriza/MIRIZA-55-4KGTV.webp,,1 Year Comprehensive + 2 Years on Panel,daraz_market,9779851045662
Panasonic,Air Conditioner,air conditioner,1 Ton / 12000 BTU,1 ton on/off,DELLA 1 Ton Air Conditioner Wall Mount Split Type,59990,photos\Panasonic\1-ton-on-off.webp,https://joinelectroniccenter.com/photos/Panasonic/1-ton-on-off.webp,https://np-live-21.slatic.net/kf/Scfe06deb51d04fefb41d52c05f642018C.jpg,1 Year Brand Warranty,daraz_scrape,9779851045662
Panasonic,Air Conditioner,air conditioner,1 Ton / 12000 BTU,CS/CU-KZ12XKY,Panasonic 1 Ton Copper Inverter Split AC CS/CU-KZ12YKY-8 - Big Digital,117000,photos\Panasonic\CS-CU-KZ12XKY.webp,https://joinelectroniccenter.com/photos/Panasonic/CS-CU-KZ12XKY.webp,https://static-01.daraz.com.np/p/7e94c67d1cabaa81930beed43727c24b.png,10 Years Brand Warranty,daraz_scrape,9779851045662
Panasonic,Air Conditioner,Inverter Split AC (Hot & Cold),1.5 Ton,CS/CU-HZ18XKY,Panasonic 1.5 Ton Twin Cool Inverter Split AC (nanoe-X),128990,,,,1 Year Comprehensive + 5 Years on PCB + 10 Years on Compressor,daraz_market,9779851045662
Panasonic,Refrigerator,refrigerator,260,NR-TH271BPAX,Panasonic 260 Litres Double Door Refrigerators in Ocean Blue NR-TH271BPAX - Big Digital,60131,photos\Panasonic\NR-TH271BPAX.webp,https://joinelectroniccenter.com/photos/Panasonic/NR-TH271BPAX.webp,https://static-01.daraz.com.np/p/7dbf70c364678c8fdb1f17fbc6e0d32b.png,1 Year Brand Warranty,daraz_scrape,9779851045662
Panasonic,Refrigerator,Double Door Inverter Refrigerator,260 L,NR-MB260VSPN,Panasonic 260L Double Door Inverter Refrigerator,63990,photos\Panasonic\NR-MB260VSPN.webp,https://joinelectroniccenter.com/photos/Panasonic/NR-MB260VSPN.webp,,1 Year Comprehensive + 10 Years on Inverter Compressor,daraz_market,9779851045662
Panasonic,Refrigerator,refrigerator,280,NR-TH291BVHX,Panasonic 280 Litres Double Door Refrigerators in Electric Grey NR-TH291BVHX - Big Digital,66013,photos\Panasonic\NR-TH291BVHX.webp,https://joinelectroniccenter.com/photos/Panasonic/NR-TH291BVHX.webp,https://static-01.daraz.com.np/p/99a24fa98d82ea53d39c3b37c02e256b.png,10 Years Brand Warranty,daraz_scrape,9779851045662
Panasonic,Refrigerator,refrigerator,320,NR-TG338BVHX,Panasonic 320 Litres Prime Convertible Double Door Refrigerators in Electric Grey NR-TG338BVHX - Big Digital,77386,photos\Panasonic\NR-TG338BVHX.webp,https://joinelectroniccenter.com/photos/Panasonic/NR-TG338BVHX.webp,https://static-01.daraz.com.np/p/08915b46e714475cdbf701fbcb0fcf60.jpg,"If your product does not come with any warranty, then you can still benefit from our return policy. Please read the return policy conditions here .",daraz_scrape,9779851045662
Panasonic,Refrigerator,refrigerator,320,NR-TG338BPAX,Panasonic 320 Litres Prime Convertible Double Door Refrigerators in Ocean Blue NR-TG338BPAX- Big Digital,78431,photos\Panasonic\NR-TG338BPAX.webp,https://joinelectroniccenter.com/photos/Panasonic/NR-TG338BPAX.webp,https://static-01.daraz.com.np/p/d2615f807ba8bc458c6fac18bf935d58.jpg,1 Year Brand Warranty,daraz_scrape,9779851045662
Panasonic,Refrigerator,Bottom Mount Inverter Refrigerator,338 L,NR-BC360WSPN,Panasonic 338L Prime Fresh Bottom Mount Inverter Refrigerator,105990,photos\Panasonic\NR-BC360WSPN.webp,https://joinelectroniccenter.com/photos/Panasonic/NR-BC360WSPN.webp,,1 Year Comprehensive + 10 Years on Inverter Compressor,daraz_market,9779851045662
Panasonic,Refrigerator,refrigerator,190,NR-A202BWHX,Panasonic Refrigerator 190 ltr,33850,photos\Panasonic\NR-A202BWHX.webp,https://joinelectroniccenter.com/photos/Panasonic/NR-A202BWHX.webp,https://static-01.daraz.com.np/p/84e64626b55683dcd2a836c804810c4b.png,"If your product does not come with any warranty, then you can still benefit from our return policy. Please read the return policy conditions here .",daraz_scrape,9779851045662
Panasonic,Refrigerator,refrigerator,190,NR-A202BURX,Panasonic Refrigerator 190ltr,33719,photos\Panasonic\NR-A202BURX.webp,https://joinelectroniccenter.com/photos/Panasonic/NR-A202BURX.webp,https://static-01.daraz.com.np/p/750793d1af0cc02a7128c28ed72ab535.png,"If your product does not come with any warranty, then you can still benefit from our return policy. Please read the return policy conditions here .",daraz_scrape,9779851045662
Panasonic,Small Home Appliance,Convection Microwave Oven,27 Litre,NN-CT645BFDG,Panasonic 27L Convection Microwave Oven with 360 Heat,31990,photos\Panasonic\NN-CT645BFDG.webp,https://joinelectroniccenter.com/photos/Panasonic/NN-CT645BFDG.webp,,1 Year Comprehensive + 5 Years on Magnetron,daraz_market,9779851045662
Panasonic,Television,HD Smart TV,32 Inch,TH-32MS550DX,"Panasonic 32"" HD Smart Google TV",29990,photos\Panasonic\TH-32MS550DX.webp,https://joinelectroniccenter.com/photos/Panasonic/TH-32MS550DX.webp,,1 Year Comprehensive + 2 Years on Panel,daraz_market,9779851045662
Panasonic,Television,4K UHD Google TV,43 Inch,TH-43MX660DX,"Panasonic 43"" 4K Ultra HD Smart Google TV",66990,photos\Panasonic\TH-43MX660DX.webp,https://joinelectroniccenter.com/photos/Panasonic/TH-43MX660DX.webp,,1 Year Comprehensive + 2 Years on Panel,daraz_market,9779851045662
Panasonic,Television,FHD Smart Google TV,43 Inch,TH-43MS550DX,"Panasonic 43"" Full HD Google Smart TV",54990,photos\Panasonic\TH-43MS550DX.webp,https://joinelectroniccenter.com/photos/Panasonic/TH-43MS550DX.webp,,1 Year Comprehensive + 2 Years on Panel,daraz_market,9779851045662
Panasonic,Television,4K UHD Google TV,55 Inch,TH-55MX660DX,"Panasonic 55"" 4K Ultra HD Smart Google TV (MX660 Series)",98990,photos\Panasonic\TH-55MX660DX.webp,https://joinelectroniccenter.com/photos/Panasonic/TH-55MX660DX.webp,,1 Year Comprehensive + 2 Years on Panel,daraz_market,9779851045662
Panasonic,Television,television,,TH-32JS650N,Panasonic TH-32JS650N 32 Inch Smart LED TV,40520,photos\Panasonic\TH-32JS650N.webp,https://joinelectroniccenter.com/photos/Panasonic/TH-32JS650N.webp,https://static-01.daraz.com.np/p/92eba41eae7106e4f160baab4d59f442.jpg,1 Year Brand Warranty,daraz_scrape,9779851045662
Panasonic,Television,television,,32PS670N,Panasonic TH-32PS670N 32 Inch Smart LED TV - Big Digital,36732,photos\Panasonic\1516143731-NP-12321756021.webp,https://joinelectroniccenter.com/photos/Panasonic/1516143731-NP-12321756021.webp,https://static-01.daraz.com.np/p/bba80ccafacf278b02c83cd92d6a5eea.png,1 Year Brand Warranty,daraz_scrape,9779851045662
Panasonic,Television,television,,TH-42JS650N,Panasonic TH-42JS650N 42 Inch Android Smart LED TV,61430,photos\Panasonic\TH-42JS650N.webp,https://joinelectroniccenter.com/photos/Panasonic/TH-42JS650N.webp,https://static-01.daraz.com.np/p/92eba41eae7106e4f160baab4d59f442.jpg,1 Year Brand Warranty,daraz_scrape,9779851045662
Panasonic,Television,television,,TH-55HX750M,Panasonic TH-55HX750M 55 Inch 4K HDR Smart Android LED TV,117640,photos\Panasonic\TH-55HX750M.webp,https://joinelectroniccenter.com/photos/Panasonic/TH-55HX750M.webp,https://static-01.daraz.com.np/p/71ce81fc9ab5b3ee7e4acb6f207f7155.jpg,1 Year Brand Warranty,daraz_scrape,9779851045662
Panasonic,Television,television,,55PX740N,Panasonic TH-55PX740N 55 Inch Smart 4K (Ultra HD) LED TV - Big Digital,111111,photos\Panasonic\1516153529-NP-12321001989.webp,https://joinelectroniccenter.com/photos/Panasonic/1516153529-NP-12321001989.webp,https://static-01.daraz.com.np/p/9659e2907f97ac4c781ef8d0b4ace536.png,1 Year Brand Warranty,daraz_scrape,9779851045662
Panasonic,Television,television,,75PX740N,Panasonic TH-75PX740N 75 Inch Smart 4K (Ultra HD) LED TV - Big Digital,281046,photos\Panasonic\1516175414-NP-12321444982.webp,https://joinelectroniccenter.com/photos/Panasonic/1516175414-NP-12321444982.webp,https://static-01.daraz.com.np/p/6288f5451b7261c3c29b0e2c6286d958.png,1 Year Brand Warranty,daraz_scrape,9779851045662
Panasonic,Washing Machine,washing machine,8,DL-SAWM80,DELLA 8 Kg Semi Automatic Washing Machine - DL-SAWM80,20990,photos\Panasonic\DL-SAWM80.jpg,https://joinelectroniccenter.com/photos/Panasonic/DL-SAWM80.jpg,https://static-01.daraz.com.np/p/8d4f4d48705d0bc7333ffa6c3dc2f836.jpg,2 Years Brand Warranty,daraz_scrape,9779851045662
Panasonic,Washing Machine,washing machine,8,GT-8KG-BLDC,German Tech 8KG Washing Machine Fully Automatic BLDC | Front load Washing Machine | 10 Year Warranty | German Technology | High energy saving Inverter Motor | Quick Wash for low electricity and water use | 16 Programs | Steam Wash | Allergy Care| Nova Hub,69000,photos\Panasonic\GT-8KG-BLDC.webp,https://joinelectroniccenter.com/photos/Panasonic/GT-8KG-BLDC.webp,https://static-01.daraz.com.np/p/0c968099707146204a20f1d4b83f8223.png,10 Years Brand Warranty,daraz_scrape,9779851045662
Panasonic,Washing Machine,Top Load Fully Automatic,7.5 KG,NA-F75B10HRB,Panasonic 7.5KG Fully Automatic Top Load Washing Machine,45990,photos\Panasonic\NA-F75B10HRB.webp,https://joinelectroniccenter.com/photos/Panasonic/NA-F75B10HRB.webp,,1 Year Comprehensive + 10 Years on Motor,daraz_market,9779851045662
Panasonic,Washing Machine,Front Load Inverter Washer,8 KG,NA-148MB2W01,Panasonic 8KG Front Load Inverter Washing Machine,78990,photos\Panasonic\NA-148MB2W01.webp,https://joinelectroniccenter.com/photos/Panasonic/NA-148MB2W01.webp,,1 Year Comprehensive + 10 Years on Motor,daraz_market,9779851045662
Panasonic,Washing Machine,washing machine,7,Magic Clean 7.0 Genx Grey,WhirlpooI 7 Kg Fully Automatic Top Load Washing Machine Magic Clean 7.0 Genx,40504,photos\Panasonic\Magic-Clean-7-0-Genx-Grey.webp,https://joinelectroniccenter.com/photos/Panasonic/Magic-Clean-7-0-Genx-Grey.webp,https://np-live-21.slatic.net/kf/S53a5a150addf4273bf261846094c103by.jpg,2 years full product & 10 years motor warranty,daraz_scrape,9779851045662
Samsung,Air Conditioner,air conditioner,1.5 Ton / 18000 BTU,AR50F18C1RHNRC,SAMSUNG 1.5 Ton AR50F18C1RHNRC Air Conditioner,154990,photos\Samsung\AR50F18C1RHNRC.webp,https://joinelectroniccenter.com/photos/Samsung/AR50F18C1RHNRC.webp,https://np-live-21.slatic.net/kf/Sd3b7b119d7684676befe944f12c00b17B.jpg,1 year Full warranty & 10 years on compressors,daraz_scrape,9779851045662
Samsung,Air Conditioner,air conditioner,1 Ton / 12000 BTU,AR24TSHZRWKN,"SAMSUNG 2 TON Digital Inverter Hot + Cold Convertible Wall Mount Split Air Conditioner AC = AR24TSHZRWKN With Triple Inverter Powered by 8 pole, Air Purifier And Dehumidifier",192990,photos\Samsung\AR24TSHZRWKN.webp,https://joinelectroniccenter.com/photos/Samsung/AR24TSHZRWKN.webp,https://static-01.daraz.com.np/p/2af8b5a836bd21c19108745c8440b2f5.png,1 year Warranty on Complete Product and 10 Year Warranty on Compressor,daraz_scrape,9779851045662
Samsung,Air Conditioner,air conditioner,1 Ton / 12000 BTU,AR50F12C1RHNRC,SAMSUNG Bespoke AI Inverter 1 ton Air Conditioner AC AR50F12C1RHNRC,119990,photos\Samsung\AR50F12C1RHNRC.webp,https://joinelectroniccenter.com/photos/Samsung/AR50F12C1RHNRC.webp,https://np-live-21.slatic.net/kf/S327be9d2cef74fb08d8e72b29b325649q.jpg,10 years on compressor,daraz_scrape,9779851045662
Samsung,Air Conditioner,air conditioner,1 Ton / 12000 BTU,AR12TSHZRWKN,"Samsung 1 Ton Digital Inverter Hot/Cold Wall Mount Air Conditioner AC - AR12TSHZRWKN With Triple Inverter Powered by 8 pole, Air Purifier And Dehumidifier",107990,photos\Samsung\AR12TSHZRWKN.webp,https://joinelectroniccenter.com/photos/Samsung/AR12TSHZRWKN.webp,https://static-01.daraz.com.np/p/2af8b5a836bd21c19108745c8440b2f5.png,1 year Warranty on Complete Product and 10 Year Warranty on Compressor,daraz_scrape,9779851045662
Samsung,Air Conditioner,air conditioner,1 Ton / 12000 BTU,AR12TSHZRWKNRC,Samsung 1 Ton Inverter Hot And Cool Air Conditioner- AR12TSHZRWKNRC,105000,photos\Samsung\AR12TSHZRWKNRC.webp,https://joinelectroniccenter.com/photos/Samsung/AR12TSHZRWKNRC.webp,https://static-01.daraz.com.np/p/fbcbe21e457065ca103f260a17f0fe69.jpg,10 Years Brand Warranty,daraz_scrape,9779851045662
Samsung,Air Cooler,air cooler,25,SAM-COOL25PRM,Samsonix  25 Ltr Honeycomb with Wheel Dual Tone Air Cooler SAM-COOL25PRM,13300,photos\Samsung\SAM-COOL25PRM.webp,https://joinelectroniccenter.com/photos/Samsung/SAM-COOL25PRM.webp,https://static-01.daraz.com.np/p/fc7b9797e0d278cd80ab7724489e635b.jpg,1 Year Brand Warranty,daraz_scrape,9779851045662
Samsung,Air Cooler,air cooler,45,45 L,Samsonix  45 Ltr Honeycomb with Wheel Dual Tone Air Cooler,15200,photos\Samsung\45-L.webp,https://joinelectroniccenter.com/photos/Samsung/45-L.webp,https://static-01.daraz.com.np/p/15e25144fb0f6a95d1bce0bc1e5eca33.jpg,1 Year Brand Warranty,daraz_scrape,9779851045662
Samsung,Air Cooler,air cooler,60,SAM-COOL60PRM,Samsonix  60 Ltr Honeycomb with Wheel Dual Tone Air Cooler SAM-COOL60PRM,17400,photos\Samsung\SAM-COOL60PRM.webp,https://joinelectroniccenter.com/photos/Samsung/SAM-COOL60PRM.webp,https://static-01.daraz.com.np/p/fc7b9797e0d278cd80ab7724489e635b.jpg,1 Year Brand Warranty,daraz_scrape,9779851045662
Samsung,Microwave Oven,microwave oven,28 L,MC28A5145VR/TL,"SAMSUNG 28L Convention with SLIM FRY Technology (MC28A5145VR/TL, Black Rhythmic Twirl)",43990,photos\Samsung\MC28A5145VR-TL.webp,https://joinelectroniccenter.com/photos/Samsung/MC28A5145VR-TL.webp,https://static-01.daraz.com.np/p/d9b8526b15844ae6c37a5d4aa0fd6c7d.jpg,1 Year Brand Warranty,daraz_scrape,9779851045662
Samsung,Microwave Oven,microwave oven,23 L,MS23T5012UK,Samsung 23L-MS23T5012UK/TL | Solo Microwave  with Healthy Steam,33900,photos\Samsung\MS23T5012UK.webp,https://joinelectroniccenter.com/photos/Samsung/MS23T5012UK.webp,https://static-01.daraz.com.np/p/e88c1e9b2d37bed5d7bfca9ba541fd0e.png,1 Year Brand Warranty,daraz_scrape,9779851045662
Samsung,Microwave Oven,microwave oven,21 L,CE77JD-Q,Samsung CE77JD-QB 21 Litres Convection Microwave with SlimFry™ & Curd Making,35990,photos\Samsung\CE77JD-Q.webp,https://joinelectroniccenter.com/photos/Samsung/CE77JD-Q.webp,https://static-01.daraz.com.np/p/dc2b9c2e7f21998739494915592ef4fe.png,"1 Year Full Product Warranty ,10 Year Warranty on Ceramic Cavity",daraz_scrape,9779851045662
Samsung,Refrigerator,Single Door,192 L,RR20C2722CU/IM,Samsung 192L Single Door Refrigerator (Camellia Blue),38990,,,,1 Year Comprehensive + 20 Years on Compressor,local_price_list,9779851045662
Samsung,Refrigerator,Single Door,192 L,RR20C2722CR/IM,Samsung 192L Single Door Refrigerator (Camellia Red),38990,,,,1 Year Comprehensive + 20 Years on Compressor,local_price_list,9779851045662
Samsung,Refrigerator,Single Door,192 L,RR20T282ZCU8/IM,Samsung 192L Single Door Refrigerator (Crown Door Camellia Blue),41990,,,,1 Year Comprehensive + 20 Years on Compressor,local_price_list,9779851045662
Samsung,Refrigerator,Single Door,192 L,RR20T282ZR8/IM,Samsung 192L Single Door Refrigerator (Crown Door Camellia Red),41990,,,,1 Year Comprehensive + 20 Years on Compressor,local_price_list,9779851045662
Samsung,Refrigerator,Single Door,192 L,RR20C2412S8/IM,Samsung 192L Single Door Refrigerator (Elegant Inox),37990,,,,1 Year Comprehensive + 20 Years on Compressor,local_price_list,9779851045662
Samsung,Refrigerator,Single Door,192 L,RR20C20C2GS/IM,Samsung 192L Single Door Refrigerator (Gray Silver),34990,,,,1 Year Comprehensive + 20 Years on Compressor,local_price_list,9779851045662
Samsung,Refrigerator,Single Door,192 L,RR20C22226U/IM,Samsung 192L Single Door Refrigerator (Mystic Blue),39990,,,,1 Year Comprehensive + 20 Years on Compressor,local_price_list,9779851045662
Samsung,Refrigerator,Single Door,192 L,RR20C22226R/IM,Samsung 192L Single Door Refrigerator (Mystic Red),39990,,,,1 Year Comprehensive + 20 Years on Compressor,local_price_list,9779851045662
Samsung,Refrigerator,Single Door,192 L,RR20C20C2RH/IM,Samsung 192L Single Door Refrigerator (Red Pattern),33990,,,,1 Year Comprehensive + 20 Years on Compressor,local_price_list,9779851045662
Samsung,Refrigerator,Single Door,192 L,RR20M282ZS8/IM,Samsung 192L Single Door Refrigerator (Silver Wave with Base Drawer),38990,,,,1 Year Comprehensive + 20 Years on Compressor,local_price_list,9779851045662
Samsung,Refrigerator,Single Door,230 L,RR24A272ZCU/IM,Samsung 230L Single Door Direct Cool Refrigerator (Camellia Blue),44990,,,,1 Year Comprehensive + 20 Years on Compressor,local_price_list,9779851045662
Samsung,Refrigerator,Double Door,253 L,RT28C3221CU/IM,Samsung 253L Double Door Refrigerator (Camellia Blue),61990,,,,1 Year Comprehensive + 20 Years on Compressor,local_price_list,9779851045662
Samsung,Refrigerator,Double Door,253 L,RT28C3221CR/IM,Samsung 253L Double Door Refrigerator (Camellia Red),61990,,,,1 Year Comprehensive + 20 Years on Compressor,local_price_list,9779851045662
Samsung,Refrigerator,Double Door,253 L,RT28A3022GS/IM,Samsung 253L Double Door Refrigerator (Gray Silver),56490,,,,1 Year Comprehensive + 20 Years on Compressor,local_price_list,9779851045662
Samsung,Refrigerator,Double Door,253 L,RT40H28WNCPIM,Samsung 253L Double Door Refrigerator Clean Steel,63990,photos\Samsung\RT40H28WNCPIM.webp,https://joinelectroniccenter.com/photos/Samsung/RT40H28WNCPIM.webp,,1 Year Comprehensive + 20 Years on Compressor,local_price_list,9779851045662
Samsung,Refrigerator,Double Door,253 L,RT40H28WNQIM,Samsung 253L Double Door Refrigerator Elegant Inox,62990,photos\Samsung\RT40H28WNQIM.webp,https://joinelectroniccenter.com/photos/Samsung/RT40H28WNQIM.webp,,1 Year Comprehensive + 20 Years on Compressor,local_price_list,9779851045662
Samsung,Refrigerator,Double Door,253 L,RT40H28WNPIM,Samsung 253L Double Door Refrigerator Platinum Inox,60990,photos\Samsung\RT40H28WNPIM.webp,https://joinelectroniccenter.com/photos/Samsung/RT40H28WNPIM.webp,https://images.samsung.com/is/image/samsung/p6pim/in/rt40h28wnpim/gallery/in-top-mount-freezer-thumb,1 Year Comprehensive + 20 Years on Compressor,local_price_list,9779851045662
Samsung,Refrigerator,refrigerator,253,RT28A3022GS,Samsung 253L Double Door Refrigerator RT28A3022GS | Digital Inverter Technology | Frost Free | Multi Flow Cooling | Silver Finish | 10 Years Warranty,59990,photos\Samsung\RT28A3022GS.webp,https://joinelectroniccenter.com/photos/Samsung/RT28A3022GS.webp,https://static-01.daraz.com.np/p/d1f13f50bbe7dd12556f55d6784c706e.png,10 Years Brand Warranty,daraz_scrape,9779851045662
Samsung,Refrigerator,Double Door,275 L,RT30K3342S8/IM,Samsung 275L Double Door Frost Free Refrigerator,67990,,,,1 Year Comprehensive + 20 Years on Compressor,local_price_list,9779851045662
Samsung,Refrigerator,refrigerator,275,RT40H30WNPIN,"Samsung 275L,Digital Inverter Frost Free Double Door Refrigerator (RT40H30WNPIN, Matt Doi Metal, 2026 Model)",68990,photos\Samsung\RT40H30WNPIN.webp,https://joinelectroniccenter.com/photos/Samsung/RT40H30WNPIN.webp,https://static-01.daraz.com.np/p/69228154fc0ae7b7d16720168350f675.jpg,1 Years Full Services Warranty & 20 Years Warranty on Compressor,daraz_scrape,9779851045662
Samsung,Refrigerator,5 in 1 Convertible,350 L,RT38DG5A22BS8IM,Samsung 350L 5-in-1 Convertible Refrigerator,96990,photos\Samsung\RT38DG5A22BS8IM.webp,https://joinelectroniccenter.com/photos/Samsung/RT38DG5A22BS8IM.webp,,1 Year Comprehensive + 20 Years on Compressor,local_price_list,9779851045662
Samsung,Refrigerator,5 in 1 Convertible,396 L,RT41DG6A22BSLHL,Samsung 396L 5-in-1 Convertible Frost Free Refrigerator,112990,photos\Samsung\RT41DG6A22BSLHL.webp,https://joinelectroniccenter.com/photos/Samsung/RT41DG6A22BSLHL.webp,,1 Year Comprehensive + 20 Years on Compressor,local_price_list,9779851045662
Samsung,Refrigerator,5 in 1 Convertible,396 L,RT41HG6A422SLHL,Samsung 396L 5-in-1 Smart Convertible Refrigerator,116990,photos\Samsung\RT41HG6A422SLHL.webp,https://joinelectroniccenter.com/photos/Samsung/RT41HG6A422SLHL.webp,,1 Year Comprehensive + 20 Years on Compressor,local_price_list,9779851045662
Samsung,Refrigerator,5 in 1 Convertible,419 L,RT45DG6A22BSLHL,Samsung 419L 5-in-1 Convertible Frost Free Refrigerator,120990,photos\Samsung\RT45DG6A22BSLHL.webp,https://joinelectroniccenter.com/photos/Samsung/RT45DG6A22BSLHL.webp,,1 Year Comprehensive + 20 Years on Compressor,local_price_list,9779851045662
Samsung,Refrigerator,5 in 1 Convertible,419 L,RT45HG6A422SLHL,Samsung 419L 5-in-1 Smart Convertible Refrigerator,120990,photos\Samsung\RT45HG6A422SLHL.webp,https://joinelectroniccenter.com/photos/Samsung/RT45HG6A422SLHL.webp,,1 Year Comprehensive + 20 Years on Compressor,local_price_list,9779851045662
Samsung,Refrigerator,Side by Side (SBS),700 L,RS78CG8543SLIM,Samsung 700L Side-by-Side Refrigerator,222990,photos\Samsung\RS78CG8543SLIM.webp,https://joinelectroniccenter.com/photos/Samsung/RS78CG8543SLIM.webp,,1 Year Comprehensive + 20 Years on Digital Inverter Compressor,local_price_list,9779851045662
Samsung,Television,television,,UA55U8500F,SAMSUNG 55 Inch Crystal UHD 4K Smart TV UA55U8500F,102990,photos\Samsung\UA55U8500F.webp,https://joinelectroniccenter.com/photos/Samsung/UA55U8500F.webp,https://np-live-21.slatic.net/kf/S5c4e858795db479cbd0041b6686ab8514.jpg,3 years full product warranty,daraz_scrape,9779851045662
Samsung,Television,television,,SAMSUNG,SAMSUNG 55 inch Crystal 4K UHD Smart Led Tv UA55U8500F,102990,photos\Samsung\101742262-NP-1022496195.webp,https://joinelectroniccenter.com/photos/Samsung/101742262-NP-1022496195.webp,https://np-live-21.slatic.net/kf/Se4894a1ab46c4984aadf5fec926e0de4Y.jpg,2 Years Brand Warranty,daraz_scrape,9779851045662
Samsung,Television,television,,UA32T4340BKXXL,SAMSUNG UA32H4550 - 32 inch Smart HD LED TV,39990,photos\Samsung\UA32T4340BKXXL.webp,https://joinelectroniccenter.com/photos/Samsung/UA32T4340BKXXL.webp,https://np-live-21.slatic.net/kf/S0e026afcfc83438bae1b57fcb10b00de4.jpg,3 years full parts warranty,daraz_scrape,9779851045662
Samsung,Television,television,,UA43F5550FUXXL,Samsung 108 cm (43 inches) FHD Smart LED TV UA43F5550FUXXL,54990,photos\Samsung\UA43F5550FUXXL.webp,https://joinelectroniccenter.com/photos/Samsung/UA43F5550FUXXL.webp,https://static-01.daraz.com.np/p/ce612b76be44b0b45d3f79edf892074f.jpg,3 years Full Services Warranty,daraz_scrape,9779851045662
Samsung,Television,HD Smart TV,32 Inch,UA32H4570FUXKL,"Samsung 32"" Smart HD LED TV",38990,photos\Samsung\UA32H4570FUXKL.webp,https://joinelectroniccenter.com/photos/Samsung/UA32H4570FUXKL.webp,,1 Year Comprehensive + 1 Year Additional on Panel,local_price_list,9779851045662
Samsung,Television,HD Smart TV,32 Inch,UA32H4550FUXKL,"Samsung 32"" Smart HD Ready TV",38990,photos\Samsung\UA32H4550FUXKL.webp,https://joinelectroniccenter.com/photos/Samsung/UA32H4550FUXKL.webp,,1 Year Comprehensive + 1 Year Additional on Panel,local_price_list,9779851045662
Samsung,Television,television,,UA43F5500FUXXL,Samsung 43 Inch Full HD Smart TV UA43F5500FUXXL | HDR 10+ | Tizen OS Smart TV | WiFi & Bluetooth | 2 HDMI 1 USB | Slim Bezel Design | Voice Control | 20W Sound | Screen Mirroring | 3 Years Warranty,68000,photos\Samsung\UA43F5500FUXXL.webp,https://joinelectroniccenter.com/photos/Samsung/UA43F5500FUXXL.webp,https://static-01.daraz.com.np/p/84462ac5ea7cb718563985783a0a208f.png,3 Years Full warranty Incliding Panel and Mother Board,daraz_scrape,9779851045662
Samsung,Television,television,,UA43U8500F,"Samsung 43 inch Crystal 4K UHD Smart TV - UA43U8500F With Crystal Display, Free Installation & Demonstration And 3 Year Full Product Warranty",74990,photos\Samsung\UA43U8500F.webp,https://joinelectroniccenter.com/photos/Samsung/UA43U8500F.webp,https://static-01.daraz.com.np/p/fec9bd65c7cd34bacf1755a3b4243223.png,3 Years Brand Warranty,daraz_scrape,9779851045662
Samsung,Television,Crystal UHD 4K Smart TV,43 Inch,UA43DU7700RSHE,"Samsung 43"" DU7700 Crystal UHD 4K Smart TV",74990,photos\Samsung\UA43DU7700RSHE.webp,https://joinelectroniccenter.com/photos/Samsung/UA43DU7700RSHE.webp,,1 Year Comprehensive + 1 Year Additional on Panel,local_price_list,9779851045662
Samsung,Television,Crystal UHD 4K Smart TV,43 Inch,UA43DU8500FRSHE,"Samsung 43"" DU8500 Crystal UHD 4K Smart TV",74990,photos\Samsung\UA43DU8500FRSHE.webp,https://joinelectroniccenter.com/photos/Samsung/UA43DU8500FRSHE.webp,,1 Year Comprehensive + 1 Year Additional on Panel,local_price_list,9779851045662
Samsung,Television,Full HD Smart TV,43 Inch,UA43F5550FUXKL,"Samsung 43"" Full HD Smart LED TV",54990,photos\Samsung\UA43F5550FUXKL.webp,https://joinelectroniccenter.com/photos/Samsung/UA43F5550FUXKL.webp,,1 Year Comprehensive + 1 Year Additional on Panel,local_price_list,9779851045662
Samsung,Television,Full HD Smart TV,43 Inch,UA43T5400ARSHE,"Samsung 43"" T5400 Full HD Smart LED TV",63990,photos\Samsung\UA43T5400ARSHE.webp,https://joinelectroniccenter.com/photos/Samsung/UA43T5400ARSHE.webp,,1 Year Comprehensive + 1 Year Additional on Panel,local_price_list,9779851045662
Samsung,Television,Crystal UHD 4K Smart TV,55 Inch,UA55DU8500FRSHE,"Samsung 55"" DU8500 Crystal UHD 4K Smart TV",99990,photos\Samsung\UA55DU8500FRSHE.webp,https://joinelectroniccenter.com/photos/Samsung/UA55DU8500FRSHE.webp,,1 Year Comprehensive + 1 Year Additional on Panel,local_price_list,9779851045662
Samsung,Television,QLED 4K Smart TV,55 Inch,QA55Q60DARSHE,"Samsung 55"" Q60D QLED 4K Smart TV",179990,photos\Samsung\QA55Q60DARSHE.webp,https://joinelectroniccenter.com/photos/Samsung/QA55Q60DARSHE.webp,,1 Year Comprehensive + 1 Year Additional on Panel,local_price_list,9779851045662
Samsung,Television,QLED 4K Smart TV,55 Inch,QA55Q8FAARSHE,"Samsung 55"" Q8F QLED 4K Smart TV",182990,photos\Samsung\QA55Q8FAARSHE.webp,https://joinelectroniccenter.com/photos/Samsung/QA55Q8FAARSHE.webp,,1 Year Comprehensive + 1 Year Additional on Panel,local_price_list,9779851045662
Samsung,Television,Crystal UHD 4K Smart TV,65 Inch,UA65DU8000RSHE,"Samsung 65"" DU8000 Crystal UHD 4K Smart TV",145990,photos\Samsung\UA65DU8000RSHE.webp,https://joinelectroniccenter.com/photos/Samsung/UA65DU8000RSHE.webp,,1 Year Comprehensive + 1 Year Additional on Panel,local_price_list,9779851045662
Samsung,Television,QLED 4K Smart TV,65 Inch,QA65Q60DARSHE,"Samsung 65"" Q60D QLED 4K Smart TV",250990,photos\Samsung\QA65Q60DARSHE.webp,https://joinelectroniccenter.com/photos/Samsung/QA65Q60DARSHE.webp,,1 Year Comprehensive + 1 Year Additional on Panel,local_price_list,9779851045662
Samsung,Television,QLED 4K Smart TV,65 Inch,QA65Q8FAARSHE,"Samsung 65"" Q8F QLED 4K Smart TV",255990,photos\Samsung\QA65Q8FAARSHE.webp,https://joinelectroniccenter.com/photos/Samsung/QA65Q8FAARSHE.webp,,1 Year Comprehensive + 1 Year Additional on Panel,local_price_list,9779851045662
Samsung,Television,Crystal UHD 4K Smart TV,75 Inch,UA75DU8000RSHE,"Samsung 75"" DU8000 Crystal UHD 4K Smart TV",286990,photos\Samsung\UA75DU8000RSHE.webp,https://joinelectroniccenter.com/photos/Samsung/UA75DU8000RSHE.webp,,1 Year Comprehensive + 1 Year Additional on Panel,local_price_list,9779851045662
Samsung,Television,QLED 4K Smart TV,75 Inch,QA75Q7FAARSHE,"Samsung 75"" Q7F QLED 4K Smart TV",289990,photos\Samsung\QA75Q7FAARSHE.webp,https://joinelectroniccenter.com/photos/Samsung/QA75Q7FAARSHE.webp,,1 Year Comprehensive + 1 Year Additional on Panel,local_price_list,9779851045662
Samsung,Television,Crystal UHD 4K Smart TV,85 Inch,UA85DU8000RSHE,"Samsung 85"" DU8000 Crystal UHD 4K Smart TV",393990,photos\Samsung\UA85DU8000RSHE.webp,https://joinelectroniccenter.com/photos/Samsung/UA85DU8000RSHE.webp,,1 Year Comprehensive + 1 Year Additional on Panel,local_price_list,9779851045662
Samsung,Television,QLED 4K Smart TV,85 Inch,QA85Q7FAARSHE,"Samsung 85"" Q7F QLED 4K Smart TV",399990,photos\Samsung\QA85Q7FAARSHE.webp,https://joinelectroniccenter.com/photos/Samsung/QA85Q7FAARSHE.webp,,1 Year Comprehensive + 1 Year Additional on Panel,local_price_list,9779851045662
Samsung,Washing Machine,Front Load Washer Dryer (AI EcoBubble),11 KG Washer / 7 KG Dryer,WD11TP34DSX/FQ,Samsung 11KG AI EcoBubble Front Load Washer Dryer Combo,151990,,,,1 Year Comprehensive + 20 Years on Motor,local_price_list,9779851045662
Samsung,Washing Machine,Front Load (AI EcoBubble),12 KG,WW12DG6B24ABIM,Samsung 12KG AI EcoBubble Front Load Washing Machine,120990,photos\Samsung\WW12DG6B24ABIM.webp,https://joinelectroniccenter.com/photos/Samsung/WW12DG6B24ABIM.webp,,1 Year Comprehensive + 20 Years on Motor,local_price_list,9779851045662
Samsung,Washing Machine,Front Load (AI EcoBubble),12 KG,WW12DG5B24AXIM,Samsung 12KG EcoBubble Front Load Washing Machine,114990,photos\Samsung\WW12DG5B24AXIM.webp,https://joinelectroniccenter.com/photos/Samsung/WW12DG5B24AXIM.webp,,1 Year Comprehensive + 20 Years on Motor,local_price_list,9779851045662
Samsung,Washing Machine,Semi-Automatic Top Load,7 KG,WT70C3200LL/TL,Samsung 7KG Semi-Automatic Washing Machine,25990,,,,1 Year Comprehensive + 5 Years on Motor,local_price_list,9779851045662
Samsung,Washing Machine,Top Load Fully Automatic,8 KG,WA80BG4545BVIM,Samsung 8KG EcoBubble Fully Automatic Top Load Washer,56990,photos\Samsung\WA80BG4545BVIM.webp,https://joinelectroniccenter.com/photos/Samsung/WA80BG4545BVIM.webp,,1 Year Comprehensive + 20 Years on Motor,local_price_list,9779851045662
Samsung,Washing Machine,Top Load Fully Automatic,8 KG,WA80BG4441BDIM,Samsung 8KG EcoBubble Top Load Washer Dark Grey,49990,photos\Samsung\WA80BG4441BDIM.webp,https://joinelectroniccenter.com/photos/Samsung/WA80BG4441BDIM.webp,,1 Year Comprehensive + 20 Years on Motor,local_price_list,9779851045662
Samsung,Washing Machine,Top Load Fully Automatic,8 KG,WA80F08S2BIM,Samsung 8KG Top Load Washing Machine Black Inox,56990,photos\Samsung\WA80F08S2BIM.webp,https://joinelectroniccenter.com/photos/Samsung/WA80F08S2BIM.webp,,1 Year Comprehensive + 10 Years on Motor,local_price_list,9779851045662
Samsung,Washing Machine,Top Load Fully Automatic,8 KG,WA40F08D1CIM,Samsung 8KG Top Load Washing Machine Grey,49990,photos\Samsung\WA40F08D1CIM.webp,https://joinelectroniccenter.com/photos/Samsung/WA40F08D1CIM.webp,,1 Year Comprehensive + 10 Years on Motor,local_price_list,9779851045662
Samsung,Washing Machine,Front Load (AI EcoBubble),9 KG,WD90T634DBN/SP,Samsung 9KG AI EcoBubble Front Load Washing Machine,132990,,,,1 Year Comprehensive + 20 Years on Motor,local_price_list,9779851045662
Samsung,Washing Machine,Front Load (AI EcoBubble),9 KG,WW90DG6U24AXIM,Samsung 9KG AI EcoBubble Front Load Washing Machine Inox,105990,photos\Samsung\WW90DG6U24AXIM.webp,https://joinelectroniccenter.com/photos/Samsung/WW90DG6U24AXIM.webp,,1 Year Comprehensive + 20 Years on Motor,local_price_list,9779851045662
Samsung,Washing Machine,Front Load (AI EcoBubble),9 KG,WW90DG5U24AXIM,Samsung 9KG EcoBubble Front Load Washer,101990,photos\Samsung\WW90DG5U24AXIM.webp,https://joinelectroniccenter.com/photos/Samsung/WW90DG5U24AXIM.webp,https://images.samsung.com/is/image/samsung/p6pim/in/ww90dg5u24axim/gallery/in-front-loading-thumb,1 Year Comprehensive + 20 Years on Motor,local_price_list,9779851045662
Samsung,Washing Machine,washing machine,9,WW90DG6U24AX/IM,Samsung 9kg AI Wifi Eco bubble Super Spped Front Loading Washing Machine WW90DG5U24AXIM  - Big Digital+Free Air Fryer,101990,photos\Samsung\WW90DG6U24AX-IM.webp,https://joinelectroniccenter.com/photos/Samsung/WW90DG6U24AX-IM.webp,https://static-01.daraz.com.np/p/a6b3c9ea7eb7156250e6c0dff5bbc5d9.png,10 Years Brand Warranty,daraz_scrape,9779851045662
Samsung,Water Dispenser,water dispenser,,USB,Portable Automatic USB Electric Rechargeable Water Dispenser Machine,600,photos\Samsung\127668141-NP-1034612698.webp,https://joinelectroniccenter.com/photos/Samsung/127668141-NP-1034612698.webp,https://np-live-21.slatic.net/kf/S7a7331f8b12d460ca0b2e30e973fdd55h.jpg,"If your product does not come with any warranty, then you can still benefit from our return policy. Please read the return policy conditions here .",daraz_scrape,9779851045662
Samsung,Water Purifier,water purifier,8 L,ALKALINE,"8 Liter RO+UV+UF+ALKALINE+TDS Controller Water Purifier, Model SAPPHIRE-B, 1 Year Warranty",46690,photos\Samsung\1511747606-NP-12293259782.webp,https://joinelectroniccenter.com/photos/Samsung/1511747606-NP-12293259782.webp,https://static-01.daraz.com.np/p/e5e488dd206c80fb99c67e7947c6ef69.jpg,1 Year Brand Warranty,daraz_scrape,9779851045662
Samsung,Water Purifier,water purifier,12 L,Samsung-Aqua-Crystal-Plus-Wa,Aqua Crystal Plus Water Purifier/ 12 Ltr Per Hour,25000,photos\Samsung\1518080522-NP-12339964842.webp,https://joinelectroniccenter.com/photos/Samsung/1518080522-NP-12339964842.webp,https://np-live-21.slatic.net/kf/S55296294b3234fc5baeb1f3c8c7be12eD.jpg,"If your product does not come with any warranty, then you can still benefit from our return policy. Please read the return policy conditions here .",daraz_scrape,9779851045662
Skyworth,Air Conditioner,air conditioner,2 Ton / 24000 BTU,SKYWORTH (SMVH24B-5A2A3NN),SKYWORTH Split Inverter 1 ton Air Conditioner (SMVH24B-5A2A3NN),116000,photos\Skyworth\SKYWORTH-SMVH24B-5A2A3NN.webp,https://joinelectroniccenter.com/photos/Skyworth/SKYWORTH-SMVH24B-5A2A3NN.webp,https://static-01.daraz.com.np/p/9c9522aebc6639f7fecdcddb86376ff1.jpg,"If your product does not come with any warranty, then you can still benefit from our return policy. Please read the return policy conditions here .",daraz_scrape,9779851045662
Skyworth,Air Conditioner,air conditioner,1 Ton / 12000 BTU,SMFH12B,SKYWORTH Split Non-Inverter 1 ton Air Conditioner (SMFH12B),69000,photos\Skyworth\SMFH12B.webp,https://joinelectroniccenter.com/photos/Skyworth/SMFH12B.webp,https://static-01.daraz.com.np/p/9f746ad813d00ccbeae87209a0686cf2.png,1 Year Seller Warranty,daraz_scrape,9779851045662
Skyworth,Air Conditioner,air conditioner,1 Ton / 12000 BTU,SW-AC-SMVH12B-BI,Skyworth 1 Ton Inverter Split Air Conditioner,85000,photos\Skyworth\SW-AC-SMVH12B-BI.webp,https://joinelectroniccenter.com/photos/Skyworth/SW-AC-SMVH12B-BI.webp,https://np-live-21.slatic.net/kf/S7b94617676ac4f1598abd4a2f052dc22p.jpg,1 Year Brand Warranty,daraz_scrape,9779851045662
Skyworth,Air Conditioner,Budget Inverter Split AC,1.0 Ton,SMVH12B-BI,Skyworth 1.0 Ton Budget Inverter Split AC,85000,photos\Skyworth\SMVH12B-BI.webp,https://joinelectroniccenter.com/photos/Skyworth/SMVH12B-BI.webp,https://skyworthnepal.com/wp-content/uploads/2023/08/SMVH12B-BI.jpg,1 Year Comprehensive + 5 Years on Compressor,local_price_list,9779851045662
Skyworth,Air Conditioner,Inverter Split AC (Hot & Cold),1.0 Ton,SMVH12B-R32,Skyworth 1.0 Ton Inverter Split Air Conditioner (R32),87500,photos\Skyworth\SMVH12B-R32.webp,https://joinelectroniccenter.com/photos/Skyworth/SMVH12B-R32.webp,https://skyworthnepal.com/wp-content/uploads/2023/08/SMVH12B-R32.jpg,1 Year Comprehensive + 5 Years on Inverter Compressor,local_price_list,9779851045662
Skyworth,Air Conditioner,Inverter Split AC (Hot & Cold),1.5 Ton,SMVH18B-R32,Skyworth 1.5 Ton Inverter Split Air Conditioner (R32),121490,photos\Skyworth\SMVH18B-R32.webp,https://joinelectroniccenter.com/photos/Skyworth/SMVH18B-R32.webp,https://skyworthnepal.com/wp-content/uploads/2023/08/SMVH18B-R32.jpg,1 Year Comprehensive + 5 Years on Inverter Compressor,local_price_list,9779851045662
Skyworth,Air Conditioner,air conditioner,1.5 Ton / 18000 BTU,AS-18UR4RMSKB00,Skyworth 1.5 Ton Inverter Wall Mount Split Type Air Conditioner,127900,photos\Skyworth\AS-18UR4RMSKB00.webp,https://joinelectroniccenter.com/photos/Skyworth/AS-18UR4RMSKB00.webp,https://np-live-21.slatic.net/kf/S32f6d33e3b6c44b385bf387cab8c89ea4.jpg,1 year,daraz_scrape,9779851045662
Skyworth,Air Conditioner,Non-Inverter Split AC,1.5 Ton,SMFH18B,Skyworth 1.5 Ton Non-Inverter Split AC,97990,photos\Skyworth\SMFH18B.webp,https://joinelectroniccenter.com/photos/Skyworth/SMFH18B.webp,https://skyworthnepal.com/wp-content/uploads/2023/08/SMFH18B.jpg,1 Year Comprehensive + 5 Years on Compressor,local_price_list,9779851045662
Skyworth,Air Conditioner,Inverter Split AC (Hot & Cold),2.0 Ton,SMVH24B-R32,Skyworth 2.0 Ton Inverter Split Air Conditioner (R32),155480,photos\Skyworth\SMVH24B-R32.webp,https://joinelectroniccenter.com/photos/Skyworth/SMVH24B-R32.webp,,1 Year Comprehensive + 5 Years on Inverter Compressor,local_price_list,9779851045662
Skyworth,Air Conditioner,Non-Inverter Split AC,2.0 Ton,SMFH24B,Skyworth 2.0 Ton Non-Inverter Split AC,123490,photos\Skyworth\SMFH24B.webp,https://joinelectroniccenter.com/photos/Skyworth/SMFH24B.webp,,1 Year Comprehensive + 5 Years on Compressor,local_price_list,9779851045662
Skyworth,Air Cooler,air cooler,1 Ton / 12000 BTU,SCVH12AA1NA,SKYWORTH 1 Ton Inverter Ceiling Cassette Air Conditioner,135990,photos\Skyworth\SCVH12AA1NA.webp,https://joinelectroniccenter.com/photos/Skyworth/SCVH12AA1NA.webp,https://static-01.daraz.com.np/p/ec7359059c7acd474fbecd1fdd864ace.png,1 Year Seller Warranty,daraz_scrape,9779851045662
Skyworth,Air Cooler,air cooler,1.5 Ton / 18000 BTU,SCVH18AA1NA,SKYWORTH 1.5 Ton Inverter Ceiling Cassette Air Conditioner,164990,photos\Skyworth\SCVH18AA1NA.webp,https://joinelectroniccenter.com/photos/Skyworth/SCVH18AA1NA.webp,https://static-01.daraz.com.np/p/ec7359059c7acd474fbecd1fdd864ace.png,1 Year Seller Warranty,daraz_scrape,9779851045662
Skyworth,Air Cooler,air cooler,2 Ton / 24000 BTU,SCVH24AA1NA,SKYWORTH 2 Ton Inverter Ceiling Cassette Air Conditioner,185990,photos\Skyworth\SCVH24AA1NA.webp,https://joinelectroniccenter.com/photos/Skyworth/SCVH24AA1NA.webp,https://static-01.daraz.com.np/p/ec7359059c7acd474fbecd1fdd864ace.png,1 Year Seller Warranty,daraz_scrape,9779851045662
Skyworth,Air Cooler,air cooler,2 Ton / 24000 BTU,SMVH24B-WiFi,SKYWORTH 2 ton Inverter Split Air Conditioner with WiFi,157480,photos\Skyworth\SMVH24B-WiFi.webp,https://joinelectroniccenter.com/photos/Skyworth/SMVH24B-WiFi.webp,https://static-01.daraz.com.np/p/078d59ffa2e01eca15d4bb7498644780.jpg,1 Year Seller Warranty,daraz_scrape,9779851045662
Skyworth,Microwave Oven,microwave oven,420,SRD-495WTD,SKYWORTH Shiny Steel Color Double Door 420 Ltr Refrigerator Model No. SRD-495WTD,90900,photos\Skyworth\SRD-495WTD.webp,https://joinelectroniccenter.com/photos/Skyworth/SRD-495WTD.webp,https://static-01.daraz.com.np/p/7d9b3367d183b72d0e5765b67607fb68.jpg,1 Year Seller Warranty,daraz_scrape,9779851045662
Skyworth,Refrigerator,refrigerator,360 L,SCF 390,SKYWORTH Chest Freezer 360 Liters - SCF 390_Dark Silver,67300,photos\Skyworth\SCF-390.webp,https://joinelectroniccenter.com/photos/Skyworth/SCF-390.webp,https://static-01.daraz.com.np/p/c59e412ab98a9a70455f6246a217a7e7.jpg,1 year Full Service Warranty & 3 Yrs Warranty on Compressor,daraz_scrape,9779851045662
Skyworth,Refrigerator,refrigerator,430,SRM-500CGG,SKYWORTH Multi Door 505 Ltr Refrigerator,155500,photos\Skyworth\SRM-500CGG.webp,https://joinelectroniccenter.com/photos/Skyworth/SRM-500CGG.webp,https://static-01.daraz.com.np/p/02f02e8a04ea10de1a5d890b995d1cfc.jpg,1 Years Full Warranty 10 Years Compresser Warranty,daraz_scrape,9779851045662
Skyworth,Refrigerator,Double Door Frost Free,265 L,SRD-265WTA,Skyworth 265L Double Door Frost Free Refrigerator,55995,photos\Skyworth\SRD-265WTA.webp,https://joinelectroniccenter.com/photos/Skyworth/SRD-265WTA.webp,,1 Year Comprehensive + 10 Years on Compressor,local_price_list,9779851045662
Skyworth,Refrigerator,Double Door Frost Free,325 L,SRD-325WTA,Skyworth 325L Double Door Frost Free Refrigerator,65900,photos\Skyworth\SRD-325WTA.webp,https://joinelectroniccenter.com/photos/Skyworth/SRD-325WTA.webp,https://skyworthnepal.com/wp-content/uploads/2023/08/SRD-325WTA.jpg,1 Year Comprehensive + 10 Years on Compressor,local_price_list,9779851045662
Skyworth,Refrigerator,refrigerator,430,SRM 510WPB,Skyworth 476 Litres Multi Door Refrigerator With Inverter Compressor,155444,photos\Skyworth\SRM-510WPB.webp,https://joinelectroniccenter.com/photos/Skyworth/SRM-510WPB.webp,https://np-live-21.slatic.net/kf/S7cc7ab47dd424a41837acd76720d7427p.jpg,1 Year Brand Warranty,daraz_scrape,9779851045662
Skyworth,Refrigerator,refrigerator,430,SRM 476 WPI,Skyworth 476 Litres Multi Door Refrigerator With Invertor Compressor,145444,photos\Skyworth\SRM-476-WPI.webp,https://joinelectroniccenter.com/photos/Skyworth/SRM-476-WPI.webp,https://np-live-21.slatic.net/kf/S7f846c8f9942486aa37e1d8731a3c17aE.jpg,1 Year Brand Warranty,daraz_scrape,9779851045662
Skyworth,Refrigerator,Multi Door Refrigerator,476 L,SRM-476WPB,Skyworth 476L Multi-Door French Inverter Refrigerator (Black Glass),139900,photos\Skyworth\SRM-476WPB.webp,https://joinelectroniccenter.com/photos/Skyworth/SRM-476WPB.webp,https://skyworthnepal.com/wp-content/uploads/2023/08/SRM-476WPB.jpg,1 Year Comprehensive + 10 Years on Compressor,local_price_list,9779851045662
Skyworth,Refrigerator,Multi Door Refrigerator,476 L,SRM-476WPI,Skyworth 476L Multi-Door French Refrigerator (Inox Silver),139900,photos\Skyworth\SRM-476WPI.webp,https://joinelectroniccenter.com/photos/Skyworth/SRM-476WPI.webp,,1 Year Comprehensive + 10 Years on Compressor,local_price_list,9779851045662
Skyworth,Refrigerator,Side by Side Refrigerator,501 L,SBS-501WPB,Skyworth 501L Side-by-Side Inverter Refrigerator,130990,photos\Skyworth\SBS-501WPB.webp,https://joinelectroniccenter.com/photos/Skyworth/SBS-501WPB.webp,,1 Year Comprehensive + 10 Years on Compressor,local_price_list,9779851045662
Skyworth,Refrigerator,refrigerator,430,SBS500WIM,Skyworth SBS 500WIM 473 Litres Side By Side Inverter Refrigerator,129900,photos\Skyworth\SBS500WIM.webp,https://joinelectroniccenter.com/photos/Skyworth/SBS500WIM.webp,https://np-live-21.slatic.net/kf/S0f3c31c394364f638127f7ff13ed6b1cq.jpg,1 Year Brand Warranty,daraz_scrape,9779851045662
Skyworth,Television,television,,SKYWORTH,SKYWORTH 65 inch 4K UHD Google TV - 65G6500G,146900,photos\Skyworth\291966057-NP-1349462874.webp,https://joinelectroniccenter.com/photos/Skyworth/291966057-NP-1349462874.webp,https://static-01.daraz.com.np/p/361df7a2c9a6a55cf70527e732be2c8d.png,1 Year Seller Warranty,daraz_scrape,9779851045662
Skyworth,Television,television,,SKYWORTH-2,"SKYWORTH 65SUE9500 QLED 4K/UHD Google Smart TV - 65""",225000,photos\Skyworth\128115369-NP-1035186595.webp,https://joinelectroniccenter.com/photos/Skyworth/128115369-NP-1035186595.webp,https://static-01.daraz.com.np/p/136b042fe2655af07897cb707264f906.jpg,1 years Full Services Warranty,daraz_scrape,9779851045662
Skyworth,Television,television,,32STD2000,"SKYWORTH HD Television 32""( 32 inch LED TV ) 32STD2000",30900,photos\Skyworth\32STD2000.webp,https://joinelectroniccenter.com/photos/Skyworth/32STD2000.webp,https://static-01.daraz.com.np/p/6c08e65110e892d50c38555ba42c41ce.jpg,1 YEAR FULL WARRANTY AND 1 YEAR SERVICE WARRANTY,daraz_scrape,9779851045662
Skyworth,Television,Full HD Smart TV,43 Inch,43STE6600 / 43E6600H,"Skyworth 43"" Full HD Google Smart TV",69900,,,,1 Year Comprehensive + 2 Years on Panel,local_price_list,9779851045662
Skyworth,Television,television,,50SUE9350F,Skyworth 50 Inch  4K UHD Smart Google TV LED - 50SUE9350F,104500,photos\Skyworth\50SUE9350F.webp,https://joinelectroniccenter.com/photos/Skyworth/50SUE9350F.webp,https://static-01.daraz.com.np/p/62f69297007bd9205fade173db4f4cf3.jpg,1 years Full Services Warranty & 2 years Warranty on TV panel,daraz_scrape,9779851045662
Skyworth,Television,4K UHD Smart TV,55 Inch,55SUE9350F / 55G6400G,"Skyworth 55"" 4K UHD Google TV",100900,,,,1 Year Comprehensive + 2 Years on Panel,local_price_list,9779851045662
Skyworth,Television,QLED 4K Smart TV,55 Inch,55Q6500G,"Skyworth 55"" QLED 4K Google Smart TV",124900,photos\Skyworth\55Q6500G.webp,https://joinelectroniccenter.com/photos/Skyworth/55Q6500G.webp,https://skyworthnepal.com/wp-content/uploads/2023/08/55Q6500G.jpg,1 Year Comprehensive + 2 Years on Panel,local_price_list,9779851045662
Skyworth,Television,4K UHD Smart TV,65 Inch,65G6500G,"Skyworth 65"" 4K UHD Google Smart TV",139900,photos\Skyworth\65G6500G.webp,https://joinelectroniccenter.com/photos/Skyworth/65G6500G.webp,https://skyworthnepal.com/wp-content/uploads/2023/08/65G6500G.jpg,1 Year Comprehensive + 2 Years on Panel,local_price_list,9779851045662
Skyworth,Television,QLED 4K Smart TV,65 Inch,65Q6500G,"Skyworth 65"" QLED 4K Google Smart TV",185000,photos\Skyworth\65Q6500G.webp,https://joinelectroniccenter.com/photos/Skyworth/65Q6500G.webp,https://skyworthnepal.com/wp-content/uploads/2023/08/65Q6500G.jpg,1 Year Comprehensive + 2 Years on Panel,local_price_list,9779851045662
Skyworth,Television,television,,75SUE9500,Skyworth 75 Inch QLED Google TV UHD 4K HDR10+ Dolby Vision Smart TV - 75SUE9500,325000,photos\Skyworth\75SUE9500.webp,https://joinelectroniccenter.com/photos/Skyworth/75SUE9500.webp,https://static-01.daraz.com.np/p/0677942d39a2374164ee0a482ae548ac.jpg,1 year Full Service Warranty & 2 years Warranty on Tv Panel,daraz_scrape,9779851045662
Skyworth,Television,4K UHD Smart TV,75 Inch,75G6500G,"Skyworth 75"" 4K UHD Google Smart TV",237000,photos\Skyworth\75G6500G.webp,https://joinelectroniccenter.com/photos/Skyworth/75G6500G.webp,,1 Year Comprehensive + 2 Years on Panel,local_price_list,9779851045662
Skyworth,Television,QLED 4K Smart TV,75 Inch,75Q6500G,"Skyworth 75"" QLED 4K Google Smart TV",275000,photos\Skyworth\75Q6500G.webp,https://joinelectroniccenter.com/photos/Skyworth/75Q6500G.webp,,1 Year Comprehensive + 2 Years on Panel,local_price_list,9779851045662
Skyworth,Washing Machine,washing machine,8,F80465VB,SKYWORTH 8 KG Front Loading Fully Automatic Washing Machine with Inverter Motor (F80465VB),69900,photos\Skyworth\F80465VB.webp,https://joinelectroniccenter.com/photos/Skyworth/F80465VB.webp,https://static-01.daraz.com.np/p/17e506ea8a6ac7ad46dad7203931ddca.jpg,1 YEAR FULL WARRANTY AND 10 YEARS ON MOTOR,daraz_scrape,9779851045662
Skyworth,Washing Machine,washing machine,8,WM F8014DSDN,SKYWORTH 8 Kg Direct Drive Front Loading Washing Machine F8014DSDN,82990,photos\Skyworth\WM-F8014DSDN.webp,https://joinelectroniccenter.com/photos/Skyworth/WM-F8014DSDN.webp,https://np-live-21.slatic.net/kf/Sb8b1f6ff9afb450ead63145137aa5b50t.jpg,1 Year Brand Warranty,daraz_scrape,9779851045662
Skyworth,Washing Machine,washing machine,8,F8012GRD,Skyworth  F8012GRD 8 Kg Direct Drive Front Loading Washing Machine,86500,photos\Skyworth\F8012GRD.webp,https://joinelectroniccenter.com/photos/Skyworth/F8012GRD.webp,https://static-01.daraz.com.np/p/79dadf867d7dc1ad95a39339b422819f.png,1 Year Full Product Warranty &10 Years Motor Warranty,daraz_scrape,9779851045662
Skyworth,Washing Machine,washing machine,10,WM F10262RB,Skyworth 10 Kg BLDC Inverter Front Loading Fully Automatic Washing Machine,87900,photos\Skyworth\WM-F10262RB.webp,https://joinelectroniccenter.com/photos/Skyworth/WM-F10262RB.webp,https://np-live-21.slatic.net/kf/S0394603f77114d5fb5cc4e1396269dd3G.jpg,1 Year Brand Warranty,daraz_scrape,9779851045662
Skyworth,Washing Machine,Front Load BLDC Inverter,10 KG,F10262RB,Skyworth 10KG BLDC Inverter Front Load Washer,87900,photos\Skyworth\F10262RB.webp,https://joinelectroniccenter.com/photos/Skyworth/F10262RB.webp,,1 Year Comprehensive + 10 Years on Motor,local_price_list,9779851045662
Skyworth,Washing Machine,Front Load Direct Drive,10 KG,F1014GRDN,Skyworth 10KG Direct Drive Front Load Washing Machine,113835,photos\Skyworth\F1014GRDN.webp,https://joinelectroniccenter.com/photos/Skyworth/F1014GRDN.webp,,1 Year Comprehensive + 10 Years on Direct Drive Motor,local_price_list,9779851045662
Skyworth,Washing Machine,Front Load BLDC Inverter,12 KG,F12462GB,Skyworth 12KG BLDC Inverter Front Load Washer,99900,photos\Skyworth\F12462GB.webp,https://joinelectroniccenter.com/photos/Skyworth/F12462GB.webp,,1 Year Comprehensive + 10 Years on Motor,local_price_list,9779851045662
Skyworth,Washing Machine,Front Load Washer,7 KG,F70265AB-2,Skyworth 7KG Front Load Automatic Washer,58700,photos\Skyworth\F70265AB-2.webp,https://joinelectroniccenter.com/photos/Skyworth/F70265AB-2.webp,,1 Year Comprehensive + 5 Years on Motor,local_price_list,9779851045662
Skyworth,Washing Machine,Front Load BLDC Inverter,8 KG,F80465VB / F80465EB,Skyworth 8KG BLDC Inverter Front Load Washer,67990,,,,1 Year Comprehensive + 10 Years on Motor,local_price_list,9779851045662
Skyworth,Washing Machine,Front Load Direct Drive,8 KG,F8014DSDN,Skyworth 8KG Direct Drive Front Load Washer,86500,photos\Skyworth\F8014DSDN.webp,https://joinelectroniccenter.com/photos/Skyworth/F8014DSDN.webp,https://skyworthnepal.com/wp-content/uploads/2023/08/F8014DSDN.jpg,1 Year Comprehensive + 10 Years on Motor,local_price_list,9779851045662
Videocon,Air Conditioner,air conditioner,1 Ton / 12000 BTU,KAC-12GHA_N,Videocon  KAC-12GHA_N 1ton  Cooling &  Heating Split Wall Mount  Air Conditioner,60000,photos\Videocon\KAC-12GHA-N.webp,https://joinelectroniccenter.com/photos/Videocon/KAC-12GHA-N.webp,https://static-01.daraz.com.np/p/386601030af77f79e16cdd7a6f855b5d.jpg,1 years Full Services Warranty & 3 Year Warranty on Compressor,daraz_scrape,9779851045662
Videocon,Air Conditioner,air conditioner,1 Ton / 12000 BTU,AAC-12GHA,"Videocon 1.00 Ton Air Conditioner Cooling + Heating with WIFI , 4D Swing, Golden Fin, R32 Gas",70000,photos\Videocon\AAC-12GHA.webp,https://joinelectroniccenter.com/photos/Videocon/AAC-12GHA.webp,https://static-01.daraz.com.np/p/2ef49a8301c4d89dabc5c082d2136c29.jpg,5 Years Compressor & 1 Year Full,daraz_scrape,9779851045662
Videocon,Air Conditioner,air conditioner,1 Ton / 12000 BTU,KAC-12IHA,Videocon 1.00 Ton Dual Inverter Air Conditioner Heat + Cool with Wifi,80000,photos\Videocon\KAC-12IHA.webp,https://joinelectroniccenter.com/photos/Videocon/KAC-12IHA.webp,https://static-01.daraz.com.np/p/4b54eb1e1c586cd042a1a9eec3607aa7.jpg,10 Years Brand Warranty,daraz_scrape,9779851045662
Videocon,Air Conditioner,air conditioner,1.5 Ton / 18000 BTU,1.5 Ton,Videocon 1.5 Ton Air Conditioner Non Inverter Cooling + Heating,85000,photos\Videocon\1-5-Ton.webp,https://joinelectroniccenter.com/photos/Videocon/1-5-Ton.webp,https://static-01.daraz.com.np/p/1f1044dfdddf407137c5268d69e26d6f.jpg,3 Years Compressor & 1 Year Full,daraz_scrape,9779851045662
Videocon,Air Cooler,air cooler,250,VD250SC,Videocon 250Ltrs VISI Chiller (VD250SC),68500,photos\Videocon\VD250SC.webp,https://joinelectroniccenter.com/photos/Videocon/VD250SC.webp,https://static-01.daraz.com.np/p/56d0b6449698bfcba06509348c90d750.jpg,2 Years Brand Warranty,daraz_scrape,9779851045662
Videocon,Air Cooler,Desert Air Cooler,60 Ltr,VC-60DESERT,Videocon 60 Litre Desert Air Cooler,14500,photos\Videocon\VC-60DESERT.webp,https://joinelectroniccenter.com/photos/Videocon/VC-60DESERT.webp,,1 Year Motor Warranty,daraz_market,9779851045662
Videocon,Air Cooler,air cooler,80,VD-RUBY 80,Videocon Life Ruby  80 Ltr Turbocool Honeycomb Desert Air Cooler with Wheel,20300,photos\Videocon\VD-RUBY-80.webp,https://joinelectroniccenter.com/photos/Videocon/VD-RUBY-80.webp,https://static-01.daraz.com.np/p/ce3dffe9edb962abc7761fb4144b9e14.png,1 Year Brand Warranty,daraz_scrape,9779851045662
Videocon,Air Cooler,air cooler,100,VD-MAHARAJA 100,Videocon Maharaja 100 Ltr Honeycomb Desert Cooler with Wheel,30000,photos\Videocon\VD-MAHARAJA-100.webp,https://joinelectroniccenter.com/photos/Videocon/VD-MAHARAJA-100.webp,https://static-01.daraz.com.np/p/0c0896ba0c5415c7aa24c0fe0bb1ec5a.png,1 Year Brand Warranty,daraz_scrape,9779851045662
Videocon,Air Cooler,air cooler,60,VD-SNOWCOOL 60,Videocon Snowcool 60 Ltr Honeycomb Desert Air Cooler with Wheel & Ice Chamber,19500,photos\Videocon\VD-SNOWCOOL-60.webp,https://joinelectroniccenter.com/photos/Videocon/VD-SNOWCOOL-60.webp,https://static-01.daraz.com.np/p/0f392a64c8a14f2d40060058a3a1ef27.png,1 Year Brand Warranty,daraz_scrape,9779851045662
Videocon,Air Cooler,air cooler,70,VD-THUNDER 70G,Videocon Thunder 70 Ltr Glass Top Honeycomb Desert Air Cooler with Wheel,20000,photos\Videocon\VD-THUNDER-70G.webp,https://joinelectroniccenter.com/photos/Videocon/VD-THUNDER-70G.webp,https://static-01.daraz.com.np/p/785cd9d9ce584633c6f76bb7130c4230.png,1 Year Brand Warranty,daraz_scrape,9779851045662
Videocon,Air Cooler,air cooler,65,VD-TOOFAN 65G,Videocon Toofan 65 Ltr Glass Top Honeycomb Desert Air Cooler with Wheel,19600,photos\Videocon\VD-TOOFAN-65G.webp,https://joinelectroniccenter.com/photos/Videocon/VD-TOOFAN-65G.webp,https://static-01.daraz.com.np/p/50ecc1aa0efdc8209493119c29560092.png,1 Year Brand Warranty,daraz_scrape,9779851045662
Videocon,Microwave Oven,microwave oven,20 L,MH2044DB,"LG Brand 20 Liter Grill Microwave, Model-MH2044DB, 1 Year Warranty",17890,photos\Videocon\MH2044DB.webp,https://joinelectroniccenter.com/photos/Videocon/MH2044DB.webp,https://static-01.daraz.com.np/p/befb0d3430ef4550b25c4a643ea95371.jpg,"1 Year Warranty [ Excluding Main Door, Door Plastic, Cooking Glass, Accessories ]",daraz_scrape,9779851045662
Videocon,Microwave Oven,microwave oven,350,VD350SC,Videocon 350Ltrs VISI Chiller (VD350SC),80500,photos\Videocon\VD350SC.webp,https://joinelectroniccenter.com/photos/Videocon/VD350SC.webp,https://static-01.daraz.com.np/p/66c9e39ccbacf0177b4b3d0608276774.jpg,2 Years Brand Warranty,daraz_scrape,9779851045662
Videocon,Small Home Appliance,microwave oven,,VD-INF2200X,Videocon VD-INF2200X Infrared Stove (2200W),9000,photos\Videocon\VD-INF2200X.webp,https://joinelectroniccenter.com/photos/Videocon/VD-INF2200X.webp,https://static-01.daraz.com.np/p/d317f7a605bf382c277eb0a5f8c35793.jpg,1 Year Brand Warranty,daraz_scrape,9779851045662
Videocon,Refrigerator,refrigerator,185,2052TRBTV/TRWTV,Gem Refrigerator - 185 Ltr - Direct Cool - Trisha,33000,photos\Videocon\2052TRBTV-TRWTV.webp,https://joinelectroniccenter.com/photos/Videocon/2052TRBTV-TRWTV.webp,https://static-01.daraz.com.np/p/8d225cb9a1a9fd5cafc32e64d67f46c4.png,12 Years Brand Warranty,daraz_scrape,9779851045662
Videocon,Refrigerator,refrigerator,275,RD-31DC4SA,HISENSE 275 Liters  Bottom Mount Refrigerator - (RD-31DC4SA) Black,63990,photos\Videocon\RD-31DC4SA.webp,https://joinelectroniccenter.com/photos/Videocon/RD-31DC4SA.webp,https://static-01.daraz.com.np/p/b83bda9deab60e5859bdb8fb79fce7ea.jpg,1 year Full Service Warranty & 10 Years Warranty on Compressor,daraz_scrape,9779851045662
Videocon,Refrigerator,Single Door Direct Cool,190 L,VR-190SD,Videocon 190L Single Door Direct Cool Refrigerator (Floral),28990,photos\Videocon\VR-190SD.webp,https://joinelectroniccenter.com/photos/Videocon/VR-190SD.webp,,1 Year Comprehensive + 5 Years on Compressor,daraz_market,9779851045662
Videocon,Refrigerator,refrigerator,120,VD70SH,Videocon Life 70 LTR Single Door Direct Cool Refrigerator Mini Bar 5 Star Steel Color VCM,22500,photos\Videocon\VD70SH.webp,https://joinelectroniccenter.com/photos/Videocon/VD70SH.webp,https://static-01.daraz.com.np/p/2858a27d51a812dbf5453fdfeb889650.png,"If your product does not come with any warranty, then you can still benefit from our return policy. Please read the return policy conditions here .",daraz_scrape,9779851045662
Videocon,Refrigerator,refrigerator,100,VCM VD-120SH,Videocon Single Door Direct Cool 120 LTR Refrigerator 5 Star Steel Color VCM VD-120SH,24000,photos\Videocon\VCM-VD-120SH.webp,https://joinelectroniccenter.com/photos/Videocon/VCM-VD-120SH.webp,https://static-01.daraz.com.np/p/072395b787bc345e2ed2af2b8d75df95.png,"1 years Full service warranty, 5 years compression warranty",daraz_scrape,9779851045662
Videocon,Television,HD Smart TV,32 Inch,VD-32HD-SM,"Videocon 32"" HD Smart LED TV (Frameless)",21990,photos\Videocon\VD-32HD-SM.webp,https://joinelectroniccenter.com/photos/Videocon/VD-32HD-SM.webp,,1 Year Comprehensive + 2 Years on Panel,daraz_market,9779851045662
Videocon,Television,television,14.00 L,VD-43S OR VD-43FA12,Videocon 43 Full Hd Smart Android 14.00 LED TV Bezel Less,65000,photos\Videocon\VD-43S-OR-VD-43FA12.webp,https://joinelectroniccenter.com/photos/Videocon/VD-43S-OR-VD-43FA12.webp,https://static-01.daraz.com.np/p/54f489cd264e8a275f6b78f9f8c66827.jpg,INCLUDING PANEL,daraz_scrape,9779851045662
Videocon,Television,television,,VD-TZ43UHD,Videocon 43 inch 4K Ultra HD Smart LED TV,49500,photos\Videocon\VD-TZ43UHD.webp,https://joinelectroniccenter.com/photos/Videocon/VD-TZ43UHD.webp,https://np-live-21.slatic.net/kf/Sdcf6b0fbd70c403588a869002408c4bbi.jpg,Warranty shall not coverpanel,daraz_scrape,9779851045662
Videocon,Television,FHD Smart LED TV,43 Inch,VD-43FHD-SM,"Videocon 43"" Full HD Smart Android TV",42990,photos\Videocon\VD-43FHD-SM.webp,https://joinelectroniccenter.com/photos/Videocon/VD-43FHD-SM.webp,,1 Year Comprehensive + 2 Years on Panel,daraz_market,9779851045662
Videocon,Television,4K Smart Google TV,55 Inch,VD-55U4K,"Videocon 55"" 4K UHD Smart Google TV (Frameless)",72990,photos\Videocon\VD-55U4K.webp,https://joinelectroniccenter.com/photos/Videocon/VD-55U4K.webp,,1 Year Comprehensive + 2 Years on Panel,daraz_market,9779851045662
Videocon,Washing Machine,Semi-Automatic Top Load,7.5 KG,VT-75SA,Videocon 7.5KG Semi-Automatic Washing Machine,19990,photos\Videocon\VT-75SA.webp,https://joinelectroniccenter.com/photos/Videocon/VT-75SA.webp,,1 Year Comprehensive + 5 Years on Motor,daraz_market,9779851045662
Videocon,Washing Machine,washing machine,8,VWMFL8.5-CNOP,Videocon 8 Kg Inverter Front Loading Washing Machine Fully Automatic,70000,photos\Videocon\VWMFL8-5-CNOP.webp,https://joinelectroniccenter.com/photos/Videocon/VWMFL8-5-CNOP.webp,https://static-01.daraz.com.np/p/542f8cfdb7a5f3489c0d4271b5f7fa38.jpg,1 years Full Service Warranty & 10 Years Motor Warranty,daraz_scrape,9779851045662
Videocon,Washing Machine,washing machine,8,VWM-8.0SAR,Videocon 8 Kg Semi Automatic Washing Machine,23500,photos\Videocon\VWM-8-0SAR.webp,https://joinelectroniccenter.com/photos/Videocon/VWM-8-0SAR.webp,https://static-01.daraz.com.np/p/7b5bb824139b12bc8de0673dbd61898e.png,2 Years Brand Warranty,daraz_scrape,9779851045662
Videocon,Washing Machine,washing machine,8,VD-8.0 PRO+,Videocon 8kg Fully Automatic Top Load Washing Machine (VD-8.0 PRO+),33000,photos\Videocon\VD-8-0-PRO.webp,https://joinelectroniccenter.com/photos/Videocon/VD-8-0-PRO.webp,https://np-live-21.slatic.net/kf/Sbe629d6eab094061b896356cddc1d412c.jpg,10 years motor warranty,daraz_scrape,9779851045662
Videocon,Water Dispenser,water dispenser,,17NT,Electron  El-17NT Hot & Normal Water Dispenser,3190,photos\Videocon\128476786-NP-1035969674.webp,https://joinelectroniccenter.com/photos/Videocon/128476786-NP-1035969674.webp,https://static-01.daraz.com.np/p/46b0effd5ca8ddf7b88ea395c60f1d1a.jpg,1 Year Brand Warranty,daraz_scrape,9779851045662
Videocon,Water Dispenser,water dispenser,,USB-2,Portable Automatic USB Electric Rechargeable Water Dispenser Machine,499,photos\Videocon\122612736-NP-1033340266.webp,https://joinelectroniccenter.com/photos/Videocon/122612736-NP-1033340266.webp,https://static-01.daraz.com.np/p/480c5fd63eb9bb3e51d90704cb27bd54.jpg,"If your product does not come with any warranty, then you can still benefit from our return policy. Please read the return policy conditions here .",daraz_scrape,9779851045662
Videocon,Small Home Appliance,water dispenser,25 L,COMFORT 25,Videocon 25 Litters Electric Geyser with Temperature Display & Temperature Control,20000,photos\Videocon\COMFORT-25.webp,https://joinelectroniccenter.com/photos/Videocon/COMFORT-25.webp,https://static-01.daraz.com.np/p/32bf0d89c4b8fdcc1a27bc4954770938.png,5 YEARS ON TANK & 1 YEAR COMPLETE,daraz_scrape,9779851045662
Videocon,Water Purifier,water purifier,8 L,ALKALINE-2,"8 Liter RO+UV+UF+ALKALINE+TDS Controller Water Purifier, Model SAPPHIRE-B, 1 Year Warranty",46690,photos\Videocon\1511747606-NP-12293259782.webp,https://joinelectroniccenter.com/photos/Videocon/1511747606-NP-12293259782.webp,https://static-01.daraz.com.np/p/e5e488dd206c80fb99c67e7947c6ef69.jpg,1 Year Brand Warranty,daraz_scrape,9779851045662
Videocon,Water Purifier,water purifier,8,Sapphire-B,"KENT Sapphire-B RO Water Purifier | RO+UF+Inline UV+Alkaline+TDS Control | UV LED in Tank | 20 LPH | 8L Storage | Ideal for Borewell, Tanker & Municipal Water | Wall Mount",46690,photos\Videocon\Sapphire-B.webp,https://joinelectroniccenter.com/photos/Videocon/Sapphire-B.webp,https://static-01.daraz.com.np/p/b74b2fc73d40fe4d9bce7fef8b880986.jpg,1 Year Brand Warranty,daraz_scrape,9779851045662
Whirlpool,Air Conditioner,air conditioner,1.5 Ton / 18000 BTU,SPICR318W1,Air conditioner,109990,photos\Whirlpool\SPICR318W1.webp,https://joinelectroniccenter.com/photos/Whirlpool/SPICR318W1.webp,https://static-01.daraz.com.np/p/2b2bca1beed50422d779d05456a96d3a.jpg,"If your product does not come with any warranty, then you can still benefit from our return policy. Please read the return policy conditions here .",daraz_scrape,9779851045662
Whirlpool,Air Conditioner,air conditioner,1 Ton / 12000 BTU,SPICR 312W1,WHIRLPOOL 1 Ton Inverter AC SPICR 312W1 - White,87990,photos\Whirlpool\SPICR-312W1.webp,https://joinelectroniccenter.com/photos/Whirlpool/SPICR-312W1.webp,https://static-01.daraz.com.np/p/829cd1ab6aba08ad9f1614cd09921c9c.jpg,10 Years Brand Warranty,daraz_scrape,9779851045662
Whirlpool,Air Conditioner,air conditioner,1.5 Ton / 18000 BTU,SPOW 418/CA,WHIRLPOOL 1.5 Ton Non- Inverter AC SPICR 418/CA - White,84500,photos\Whirlpool\SPOW-418-CA.webp,https://joinelectroniccenter.com/photos/Whirlpool/SPOW-418-CA.webp,https://static-01.daraz.com.np/p/97f71f220cac580bc55df36cb61a8721.jpg,5 Years Brand Warranty,daraz_scrape,9779851045662
Whirlpool,Air Conditioner,air conditioner,192,215 VMPRO PRM 3S INV STEEL-Z,"Whirlpool 192 L 3 Star Vitamgic Pro Inverter Direct-Cool Single Door Refrigerator (215 VMPRO PRM 3S INV STEEL-Z, Auto Defrost Technology,",39800,photos\Whirlpool\215-VMPRO-PRM-3S-INV-STEEL-Z.webp,https://joinelectroniccenter.com/photos/Whirlpool/215-VMPRO-PRM-3S-INV-STEEL-Z.webp,https://static-01.daraz.com.np/p/847c4a809baa9d51ee45f75459632cc6.jpg,2 Years Brand Warranty,daraz_scrape,9779851045662
Whirlpool,Air Conditioner,air conditioner,Not Specified,Whirlpool-Whrilpool-Intellifre,Whrilpool Intellifresh Pro (327 Ltrs) 2 Star Convertible Frost Free Double-Door Refrigerator (21852),97000,photos\Whirlpool\21852.webp,https://joinelectroniccenter.com/photos/Whirlpool/21852.webp,https://static-01.daraz.com.np/p/72be8e6ecc4c8d270665215fbab7e0cf.jpg,"If your product does not come with any warranty, then you can still benefit from our return policy. Please read the return policy conditions here .",daraz_scrape,9779851045662
Whirlpool,Air Cooler,air cooler,50,SAR50WT01,"50 Liter Air Cooler With Trolley, Model-SAR50WT01, 1 Year Warranty",15690,photos\Whirlpool\SAR50WT01.webp,https://joinelectroniccenter.com/photos/Whirlpool/SAR50WT01.webp,https://static-01.daraz.com.np/p/48c44116fbb28aad5ad2417d76c49195.jpg,1 Year Brand Warranty,daraz_scrape,9779851045662
Whirlpool,Air Cooler,air cooler,50,VIBE 50,"Burly Brand 50 Liter Tower Air Cooler, Model-VIBE 50, 1 Year Warranty",17820,photos\Whirlpool\VIBE-50.webp,https://joinelectroniccenter.com/photos/Whirlpool/VIBE-50.webp,https://static-01.daraz.com.np/p/ab3b1dc71ad6afec326989205d27fa44.jpg,1 Year Brand Warranty,daraz_scrape,9779851045662
Whirlpool,Microwave Oven,microwave oven,20 L,20SE,WhirlPooI 20 Litres Solo Microwave With 18 Auto Cook Menus (Magicook Pro 20SE Black),15990,photos\Whirlpool\20SE.webp,https://joinelectroniccenter.com/photos/Whirlpool/20SE.webp,https://np-live-21.slatic.net/kf/S33516c3d317c405db4cefb723c3002058.jpg,1 year,daraz_scrape,9779851045662
Whirlpool,Microwave Oven,microwave oven,24 L,Magicook Pro 26CE,WhirlpooI 24 Litres All in One Convection Microwave With 130 Intellicook Menus,24796,photos\Whirlpool\Magicook-Pro-26CE.webp,https://joinelectroniccenter.com/photos/Whirlpool/Magicook-Pro-26CE.webp,https://np-live-21.slatic.net/kf/S99657aab0df14ca6bf1b047df4b1ee60X.jpg,1 year full parts & 3 years cavity & magnetrone,daraz_scrape,9779851045662
Whirlpool,Microwave Oven,microwave oven,24 L,Magicook pro 26CE Black,WhirlpooI 24 Litres All in One Convection Microwave With 130 Intellicook Menus (Magicook Pro 26CE Black),24796,photos\Whirlpool\Magicook-pro-26CE-Black.webp,https://joinelectroniccenter.com/photos/Whirlpool/Magicook-pro-26CE-Black.webp,https://np-live-21.slatic.net/kf/Saf531519178747db94e1b27c2ced8921Q.jpg,1 Year Brand Warranty,daraz_scrape,9779851045662
Whirlpool,Microwave Oven,microwave oven,29 L,31CES,"Whirlpool 29 Litres Convection Microwave Oven With 300 Plus Auto Cook Menus (Magicook Pro 31CES-E, Black, Air Fryer, Rotisserie)",35500,photos\Whirlpool\31CES.webp,https://joinelectroniccenter.com/photos/Whirlpool/31CES.webp,https://static-01.daraz.com.np/p/b22ddddaa8be2163b31fcb3aa6a319f8.jpg,2 Years Brand Warranty,daraz_scrape,9779851045662
Whirlpool,Microwave Oven,microwave oven,20 L,20se,Whirlpool Magicook Pro 20SE 20 L Microwave Solo (Black),16900,photos\Whirlpool\20se.webp,https://joinelectroniccenter.com/photos/Whirlpool/20se.webp,https://static-01.daraz.com.np/p/f9df5df0a6b8e36980e5622dc075ef26.jpg,Warranty:1 year comprehensive warranty on Product & 2 years on Magnetron.,daraz_scrape,9779851045662
Whirlpool,Microwave Oven,microwave oven,30 L,Whirlpool-Whirlpool-Microwave,Whirlpool Microwave Magi Cook 30 Liters Black Mirror Convection Grill Defrost Kitchen Appliance,33600,photos\Whirlpool\105918823-NP-1027834397.webp,https://joinelectroniccenter.com/photos/Whirlpool/105918823-NP-1027834397.webp,https://static-01.daraz.com.np/p/27eb816cd4e970d4d7b2058ba7555cef.jpg,1 years Full services Warranty,daraz_scrape,9779851045662
Whirlpool,Refrigerator,refrigerator,185,200 IMPC GREY NEP,Whirlpool  200 IMPC Cls 1s  Grey Nep - 185 Litres Direct Cooling Single Door Refrigerator Grey,30300,photos\Whirlpool\200-IMPC-GREY-NEP.webp,https://joinelectroniccenter.com/photos/Whirlpool/200-IMPC-GREY-NEP.webp,https://static-01.daraz.com.np/p/fe53817ae84a7fc4aac9ebda4fc17057.jpg,"2 year warranty on full part & 10 Years Warranty on Compressor , Physical Damage Not Applicable",daraz_scrape,9779851045662
Whirlpool,Refrigerator,refrigerator,185,200 GENIUS CLS plus  1S WINE,Whirlpool 185 Liter 200 Genius CLS  Plus 1S Wine Single Door Refrigerator,30551,photos\Whirlpool\200-GENIUS-CLS-plus-1S-WINE.webp,https://joinelectroniccenter.com/photos/Whirlpool/200-GENIUS-CLS-plus-1S-WINE.webp,https://static-01.daraz.com.np/p/bf7f446c12b6fc153440d665f6f8b61f.jpg,"2 year warranty on full part & 10 Years Warranty on Compressor , Physical Damage Not Applicable",daraz_scrape,9779851045662
Whirlpool,Refrigerator,refrigerator,185,200 IMPC 2S GREY-NEP,Whirlpool 185 Liter 200 IMPC CLS GREY NEP Single Door Refrigerator,28700,photos\Whirlpool\200-IMPC-2S-GREY-NEP.webp,https://joinelectroniccenter.com/photos/Whirlpool/200-IMPC-2S-GREY-NEP.webp,https://static-01.daraz.com.np/p/02d684059b43f1162126dbe5fa4da173.jpg,2 Years Brand Warranty,daraz_scrape,9779851045662
Whirlpool,Refrigerator,Single Door Direct Cool,190 L,WDE 205 CLS 2S,Whirlpool 190L Single Door Direct Cool Refrigerator (Wine Titanium),31990,,,,1 Year Comprehensive + 10 Years on Compressor,daraz_market,9779851045662
Whirlpool,Refrigerator,refrigerator,190,205IMPCROY,Whirlpool 205 IMPC ROY 2S SAPPHIRE LINNEA Single Door Refrigerator,38550,photos\Whirlpool\205IMPCROY.webp,https://joinelectroniccenter.com/photos/Whirlpool/205IMPCROY.webp,https://static-01.daraz.com.np/p/270594dbb52de523f4547ab14c37132d.jpg,2 Years Brand Warranty,daraz_scrape,9779851045662
Whirlpool,Refrigerator,Double Door Frost Free,265 L,NEOFRESH 278H PRM,Whirlpool 265L NeoFresh Frost Free Double Door Refrigerator,58990,,,,1 Year Comprehensive + 10 Years on Compressor,daraz_market,9779851045662
Whirlpool,Refrigerator,refrigerator,240,263 D Protton Roy Alpha Steel,Whirlpool 3 Doors  Refrigerator 240Ltrs 263 D Protton Roy Alpha Steel,61267,photos\Whirlpool\263-D-Protton-Roy-Alpha-Steel.webp,https://joinelectroniccenter.com/photos/Whirlpool/263-D-Protton-Roy-Alpha-Steel.webp,https://static-01.daraz.com.np/p/3ac8f9d07a06408d70b78571642efc7b.jpg,2 year warranty on manufactures defects 10 years Warranty on Compressor,daraz_scrape,9779851045662
Whirlpool,Refrigerator,Bottom Mount Inverter Refrigerator,325 L,IF INV CNV 355 ELT,Whirlpool 325L Intellifresh Inverter Bottom Mount Refrigerator,92990,,,,1 Year Comprehensive + 10 Years on Inverter Compressor,daraz_market,9779851045662
Whirlpool,Refrigerator,refrigerator,245,Neo 258LH Cls plus Chromium Steel,Whirlpool Neo 258LH Cls plus Chromium Steel 245 L 1 Star Frost-Free Double Door Refrigerator,55818,photos\Whirlpool\Neo-258LH-Cls-plus-Chromium-Steel.webp,https://joinelectroniccenter.com/photos/Whirlpool/Neo-258LH-Cls-plus-Chromium-Steel.webp,https://static-01.daraz.com.np/p/06b3247dff151eae5ca5c265a7db26e7.jpg,"2 year warranty on full part & 10 Years Warranty on Compressor , Physical Damage Not Applicable",daraz_scrape,9779851045662
Whirlpool,Small Home Appliance,Convection Microwave Oven,25 Litre,MAGICCOOK 25C ELITE,Whirlpool 25L Magicook Convection Microwave Oven,27990,,,,1 Year Comprehensive + 5 Years on Magnetron,daraz_market,9779851045662
Whirlpool,Television,television,,32W8000F,"VESTEL 32"" Normal LED TV | Free Wall Mount | 3 Years Warranty | IPS Panel | Dolby Sound | HDR | 32 Inch Normal Television",24990,photos\Whirlpool\32W8000F.webp,https://joinelectroniccenter.com/photos/Whirlpool/32W8000F.webp,https://static-01.daraz.com.np/p/921f2937ee63c03f315ec7c780fb6df7.png,1 year full warranty + 2 years service warranty (Water damage and physical damage cannot be claimed),daraz_scrape,9779851045662
Whirlpool,Washing Machine,washing machine,7.5,Whirlpool--Whirlpool-Stainwash,"""Whirlpool Stainwash Cold Non-Hot Wash 7.5kg 5 Star Fully Automatic Top-Load Washing Machine""",43900,photos\Whirlpool\31686.webp,https://joinelectroniccenter.com/photos/Whirlpool/31686.webp,https://static-01.daraz.com.np/p/aeb436e1d7ada9da8d116271b9f1b575.png,10 years motor Warranty,daraz_scrape,9779851045662
Whirlpool,Washing Machine,washing machine,7,Magic Clean 7.0 Genx Grey-2,WhirlpooI 7 Kg Fully Automatic Top Load Washing Machine Magic Clean 7.0 Genx,40504,photos\Whirlpool\Magic-Clean-7-0-Genx-Grey.webp,https://joinelectroniccenter.com/photos/Whirlpool/Magic-Clean-7-0-Genx-Grey.webp,https://np-live-21.slatic.net/kf/S53a5a150addf4273bf261846094c103by.jpg,2 years full product & 10 years motor warranty,daraz_scrape,9779851045662
Whirlpool,Washing Machine,washing machine,7,WM Classic 7.0 Genx Grey,WhirlpooI 7 Kg Fully Automatic Top Load Washing Machine Magic Clean 7.0 Genx Grey,40504,photos\Whirlpool\WM-Classic-7-0-Genx-Grey.webp,https://joinelectroniccenter.com/photos/Whirlpool/WM-Classic-7-0-Genx-Grey.webp,https://np-live-21.slatic.net/kf/S6bf95110f6974ea8b2049ddb1d8dca4eR.jpg,2 Years Brand Warranty,daraz_scrape,9779851045662
Whirlpool,Washing Machine,washing machine,7.5,ELITE 7.5,"Whirlpool 7.5 Kg 5 Star Fully-Automatic Top Loading Washing Machine (WHITEMAGIC ELITE 7.5, Grey, Hard Water Wash)",43900,photos\Whirlpool\ELITE-7-5.webp,https://joinelectroniccenter.com/photos/Whirlpool/ELITE-7-5.webp,https://np-live-21.slatic.net/kf/S2b3b94186f3e4e228919a9e5e1295435A.jpg,2 Years Brand Warranty,daraz_scrape,9779851045662
Whirlpool,Washing Machine,Top Load Fully Automatic,7.5 KG,360 BLOOMWASH PRO 7.5,Whirlpool 7.5KG 360 Bloomwash Pro Top Load Washer (Hotmatic),48990,,,,1 Year Comprehensive + 10 Years on Motor,daraz_market,9779851045662
Whirlpool,Washing Machine,Semi-Automatic Top Load,7.5 KG,SUPERB ATOM 75,Whirlpool 7.5KG Superb Atom Semi-Automatic Washing Machine,23990,,,,1 Year Comprehensive + 5 Years on Motor,daraz_market,9779851045662
Whirlpool,Washing Machine,Front Load Fully Automatic,8 KG,FRESHCARE 8014,Whirlpool 8KG FreshCare Inverter Front Load Washing Machine,81990,,,,1 Year Comprehensive + 10 Years on Motor,daraz_market,9779851045662
Whirlpool,Washing Machine,washing machine,8,Whirlpool-Whirlpool-Xpert-Care,Whirlpool Xpert Care 8kg 5 Star Front Load Washing Machine with in-built Heater,78160,photos\Whirlpool\33044.webp,https://joinelectroniccenter.com/photos/Whirlpool/33044.webp,https://static-01.daraz.com.np/p/fd3ff047fd0f5faa58315e5e43fced1f.jpg,1 year full service warranty and10 years motor Warranty.,daraz_scrape,9779851045662
Whirlpool,Water Dispenser,water dispenser,,ATLANTIS,ATLANTIS Prime Hot Normal and Cold water Dispenser with Refrigerator Cabinet Bottled Water Dispenser,25000,photos\Whirlpool\176081530-NP-1198916101.webp,https://joinelectroniccenter.com/photos/Whirlpool/176081530-NP-1198916101.webp,https://np-live-21.slatic.net/kf/S6e8d4ebabc954cdfa20be1b6283d20abQ.jpg,1 Year Brand Warranty,daraz_scrape,9779851045662
Whirlpool,Water Dispenser,water dispenser,,Whirlpool-Famous-Bottom-Loadin,"Famous Bottom Loading Water Dispenser 3 in 1 Hot,Cold And Normal",16750,photos\Whirlpool\127789802-NP-1034727834.webp,https://joinelectroniccenter.com/photos/Whirlpool/127789802-NP-1034727834.webp,https://np-live-21.slatic.net/kf/S8899c65a0690435ea0352e4a7b80af29f.jpg,1 Year Brand Warranty,daraz_scrape,9779851045662
Whirlpool,Water Dispenser,water dispenser,5L/HR,Whirlpool-Famous-Water-Dispens,"Famous Water Dispenser 3 In 1 Hot,Cold And Normal",14250,photos\Whirlpool\127792227-NP-1034751375.webp,https://joinelectroniccenter.com/photos/Whirlpool/127792227-NP-1034751375.webp,https://np-live-21.slatic.net/kf/S513eca0f0535446e8cca02753e820218N.jpg,1 Year Brand Warranty,daraz_scrape,9779851045662
Whirlpool,Water Purifier,water purifier,8,Sapphire-B-2,"KENT Sapphire-B RO Water Purifier | RO+UF+Inline UV+Alkaline+TDS Control | UV LED in Tank | 20 LPH | 8L Storage | Ideal for Borewell, Tanker & Municipal Water | Wall Mount",46690,photos\Whirlpool\Sapphire-B.webp,https://joinelectroniccenter.com/photos/Whirlpool/Sapphire-B.webp,https://static-01.daraz.com.np/p/b74b2fc73d40fe4d9bce7fef8b880986.jpg,1 Year Brand Warranty,daraz_scrape,9779851045662
