brand,category,type,capacity,model_code,product_name,mrp_npr,short_description,detailed_specs,specs_list,image_url,photo_path,warranty,source,whatsapp
AURA,Air Conditioner,air conditioner,1 Ton / 12000 BTU,AU12FSWAC,AURA Air Conditioner 1 Ton Non Inverter Split Type AC - AU12NSWAC,53500,&nbsp;B rand Name : Aura&nbsp; | | Model NO : Au12NSWAC | | Capacity : 1 Ton | | On/Off Compressor | | Sleek and Elegant Design | | | Gold Fin Coated Pipe | | 4 Way Air Flow | | Type: Heating Pump | | Remote Control | | EER/COP: 3.21/3.40 | | 1 year&nbsp; Full Service Warranty &amp; 3 Years Warranty on Compressor | | | Indoor Unit Dimensions (W x D x H in MM): 777 × 250 × 201 | | Outdoor Unit Dimensions (W x D x H in MM): 777 × 290 × 498,Brand: AURA; SKU: 133291003_NP-1052970515; Inverter: No; Connecting Wire: Yes; air_conditioner_rated_capacity: 1 Ton / 12000 BTU; Room Size: 180 SqFt; type_air_conditioner: Not Specified; Kit Included: Yes; Power Consumption: 1300; Model: AU12FSWAC; Warranty Policy EN: 1 year  Full Service Warranty & 3 Years Warranty on Compressor,Brand: AURA | SKU: 133291003_NP-1052970515 | Inverter: No | Connecting Wire: Yes | air_conditioner_rated_capacity: 1 Ton / 12000 BTU | Room Size: 180 SqFt | type_air_conditioner: Not Specified | Kit Included: Yes | Power Consumption: 1300 | Model: AU12FSWAC | Warranty Policy EN: 1 year  Full Service Warranty & 3 Years Warranty on Compressor,https://static-01.daraz.com.np/p/2873afb7e40cd39f0d918a74b04a7677.png,photos\AURA\AU12FSWAC.png,1 year Full Service Warranty & 3 Years Warranty on Compressor,daraz_scrape,9779765985999
AURA,Air Conditioner,air conditioner,,AURA-Portable-Air-Conditi,Portable Air Conditioner Usb Desktop Cooler Conditioning Humidifier Mini Cooling Fan,999,"Fast Cooling Down & Personal Air Cooler & Air Humidifier - Portable Cooling Fan with strong wind, 5 spray humidification modes and 600ml water tank design, which can effectively provide cool air flow where you need it most. What the best is adding ice water to make it a mini air conditioner, giving you moist and fresh cold air. Cools you down in seconds in a hot kitchen, bedroom or office. Not only can humidify the air, but also drive cool air circulation in your room. Portable Mini Size & Easy to Use - This portable air conditioner fan is design with mini size of length 7.87″, width 3.34″, height 10.23″, and equated with 1.5m USB cable, which you can charge anywhere by simply connecting to a device that supports a USB port, provide a more convenient life for you. And unique leather handle design, which is stylish and durable, easy to carry, perfect for outdoor camping, picnic, travel, home, office, etc. A great summer gift for your family or friends! Adjustable Speeds & Automatic Timing - Our air cooling fan with 3 wind speeds and 5 Spray Modes, which can efficiently cool the hot air & humidify dry air around you. Manual up-down to adjust blowing direction and three automatic timi",Brand: No Brand; SKU: 142481244_NP-2211096112; Model: no,Brand: No Brand | SKU: 142481244_NP-2211096112 | Model: no,https://static-01.daraz.com.np/p/2569d4e5bf2faf454022961c0ddabda4.jpg,photos\AURA\no.jpg,"If your product does not come with any warranty, then you can still benefit from our return policy. Please read the return policy conditions here .",daraz_scrape,9779765985999
AURA,Air Conditioner,air conditioner,,AURA-Wall-Hole-Sealing-Gl,Wall Hole Sealing Glue Air Conditioner Hole Repair Waterproof,120,• Wall Hole Sealing Glue for waterproofing and repairing air conditioner holes. • Perfect for DIY and outdoor painting and decorating projects. • Provides a strong and long-lasting seal. • Easy to apply and dries quickly. • Ideal for use on a variety of surfaces. • Helps to prevent water damage and air leaks. • A must-have for any home repair toolkit. Highlights: • Wall Hole Sealing Glue for waterproofing and repairing air conditioner holes. | • Perfect for DIY and outdoor painting and decorating projects. | • Provides a strong and long-lasting seal. | • Easy to apply and dries quickly. | • Ideal for use on a variety of surfaces. | • Helps to prevent water damage and air leaks. | • A must-have for any home repair toolkit.,Brand: No Brand; SKU: 129504266_NP-1037467090,Brand: No Brand | SKU: 129504266_NP-1037467090,https://static-01.daraz.com.np/p/e4d7432e2546d22731ac6eaf48d1cf53.jpg,photos\AURA\129504266-NP-1037467090.jpg,"If your product does not come with any warranty, then you can still benefit from our return policy. Please read the return policy conditions here .",daraz_scrape,9779765985999
AURA,Air Cooler,Desert Air Cooler,65 Ltr,AURA-COOL-65L,AURA 65 Litre Heavy Duty Desert Air Cooler,15990,"AURA 65L Desert Air Cooler with large ice compartment, dense honeycomb pads, and high velocity airflow.",Tank Capacity: 65L | Dense Honeycomb Cooling Pads | Ice Chamber | Multi-Directional Air Flow | Inverter Friendly,Tank Capacity: 65L | Dense Honeycomb Cooling Pads | Ice Chamber | Multi-Directional Air Flow | Inverter Friendly,https://static-01.daraz.com.np/p/aura-65l-desert-air-cooler.jpg,,1 Year Motor Warranty,daraz_market,9779765985999
AURA,Air Cooler,air cooler,2 Ton / 24000 BTU,AU24NSWAC,AURA Air Conditioner 2 Ton Non Inverter Split Type AC - AU24NSWAC,103500,2 Ton | | On/Off Compressor | | 3 Years Warranty on Compressor | | Sleek and Elegant Design | | Gold Fin Coated Pipe | | 4 Way Air Flow | | Type: Heating Pump | | Remote Control | | EER/COP: 3.22/3.63 | | Suitable Area: 30-40 Sq. m. | | Indoor Unit Dimensions (W x D x H in MM): 1010 × 315 × 220 | | Outdoor Unit Dimensions&nbsp;(W x D x H in MM): 886 × 357 × 605,Brand: AURA; SKU: 131786022_NP-1038983379; Inverter: No; Connecting Wire: Yes; air_conditioner_rated_capacity: 2 Ton / 24000 BTU; Room Size: 30-90 sq meters; type_air_conditioner: Single Split System; Kit Included: Yes; Power Consumption: 2830; Model: AU24NSWAC,Brand: AURA | SKU: 131786022_NP-1038983379 | Inverter: No | Connecting Wire: Yes | air_conditioner_rated_capacity: 2 Ton / 24000 BTU | Room Size: 30-90 sq meters | type_air_conditioner: Single Split System | Kit Included: Yes | Power Consumption: 2830 | Model: AU24NSWAC,https://static-01.daraz.com.np/p/d115d23727f63623e337d7997c73ab21.png,photos\AURA\AU24NSWAC.png,1 Year Seller Warranty,daraz_scrape,9779765985999
AURA,Refrigerator,air cooler,110 L,AURA,AURA Chest Freezer 110 Ltrs - AUCF110HW,31510,3 Years Warranty on Compressor | | Glossy White Plastic Inner Coating | | Super Freezing Capacity | | Sliding Glass Door | | Adjustable Wheels | | Led Light | | External Handle | | Mechanical temperature control | | Lock and Key | | Basket,Brand: AURA; SKU: 131837189_NP-1039067537,Brand: AURA | SKU: 131837189_NP-1039067537,https://static-01.daraz.com.np/p/c91a7f74e4c68afca27606148cda9c34.png,photos\AURA\131837189-NP-1039067537.png,1 Year Seller Warranty,daraz_scrape,9779765985999
AURA,Small Home Appliance,air cooler,,AU20ICGB,Aura 2000 Watt Induction AU20ICGB,4530,"2000W, Black Crystal Top, Attractive flower pattern, touch Control, Auto cook Mode, Timer Function",Brand: AURA; SKU: 119954027_NP-1032793630,Brand: AURA | SKU: 119954027_NP-1032793630,https://static-01.daraz.com.np/p/1da8988f811277dd7d3e95d3b9c04b58.jpg,photos\AURA\119954027-NP-1032793630.jpg,1 Year Brand Warranty,daraz_scrape,9779765985999
AURA,Air Cooler,air cooler,0.18,180ML,"Bulk Bazaar Premium Humidifier | AuraDecor Flame Aroma Diffuser Humidifier 180ML | Ultrasonic Cool Mist Air Humidifier with Flame Effect | Essential Oil Diffuser, 7 Color Night Light, Auto Shut Off, Ultra Quiet for Bedroom, Home & Office",3000,"Create a calming and luxurious atmosphere with the AuraDecor Flame Aroma Diffuser Humidifier 180ML, a stylish 3-in-1 ultrasonic cool mist humidifier, aroma diffuser, and ambient night light. Designed with a realistic flame effect, this diffuser uses advanced ultrasonic mist technology and LED lighting to simulate a soothing flame—perfect for relaxation, meditation, yoga, and sleep. The 180ml water tank delivers continuous mist for up to 8–10 hours, helping improve air quality, reduce dryness, and support skin hydration. Add a few drops of essential oils to enjoy aromatherapy benefits like stress relief and better sleep. With ultra-quiet 30dB operation, USB power, and automatic shut-off safety protection, it’s ideal for bedrooms, offices, desks, massage rooms, and daily home use. Highlights: 3-in-1 Flame Aroma Diffuser Humidifier | | – Works as humidifier, essential oil diffuser &amp; night lamp | | | | | | Realistic Flame Effect Design | | – LED light and mist create a calming flame ambiance | | | | | | Ultrasonic Cool Mist Technology | | – Even mist output without heat or noise | | | | | | 180ML Water Tank Capacity | | – Lasts up to 8–10 hours on a single refill | | | | | | Ultra-","Brand: No Brand; SKU: 1512069513_NP-12295659580; Room Size: Not Specified; Capacity (Litres): 0.18; Air Humidifier Features: Large Capacity,Purifier,Aromatherapy,LED light,USB Charging","Brand: No Brand | SKU: 1512069513_NP-12295659580 | Room Size: Not Specified | Capacity (Litres): 0.18 | Air Humidifier Features: Large Capacity,Purifier,Aromatherapy,LED light,USB Charging",https://static-01.daraz.com.np/p/de4d6ce7a62707e61366b5e996281ca3.png,photos\AURA\1512069513-NP-12295659580.png,"If your product does not come with any warranty, then you can still benefit from our return policy. Please read the return policy conditions here .",daraz_scrape,9779765985999
AURA,Microwave Oven,microwave oven,25 L,AUMG2515M,Aura 25 Ltr Grill Microwave (AUMG2515M),16500,Product Specification 25 Ltr Grill Function Power Usage Function Power (Watt) Heating 900W Grill 1000W Highlights: 3 Years Warranty on Magnetron | | | | | | Gourmet Oven | | | | | | 25+ Auto Cook Menus | | | | | | Cooking End Signal | | | | | | Touch LED Display | | | | | | 6 Power Levels | | | | | | Defrost by weight &amp; time,Brand: AURA; SKU: 491086761_NP-2203637680; Model: AUMG2515M; Warranty Policy EN: 1 x Aura 25 Ltr Microwave,Brand: AURA | SKU: 491086761_NP-2203637680 | Model: AUMG2515M | Warranty Policy EN: 1 x Aura 25 Ltr Microwave,https://static-01.daraz.com.np/p/a8d19c3db1974aad5ed2dc1e277f5b03.png,photos\AURA\AUMG2515M.png,3 Years Brand Warranty,daraz_scrape,9779765985999
AURA,Microwave Oven,microwave oven,25 L,AUMC2550M,Aura 25 Ltr Grill and Convection Microwave (AUMC2550M),21900,25 Ltr | | | | | | 3 Years Warranty on Magnetron | | | | | | 190+cooking menus | | | | | | 99:99 cooking timer | | | | | | cooking end signal | | | | | | multi cooking stage | | | | | | 11 microwave output power level | | | | | | Defrost by weight or time,Brand: AURA; SKU: 122097714_NP-1033196320; Model: AUMC2550M,Brand: AURA | SKU: 122097714_NP-1033196320 | Model: AUMC2550M,https://static-01.daraz.com.np/p/0d9531d0db314329d552590eb56e7534.png,photos\AURA\AUMC2550M.png,1 Year Brand Warranty,daraz_scrape,9779765985999
AURA,Microwave Oven,microwave oven,32 L,AUMC32150FM,Aura 32 Ltr Grill and Convection Microwave (AUMC32150FM),28900,3 Years Warranty on Magnetron | | Gourmet Oven | | Mirror Door | | 390+ Auto Cook Menus | | Cooking End Signal | | Touch LED Display | | Digital Control and Clock | | 6 Power Levels | | Defrost by weight &amp; time | | Grill and Convection Function,Brand: AURA; SKU: 125065403_NP-1033956663,Brand: AURA | SKU: 125065403_NP-1033956663,https://static-01.daraz.com.np/p/d0b12b9204e4463cd7d216ab0d7cb738.jpg,photos\AURA\125065403-NP-1033956663.jpg,1 Year Brand Warranty,daraz_scrape,9779765985999
AURA,Refrigerator,refrigerator,250,AUCF250HW,AURA Chest Freezer 250 Ltrs - AUCF250HW,49348,3 Years Warranty on Compressor | | Glossy White Plastic Inner Coating | | Compressor Fan | | Super Freezing Capacity | | Sliding Glass Door | | Adjustable Wheels | | Led Light | | External Handle | | Mechanical temperature control | | Lock and Key | | Basket,Brand: AURA; SKU: 131830333_NP-1039075002; Model: AUCF250HW; Capacity: 250; Freezer Type: Chest,Brand: AURA | SKU: 131830333_NP-1039075002 | Model: AUCF250HW | Capacity: 250 | Freezer Type: Chest,https://static-01.daraz.com.np/p/26f9b48b6d3ba94fcf7b0741be2394b8.png,photos\AURA\AUCF250HW.png,1 Year Seller Warranty,daraz_scrape,9779765985999
AURA,Refrigerator,refrigerator,300,AUCF300HW,AURA Chest Freezer 300 Ltrs - AUCF300HW,58571,3 Years Warranty on Compressor | | Glossy White Plastic Inner Coating | | Compressor Fan | | Super Freezing Capacity | | Sliding Glass Door | | Adjustable Wheels | | Led Light | | External Handle | | Mechanical temperature control | | Lock and Key | | Basket,Brand: AURA; SKU: 131828377_NP-1039066559; Capacity: 300; Freezer Type: Chest; Model: AUCF300HW,Brand: AURA | SKU: 131828377_NP-1039066559 | Capacity: 300 | Freezer Type: Chest | Model: AUCF300HW,https://static-01.daraz.com.np/p/56a067c316952958afe7ca559c6cb066.png,photos\AURA\AUCF300HW.png,1 Year Seller Warranty,daraz_scrape,9779765985999
AURA,Refrigerator,refrigerator,350,AUCF350HW,AURA Chest Freezer 350 Ltrs - AUCF350HW,66477,3 Years Warranty on Compressor | | Glossy White Plastic Inner Coating | | Compressor Fan | | Super Freezing Capacity | | Sliding Glass Door | | Adjustable Wheels | | Led Light | | External Handle | | Mechanical temperature control | | Lock and Key | | Basket,Brand: AURA; SKU: 131837208_NP-1039062891; Model: AUCF350HW; Capacity: 350; Freezer Type: Chest,Brand: AURA | SKU: 131837208_NP-1039062891 | Model: AUCF350HW | Capacity: 350 | Freezer Type: Chest,https://static-01.daraz.com.np/p/7edba9a45d4504d764c00d82442066c1.png,photos\AURA\AUCF350HW.png,1 Year Seller Warranty,daraz_scrape,9779765985999
AURA,Refrigerator,refrigerator,250,AU250W,Aura  250 Liter Single Door Showcase | AU250W/ 5 Years Warranty,75150,"Keep your beverages fresh, chilled, and beautifully displayed with the stylish AURA Commercial Display Cooler. Designed for shops, supermarkets, cafés, restaurants, and convenience stores, this premium glass door refrigerator combines modern design with powerful cooling performance. Its elegant white body and illuminated AURA top branding create an attractive display that instantly catches customer attention. The cooler features a high-quality transparent double-layer glass door that helps maintain internal temperature while allowing customers to clearly view products inside. With spacious adjustable shelves, you can easily organize soft drinks, juice bottles, water, dairy items, energy drinks, and other chilled products according to your business needs. Equipped with an advanced fan cooling system, the refrigerator provides fast and even cooling throughout the cabinet, ensuring every product stays perfectly chilled. The built-in LED lighting enhances product visibility and gives the cooler a premium showroom look, especially during nighttime operation. For added convenience and security, the AURA cooler includes a built-in lock and key system, making it ideal for commercial use. T","Brand: AURA; SKU: 1519360908_NP-12347169485; Capacity: 250; Country Of Origin: India; Freezer Type: Chest; Freezer Features: Showcase Door,Adjustable Shelves; Auto Defrost: NO; Model: AU250W; Warranty Policy EN: 2 years Full Service Warranty & 5 years Warranty on Compressor","Brand: AURA | SKU: 1519360908_NP-12347169485 | Capacity: 250 | Country Of Origin: India | Freezer Type: Chest | Freezer Features: Showcase Door,Adjustable Shelves | Auto Defrost: NO | Model: AU250W | Warranty Policy EN: 2 years Full Service Warranty & 5 years Warranty on Compressor",https://static-01.daraz.com.np/p/07f0d4ba3d56fd0ef6e3b353a15e121e.jpg,photos\AURA\AU250W.jpg,2 Years Brand Warranty,daraz_scrape,9779765985999
AURA,Refrigerator,refrigerator,375 L,AUS375W,Aura 375  Liters  Single Door Showcase | AUS375W/ 5 Years Warranty,87550,"Keep your beverages fresh, chilled, and beautifully displayed with the stylish AURA Commercial Display Cooler. Designed for shops, supermarkets, cafés, restaurants, and convenience stores, this premium glass door refrigerator combines modern design with powerful cooling performance. Its elegant white body and illuminated AURA top branding create an attractive display that instantly catches customer attention. The cooler features a high-quality transparent double-layer glass door that helps maintain internal temperature while allowing customers to clearly view products inside. With spacious adjustable shelves, you can easily organize soft drinks, juice bottles, water, dairy items, energy drinks, and other chilled products according to your business needs. Equipped with an advanced fan cooling system, the refrigerator provides fast and even cooling throughout the cabinet, ensuring every product stays perfectly chilled. The built-in LED lighting enhances product visibility and gives the cooler a premium showroom look, especially during nighttime operation. For added convenience and security, the AURA cooler includes a built-in lock and key system, making it ideal for commercial use. T",Brand: No Brand; SKU: 1544240456_NP-12361166048; Country Of Origin: India; Freezer Type: Upright; Freezer Features: Showcase Door; Auto Defrost: YES; Model: AUS375W; Warranty Policy EN: 2 years Full Service Warranty & 5 years Warranty on Compressor,Brand: No Brand | SKU: 1544240456_NP-12361166048 | Country Of Origin: India | Freezer Type: Upright | Freezer Features: Showcase Door | Auto Defrost: YES | Model: AUS375W | Warranty Policy EN: 2 years Full Service Warranty & 5 years Warranty on Compressor,https://static-01.daraz.com.np/p/7219d4099e531149d77ca1831a5c683c.jpg,photos\AURA\AUS375W.jpg,2 Years Brand Warranty,daraz_scrape,9779765985999
AURA,Refrigerator,refrigerator,280,HYCGR2-280RK,Hyundai Double Door Refrigerators 280 Ltr .,62900,This Hyundai Double Door Refrigerator has a capacity of 280 liters and a frost-free Nofrost system. It has a 5-star energy rating and comes with an 11-year warranty. The refrigerator is designed with a freezer on top and double doors for easy access to your food and drinks. The product is from the brand Generic and has a model number of HYCGR2-280RK. This refrigerator is perfect for those who need a spacious and energy-efficient appliance to keep their food fresh and organized. Highlights: 280 Ltrs | | Stylish Handle | | Tempered Glass Shelves | | No Frost | | Stylish Interior LED Light | | Large Crisper Drawer with Humidity Control | | Anti Bacterial Gasket | | Reversible Door | | Lock &amp; Key | | Twist Ice Maker/Egg Tray | | Energy Class A+ | | Heavy Compressor | | Smart Cooling System | | 930 min. Back-Up After Power Off | | Stabilizer Free Operation (160V - 240V) | | Colour: INOX Silver | | 11 Years Warranty,Brand: HYUNDAI; SKU: 128283578_NP-1035528432; Refrigerator Type: Double Door; Net Depth (mm): 65; Net Height (mm): 120; Energy Rating: 5; Refrigerator Capacity (L): 280; Net Width (mm): 65; Warranty Duration: 11 Years; Inverter type air-conditioner: No; Number of doors: 2; Fridge Configuration: Freezer on top; Nofrost system: Frost Free; Model: HYCGR2-280RK; Warranty Policy EN: 11 Year Warranty On Compressor And 2 Years Warranty,Brand: HYUNDAI | SKU: 128283578_NP-1035528432 | Refrigerator Type: Double Door | Net Depth (mm): 65 | Net Height (mm): 120 | Energy Rating: 5 | Refrigerator Capacity (L): 280 | Net Width (mm): 65 | Warranty Duration: 11 Years | Inverter type air-conditioner: No | Number of doors: 2 | Fridge Configuration: Freezer on top | Nofrost system: Frost Free | Model: HYCGR2-280RK | Warranty Policy EN: 11 Year Warranty On Compressor And 2 Years Warranty,https://static-01.daraz.com.np/p/37ec558b0ed4144b0c07fc3ed8a6e7a7.jpg,photos\AURA\HYCGR2-280RK.jpg,11 Year Warranty On Compressor And 2 Years Warranty,daraz_scrape,9779765985999
AURA,Television,HD Smart TV,32 Inch,AURA-32HD-ATV,"AURA 32"" Frameless HD Smart Android TV",19990,"AURA 32-inch Frameless HD Smart LED TV with Android OS, WiFi, screen mirroring, and YouTube.","Screen: 32 Inch | HD Ready (1366x768) | Android TV OS | Frameless Design | 2x HDMI, 2x USB | 16W Box Speakers","Screen: 32 Inch | HD Ready (1366x768) | Android TV OS | Frameless Design | 2x HDMI, 2x USB | 16W Box Speakers",https://static-01.daraz.com.np/p/aura-32-hd-smart-tv.jpg,,1 Year Comprehensive + 2 Years on Panel,daraz_market,9779765985999
AURA,Television,FHD Smart Android TV,43 Inch,AURA-43FHD-ATV,"AURA 43"" Full HD Frameless Smart Android TV",38990,"AURA 43-inch Full HD frameless Smart TV with Google Android OS, Play Store, and YouTube 1080p.","Screen: 43 Inch | Full HD 1080p | Android TV OS | Frameless Bezel | 20W Stereo Sound | 2x HDMI, 2x USB","Screen: 43 Inch | Full HD 1080p | Android TV OS | Frameless Bezel | 20W Stereo Sound | 2x HDMI, 2x USB",https://static-01.daraz.com.np/p/aura-43-fhd-smart-tv.jpg,,1 Year Comprehensive + 2 Years on Panel,daraz_market,9779765985999
AURA,Television,4K UHD Smart WebOS TV,50 Inch,AURA-50U4K-WOS,"AURA 50"" 4K UHD WebOS Smart TV",59990,AURA 50-inch 4K UHD WebOS TV with frameless metallic bezel and crisp HDR cinema display.,Screen: 50 Inch | 4K UHD | WebOS Hub | Magic Remote | ThinQ AI | 20W Dolby Speakers | Dual Band WiFi,Screen: 50 Inch | 4K UHD | WebOS Hub | Magic Remote | ThinQ AI | 20W Dolby Speakers | Dual Band WiFi,https://static-01.daraz.com.np/p/aura-50-4k-webos-smart-tv.jpg,,1 Year Comprehensive + 2 Years on Panel,daraz_market,9779765985999
AURA,Television,4K UHD Smart WebOS TV,55 Inch,AURA-55U4K-WOS,"AURA 55"" 4K UHD WebOS Smart TV with Magic Remote",69990,AURA 55-inch 4K UHD Smart TV powered by official WebOS Hub with Magic Motion Remote and Dolby Audio.,"Screen: 55 Inch | 4K UHD (3840x2160) | Official LG WebOS Hub | Magic Remote with Air Mouse & Voice | HDR10 | Dolby Audio | 3x HDMI, 2x USB","Screen: 55 Inch | 4K UHD (3840x2160) | Official LG WebOS Hub | Magic Remote with Air Mouse & Voice | HDR10 | Dolby Audio | 3x HDMI, 2x USB",https://static-01.daraz.com.np/p/aura-55-4k-webos-smart-tv.jpg,,1 Year Comprehensive + 2 Years on Panel,daraz_market,9779765985999
AURA,Television,television,,AU32S,"Aura 32"" (32 inch) Android Smart TV - AU32S",21500,Full-Screen Display | | | | | | HD Resolution | | | | | | Android 14 | | | | | | WiFi | | | | | | YouTube | | | | | | Netflix | | | | | | Prime Video | | | | | | Google Play Store | | | | | | Screen Mirroring | | | | | | 1GB RAM + 8GB ROM | | | | | | 20W Sound Output | | | | | | USB- 2 | | | | | | HDMI- 2,Brand: AURA; SKU: 125090567_NP-1033968038; Smart TV OS: Android OS; Tv Resolution: HD (720p / 1280×720); Smart TV: Yes; display_size_tv: 32,Brand: AURA | SKU: 125090567_NP-1033968038 | Smart TV OS: Android OS | Tv Resolution: HD (720p / 1280×720) | Smart TV: Yes | display_size_tv: 32,https://static-01.daraz.com.np/p/5b5bb139da74a63a83c38fdd7de46a9b.png,photos\AURA\125090567-NP-1033968038.png,1 Year Seller Warranty,daraz_scrape,9779765985999
AURA,Television,television,,AU43S,"Aura 43"" (43 inch) Android Smart TV - AU43S",36500,Full-Screen Display | | | | | | Full HD (FHD) Resolution | | | | | | Android 14 | | | | | | WiFi | | | | | | YouTube | | | | | | Netflix | | | | | | Prime Video | | | | | | Google Play Store | | | | | | Screen Mirroring | | | | | | 1GB RAM + 8GB ROM | | | | | | 20W Sound Output | | | | | | USB- 2 | | | | | | HDMI- 2,Brand: AURA; SKU: 125096239_NP-1033969001; Display Resolution: 1920 × 1080; Smart TV OS: Android OS; Speakers Config: 20W; TV Technology: Full HD; Number of USB ports: 2; Tv Resolution: Full HD (1080p / 1920×1080); Number of HDMI Ports: 2; Smart TV: Yes; display_size_tv: 43; Model: AU43S,Brand: AURA | SKU: 125096239_NP-1033969001 | Display Resolution: 1920 × 1080 | Smart TV OS: Android OS | Speakers Config: 20W | TV Technology: Full HD | Number of USB ports: 2 | Tv Resolution: Full HD (1080p / 1920×1080) | Number of HDMI Ports: 2 | Smart TV: Yes | display_size_tv: 43 | Model: AU43S,https://static-01.daraz.com.np/p/b34a05ff0d94071d08f59a44c6a8d0af.png,photos\AURA\AU43S.png,1 Year Seller Warranty,daraz_scrape,9779765985999
AURA,Washing Machine,washing machine,7,OLFL 8WM,Aura 7 Kg Front Load Washing Machine Comet 4.5 kg Free,55500,Model - DL-FLWM8012IVT | | 7 Kg Capacity | | Titanium Color | | 1200 RPM | | BLDC Inverter Motor | | 3D Steam Prewash | | 99% Allergy Care | | 15 Wash Programmes | | 15 Minutes Quick Wash | | 1 years Full Priduct Warranty | | 10 Years Motor Warranty,"Brand: della; SKU: 131519364_NP-2157300593; Washing features: Cotton,Spin dry; Washing Capacity (kg): 7; Drum Type: Steel; Type of Washing Machine: Front Load; Maximum Spin Speed (RPM): 1200; Top Type: Front Load; Model Name/Number: OLFL 8WM","Brand: della | SKU: 131519364_NP-2157300593 | Washing features: Cotton,Spin dry | Washing Capacity (kg): 7 | Drum Type: Steel | Type of Washing Machine: Front Load | Maximum Spin Speed (RPM): 1200 | Top Type: Front Load | Model Name/Number: OLFL 8WM",https://np-live-21.slatic.net/kf/S2d420ac9aeb846fdb8b7cb1eade5744ce.jpg,photos\AURA\OLFL-8WM.jpg,1 year full product & 10 years on motor,daraz_scrape,9779765985999
AURA,Washing Machine,washing machine,7,DL-FLWM8012IVT,Aura 7 Kg Fully Automatic Front Load Washing Machine Comet 4.5 kg Free,55500,Model - AU 7 Kg | | 7 Kg Capacity | | Titanium Color | | 1200 RPM | | BLDC Inverter Motor | | 3D Steam Prewash | | 99% Allergy Care | | 15 Wash Programmes | | 15 Minutes Quick Wash | | 1 years Full Priduct Warranty | | 10 Years Motor Warranty,Brand: della; SKU: 116094221_NP-2157310612; Washing Capacity (kg): 7; Drum Type: Steel; Type of Washing Machine: Front Load; Maximum Spin Speed (RPM): 1200; Top Type: Front Load; Model Name/Number: DL-FLWM8012IVT,Brand: della | SKU: 116094221_NP-2157310612 | Washing Capacity (kg): 7 | Drum Type: Steel | Type of Washing Machine: Front Load | Maximum Spin Speed (RPM): 1200 | Top Type: Front Load | Model Name/Number: DL-FLWM8012IVT,https://np-live-21.slatic.net/kf/S6d19fc451de44b87b7d2812fcfc1378cJ.jpg,photos\AURA\DL-FLWM8012IVT.jpg,1 year full parts & 10 years on motor warranty,daraz_scrape,9779765985999
AURA,Washing Machine,washing machine,8,AU8FWM01,Aura 8 KG Front Loading Fully Automatic Washing Machine with Inverter Motor_AU8FWM01,80490,"Aura 8 kg Front Load Washing Machine – Long Description (Model: AU8FWM01) The Aura AU8FWM01 is a fully-automatic front-loading washing machine designed for modern homes with a medium-sized laundry workload. Its 8 kg capacity makes it ideal for families of about 2–5 people, comfortably handling daily clothing, linens, towels, and mixed fabric loads. ✅ Key Features 8 kg Washing Capacity: Large enough for everyday laundry needs and heavier items like bedding. Front-Loading Design: Gentle on clothes and more water-efficient compared with top-load models. Fully Automatic Operation: Set wash cycle and water level, and the machine handles the rest. Digital/LED Control Panel: Easy-to-use interface for selecting wash programs, spin speeds, and options like delay start and child lock. (Typical for front-loads in this range) Multiple Wash Programs: Likely includes standard cycles such as cotton, synthetic, delicate, quick wash, heavy wash, and rinse/spin. High Spin Speed: Speeds around 1000–1400 rpm for better water extraction and faster drying. (Common range for 8 kg front loaders) Stainless Steel Drum: Durable inner drum that resists rust and helps protect fabrics. Energy & Water Efficiency","Brand: AURA; SKU: 129258254_NP-1037271679; Washing features: Other,Cotton,Quick Wash; Washing Capacity (kg): 8; Drum Type: Steel; Type of Washing Machine: Front Load; Maximum Spin Speed (RPM): 1400; Top Type: Front Load; Model Name/Number: AU8FWM01; Washing Mode: Spin; Warranty Policy EN: 1 years Full Services Warranty & 10 years warranty  on motor","Brand: AURA | SKU: 129258254_NP-1037271679 | Washing features: Other,Cotton,Quick Wash | Washing Capacity (kg): 8 | Drum Type: Steel | Type of Washing Machine: Front Load | Maximum Spin Speed (RPM): 1400 | Top Type: Front Load | Model Name/Number: AU8FWM01 | Washing Mode: Spin | Warranty Policy EN: 1 years Full Services Warranty & 10 years warranty  on motor",https://static-01.daraz.com.np/p/f74575714d9ac096d24765f44ebb8fd5.jpg,photos\AURA\AU8FWM01.jpg,1 years Full Services Warranty & 10 years warranty on motor,daraz_scrape,9779765985999
AURA,Washing Machine,washing machine,8,F70265AB,Aura 8 Kg Front Load Washing Machine BLDC Inverter Comet 4.5 kg Free,61500,* Model - WM F70265AB | | * 8 Kg Capacity | | * Elegant Gre Color | | * 1200 RPM Max Spinning | | * Touch LED Screen Display | | * BLDC Inverter Motor | | * 7 Motion Wash Technology | | * Intelligent Washing System | | * Auto Balance | | * Load Detection | | * Foam Sensing and Removal | | * Temp Range Cold 20/40/60/90℃ | | * Auto Restart | | * 15 Wash Programmes | | * Water Feed Hot &amp; Cold | | * 1 Year Full Product Warranty | | * 10 Years Motor Warranty | | * Free Installation,"Brand: skyworth; SKU: 111159607_NP-12365112721; Washing features: Cotton,Spin dry,Quick Wash,Extra rinse cycle; Washing Capacity (kg): 8; Drum Type: Steel; Type of Washing Machine: Front Load; Maximum Spin Speed (RPM): 1200; Top Type: Front Load; Model Name/Number: F70265AB","Brand: skyworth | SKU: 111159607_NP-12365112721 | Washing features: Cotton,Spin dry,Quick Wash,Extra rinse cycle | Washing Capacity (kg): 8 | Drum Type: Steel | Type of Washing Machine: Front Load | Maximum Spin Speed (RPM): 1200 | Top Type: Front Load | Model Name/Number: F70265AB",https://np-live-21.slatic.net/kf/S0a5140392e394c8b82bfa8d076a373fdm.jpg,photos\AURA\F70265AB.jpg,1 year full parts & 10 years motor warranty,daraz_scrape,9779765985999
AURA,Washing Machine,washing machine,8,WFQY9014EVJMS,Aura 8 Kg Front Load Washing Machine Comet 4.5 kg Free,61500,Model - WFQY9014EVJMS | | * 8 Kg Capacity | | * Tittanium Color | | * 1200 RPM | | * Inverter Motor | | * Steam Wash | | * Pure Jet Wash | | * 15 Wash Programes | | * 15 Minutes Quick Wash | | * Allergy steam/Baby steam care | | * Pause &amp; Add Option | | * Self Diagnostic Fault Finding | | * Energy Rate - A+++ | | * 10 Years Motor Warranty,"Brand: della; SKU: 104434026_NP-1342189635; Washing features: Automatic dispenser,Automatic temperature control,Extra rinse cycle,Spin dry; Washing Capacity (kg): 8; Drum Type: Steel; Type of Washing Machine: Front Loader; Maximum Spin Speed (RPM): 1400; Top Type: Front Load; Model Name/Number: WFQY9014EVJMS","Brand: della | SKU: 104434026_NP-1342189635 | Washing features: Automatic dispenser,Automatic temperature control,Extra rinse cycle,Spin dry | Washing Capacity (kg): 8 | Drum Type: Steel | Type of Washing Machine: Front Loader | Maximum Spin Speed (RPM): 1400 | Top Type: Front Load | Model Name/Number: WFQY9014EVJMS",https://np-live-21.slatic.net/kf/Sf7cba8c3bf2e4973b718a6c242550d92a.jpg,photos\AURA\WFQY9014EVJMS.jpg,1 Year Brand Warranty,daraz_scrape,9779765985999
AURA,Water Dispenser,water dispenser,,AURA-aura-hot-and-normal,aura hot and normal Alkaline Water Purifier,30000,"Orchid Hot & Normal Water Purifier Brand: Aura Model: Orchid Dual temperature option: Instant Hot & Normal water Purification By: Ro+Uv+UF+ Alkaline + CU Capacity: 12 Ltr Per Hours Advanced Purification Technology Sleek, modern design that fits perfectly in any kitchen. Capacity: 12 Ltr Durable build with premium-quality components Drink Healthy Highlights: The | | Hot &amp; Normal Water Purifier | | stands as a perfect blend of | | modern design, superior purification, and unmatched convenience | | . Its elegant appearance complements any space, while advanced filtration ensures every sip is safe, healthy, and refreshing. Choose a purifier that not only performs with excellence but also | | reflects true quality and beauty in every detail | | .",Brand: AURA; SKU: 499255676_NP-2234526331; Number of Filters: 5,Brand: AURA | SKU: 499255676_NP-2234526331 | Number of Filters: 5,https://static-01.daraz.com.np/p/f38d552856cfcdfb875c918da9ec7204.png,photos\AURA\499255676-NP-2234526331.png,1 Year Brand Warranty,daraz_scrape,9779765985999
AURA,Water Purifier,water purifier,,Allura Premia,Livpure Allura Premia (RO+UV+UF+Copper+Alk+Mineraliser) Water Purifier,47251,"RO+UV+UF+Copper+Alkaliser+Mineraliser | | | | | | 10 Stage Purification: Advanced filtration is designed to ensure the highest quality of purified water. Each stage is to remove impurities and contaminants, providing you with clean and fresh drinking water. It is equipped with Alkaliser which enhances the pH of water for optimal hydration and health benefits. | | | | | | Super Sediment Filter: The super sediment filter effectively traps and removes even the smallest particles and sediments from your water, ensuring that it is free from impurities and remains healthy for you and your loved ones. | | | | | | In Tank UV Sterilisation: This feature guarantees that your water is thoroughly purified and free from harmful microorganisms, providing you with peace of mind and ultimate safety. | | | | | | 7L Storage Capacity: With a generous 7-liter storage capacity, you'll have an ample supply of purified water available whenever you need it. Say goodbye to the hassle of frequent refills.",Brand: Livpure; SKU: 420168117_NP-1823081981; Number of Filters: 6; Purification Method: Reverse Osmosis; Model: Allura Premia,Brand: Livpure | SKU: 420168117_NP-1823081981 | Number of Filters: 6 | Purification Method: Reverse Osmosis | Model: Allura Premia,https://static-01.daraz.com.np/p/3f4d76e9f3d032896c7ebe4cd71d0c08.jpg,photos\AURA\Allura-Premia.jpg,1 Year Seller Warranty,daraz_scrape,9779765985999
Galanz,Washing Machine,Free Standing Dishwasher,12 Place Settings,W45A3A401N-0E0,Galanz 12 Place Settings Freestanding Dishwasher,64990,"Galanz 12 Place Setting dishwasher with 6 wash programs, intensive Indian utensil cleaning, and A++ energy efficiency.","Capacity: 12 Place Settings | 6 Wash Programs (Intensive, Eco, 90min, Rapid, Glass, Self-clean) | Half Load Function | Child Lock | Delay Start","Capacity: 12 Place Settings | 6 Wash Programs (Intensive, Eco, 90min, Rapid, Glass, Self-clean) | Half Load Function | Child Lock | Delay Start",https://himstar.com.np/wp-content/uploads/2023/10/W45A3A401N.jpg,,1 Year Comprehensive Warranty,local_price_list,9779765985999
Galanz,Washing Machine,Free Standing Dishwasher (Silver Inox),14 Place Settings,W60B1A401S-AE1,Galanz 14 Place Settings Freestanding Dishwasher (Inox),68990,"Galanz 14 Place Setting large capacity dishwasher with 3-layer baskets, cutlery drawer, and 70C hot water hygiene sterilization.",Capacity: 14 Place Settings | 3 Basket Layers | 70C Intensive Wash for oily pots | Stainless Steel Interior | LED Display,Capacity: 14 Place Settings | 3 Basket Layers | 70C Intensive Wash for oily pots | Stainless Steel Interior | LED Display,https://himstar.com.np/wp-content/uploads/2023/10/W60B1A401S.jpg,,1 Year Comprehensive Warranty,local_price_list,9779765985999
Himstar,Air Conditioner,air conditioner,2 Ton / 24000 BTU,HA-24IEHWJ/HE,"HIMSTAR 2 Ton Digital Inverter WIFI Air Conditioner AC = HA-24IEHWJ/HE With Cooling & Heating Functionality, Wi-Fi Connectivity and 7 Years  Warranty on Compressor",125790,Brand Himstar Capacity 2 Ton Type Inverter Configuration Split Functionality Heating &amp; Cooling Control Type Remote Controller WiFi Connectivity Yes Compressor Type ROTARY Refrigerant R32 Rated Capacity - Cooling (W) 6100(1800-7400) Rated Capacity - Heating (W) 5400(1800-7000) Rated Capacity - Dehumidifying (Kg/h) 2.2 Rated Cooling Performance - EER (W/W) 8.5 Rated Heating Performance - COP (W/W) 4.6 Max. Discharge Pressure (Mpa) 4.3 Max. Suction Pressure (Mpa) 2.5 Air Flow Volume (m3/h) 1300 Noise Level (Indoor) 63 Noise Level (Outdoor) 66 Power Supply Source (V/Ph/Hz) 220-240V-1 ~/50Hz Rated Power Consumption - Cooling (W) 1500(230-2300) Rated Power Consumption - Heating (W) 1800(230-2530) Rated Running Current - Cooling (A) 7(1-10) Rated Running Current - Heating (A) 10(1-11) Max Input Power (W) 3200 Max Input Current (A) 16 Net Weight (Indoor Unit) 13 Net Weight (Outdoor Unit) 41 Net Dimension (Indoor Unit) 1089×328×227 Net Dimension (Outdoor Unit) 900×700×350 Wararnty 2 years Warranty 7 Years Compressor Warranty Highlights: BRAND = HIMSTAR | | | | Capacity = 2 Ton | | | | Category = Split | | | | | | Type = Inverter | | | | | | WiFi Connectivity = Yes | | | | | | Color = Wh,"Brand: Himstar; SKU: 129790439_NP-1037644322; Inverter: Yes; Connecting Wire: Yes; Air Conditioner Features: Inverter,Wifi Connected,Timer,Dehumidifier,Air Direction Control,Auto Cleaning,Fast Cooling,Silent Mode,Sensor Control; air_conditioner_rated_capacity: 2 Ton / 24000 BTU; Room Size: 250> sq meters; type_air_conditioner: Split system 1; Kit Included: Yes; Power Consumption: 1500; Model: HA-24IEHWJ/HE","Brand: Himstar | SKU: 129790439_NP-1037644322 | Inverter: Yes | Connecting Wire: Yes | Air Conditioner Features: Inverter,Wifi Connected,Timer,Dehumidifier,Air Direction Control,Auto Cleaning,Fast Cooling,Silent Mode,Sensor Control | air_conditioner_rated_capacity: 2 Ton / 24000 BTU | Room Size: 250> sq meters | type_air_conditioner: Split system 1 | Kit Included: Yes | Power Consumption: 1500 | Model: HA-24IEHWJ/HE",https://static-01.daraz.com.np/p/b9c706f6ea9b06ca02a01a5c90f679d3.png,photos\Himstar\HA-24IEHWJ-HE.png,10 Years Brand Warranty,daraz_scrape,9779765985999
Himstar,Air Conditioner,air conditioner,60,HC - 6026,Himstar 60 litre Inverter Compatible Desert with Honeycomb Air Cooler  HC 6026,22190,"Inverter Compatible: Himstar Air Cooler is compatible with inverters depending upon your requirement. Water Level Indicator: The water level indicator in Himstar Air Cooler indicates when the water level is low and needs a refill. Ice Chamber: You can now put ice cubes on your Himstar Air Cooler for extra cooling. A dedicated ice chamber is present in Himstar Air Cooler. Honeycomb Cooling Pad: Himstar Air Cooler comes with the honeycomb cooling pad having better water retention capacity while running low on maintenance. Motorized Vertical Louver Movement: The inner louver on Himstar Air Cooler can move vertically through motors. This louver movement ensures proper left-right airflow. Air Delivery: With a powerful fan and 4-way air deflection, Himstar Air Cooler can reach every nook and corner with proper air delivery. 4-way Air Deflection: The fins on Himstar Air Cooler deflect the air in all four directions ensuring maximum reach. 3-speed Levels: You can now adjust the airflow speed with three different speed levels on the Himstar Air Cooler. Highlights: Water level indicator | | Ice chamber for extra cool | | 4 way air deflection | | Castor wheel | | Inverter Compatible | | Honey",Brand: No Brand; SKU: 129905861_NP-1039078471; Air Cooler Features: Wheels included; Capacity: 60; Fan Speed (RPM): High; Model: HC - 6026,Brand: No Brand | SKU: 129905861_NP-1039078471 | Air Cooler Features: Wheels included | Capacity: 60 | Fan Speed (RPM): High | Model: HC - 6026,https://np-live-21.slatic.net/kf/S16653e26f1ff4ba49bbfa388dc2dd9735.jpg,photos\Himstar\HC-6026.jpg,1 Year Brand Warranty,daraz_scrape,9779765985999
Himstar,Air Conditioner,air conditioner,95,Ice King,"Himstar 95 ltr cooler Ice King with high air throw and wide airflow , castrol wheel for industrial purpose",28999,"Meet the ultimate cooling powerhouse designed to transform even the largest spaces into a refreshing oasis — the Himstar 95L Air Cooler. Engineered for performance and built for durability, this air cooler isn’t just another appliance — it’s a game changer for homes, halls, offices, and gatherings where ordinary cooling simply isn’t enough. At the heart of this beast lies a massive 95-liter water tank, built to deliver uninterrupted cooling for hours without frequent refills. And when we say powerful, we mean it — the high-velocity air delivery combined with a gigantic 28-inch fan throws air across the room like a storm, ensuring every corner of your hall feels the chill. But Himstar didn’t stop at power — it’s designed for smart convenience too. The large dedicated ice chamber, along with two included ice boxes, lets you supercharge the cooling instantly. Just freeze, insert, and experience a wave of icy freshness that lasts longer than conventional coolers. Whether it’s a scorching afternoon or a packed evening gathering, this cooler keeps the environment crisp and comfortable. Worried about maintenance? Don’t be. With its advanced self-cleaning feature, you can forget the hassle",Brand: No Brand; SKU: 1516024343_NP-12321108111; Air Cooler Features: Wheels included; Capacity: 95; Country Of Origin: India; Fan Speed (RPM): High; Model: Ice King,Brand: No Brand | SKU: 1516024343_NP-12321108111 | Air Cooler Features: Wheels included | Capacity: 95 | Country Of Origin: India | Fan Speed (RPM): High | Model: Ice King,https://static-01.daraz.com.np/p/9d7d2cc9f20be2dc4fd36fa2a7a636e8.jpg,photos\Himstar\Ice-King.jpg,1 Year Brand Warranty,daraz_scrape,9779765985999
Himstar,Air Conditioner,air conditioner,80,HC-80ITUWGJ/AI,Himstar Desert Air Cooler 80 Ltr- Turbo 80,21990,"Buy Himstar 80 Ltr Desert Air Cooler – High Air Delivery, Honeycomb Cooling, Inverter Compatible The Himstar 80 Ltr Desert Air Cooler is a great choice if you need strong and long-lasting cooling for large rooms, offices, halls, or shops. It comes with a big 80 litres water tank, so you can enjoy hours of cooling without having to refill it often. This makes it perfect for both residential and commercial use. The cooler uses honeycomb cooling pads, which are better than traditional pads because they cool faster and last longer. With an air delivery of 4000 cubic meters per hour, this cooler can easily cover a large area, keeping the whole room comfortable even during extreme heat. You can adjust the airflow as per your need with its three speed options — Low, Medium, and High. It has a simple knob control panel, making it easy for anyone to operate. The cooler is built with a quiet performance motor, which means you can enjoy a peaceful environment along with powerful cooling. One of its important features is the motorized vertical louvers. This helps the cool air spread evenly across the room, making sure every corner stays fresh and chilled. The cooler is also inverter compatible",Brand: Himstar; SKU: 367155442_NP-1626825732; Air Cooler Features: Wheels included; Capacity: 80; Model: HC-80ITUWGJ/AI,Brand: Himstar | SKU: 367155442_NP-1626825732 | Air Cooler Features: Wheels included | Capacity: 80 | Model: HC-80ITUWGJ/AI,https://static-01.daraz.com.np/p/aa915fcb45ce85be3e8aecbb8a661f98.jpg,photos\Himstar\HC-80ITUWGJ-AI.jpg,1 Year Brand Warranty,daraz_scrape,9779765985999
Himstar,Air Cooler,Desert Cooler,105 Ltr,HC-10526,Himstar 105 Litre Mega Desert Air Cooler HC-10526,22990,"Himstar 105L Mega Desert Air Cooler, highest capacity air cooler for big rooms and commercial venues.",Tank Capacity: 105L | 3-Side High Density Honeycomb | Long Distance Air Delivery | Heavy Duty Motor,Tank Capacity: 105L | 3-Side High Density Honeycomb | Long Distance Air Delivery | Heavy Duty Motor,https://himstar.com.np/wp-content/uploads/2023/04/HC-10526.jpg,,1 Year Motor & Pump Warranty,local_price_list,9779765985999
Himstar,Air Cooler,Desert / Personal Cooler,45 Ltr,HC-4526,Himstar 45 Litre Air Cooler HC-4526,11490,"Himstar 45L Desert Air Cooler with honeycomb cooling pads, high air delivery, and castor wheels.",Tank Capacity: 45L | Honeycomb Pads | 3 Speed Fan | Inverter Compatible | Air Throw 30ft | Castor Wheels,Tank Capacity: 45L | Honeycomb Pads | 3 Speed Fan | Inverter Compatible | Air Throw 30ft | Castor Wheels,https://himstar.com.np/wp-content/uploads/2023/04/HC-4526.jpg,,1 Year Motor & Pump Warranty,local_price_list,9779765985999
Himstar,Air Cooler,Desert Cooler,50 Ltr,HC-5026,Himstar 50 Litre Air Cooler HC-5026,13490,"Himstar 50L Air Cooler with motorized vertical louvers, ice chamber, and high speed blower.",Tank Capacity: 50L | High Efficiency Honeycomb | Ice Chamber | 3 Speed Control | 4-Way Air Deflection,Tank Capacity: 50L | High Efficiency Honeycomb | Ice Chamber | 3 Speed Control | 4-Way Air Deflection,https://himstar.com.np/wp-content/uploads/2023/04/HC-5026.jpg,,1 Year Motor & Pump Warranty,local_price_list,9779765985999
Himstar,Air Cooler,Desert Cooler,50 Ltr,HC-5526,Himstar 50 Litre Air Cooler HC-5526,13990,Himstar 50L Air Cooler with enhanced aerodynamic fan blades and durable ABS body.,Tank Capacity: 50L | Aerodynamic Fan | Honeycomb Pad | Low Noise | Inverter Compatible,Tank Capacity: 50L | Aerodynamic Fan | Honeycomb Pad | Low Noise | Inverter Compatible,https://himstar.com.np/wp-content/uploads/2023/04/HC-5526.jpg,,1 Year Motor & Pump Warranty,local_price_list,9779765985999
Himstar,Air Cooler,Desert Cooler,55 Ltr,HC-6026,Himstar 55 Litre Air Cooler HC-6026,17490,Himstar 55L Air Cooler with powerful air delivery and large water level indicator.,Tank Capacity: 55L | Powerful Air Delivery | Honeycomb Media | Water Level Indicator | 3 Speed,Tank Capacity: 55L | Powerful Air Delivery | Honeycomb Media | Water Level Indicator | 3 Speed,https://himstar.com.np/wp-content/uploads/2023/04/HC-6026.jpg,photos\Himstar\HC-6026.jpg,1 Year Motor & Pump Warranty,local_price_list,9779765985999
Himstar,Air Cooler,Desert Cooler,70 Ltr,HC-8026,Himstar 70 Litre Desert Air Cooler HC-8026,16990,"Himstar 70L Large Desert Cooler with heavy-duty fan, ice chamber, and high volume air throw.",Tank Capacity: 70L | Heavy Duty Fan | Ice Chamber | Honeycomb Pads | Multi Directional Wheels,Tank Capacity: 70L | Heavy Duty Fan | Ice Chamber | Honeycomb Pads | Multi Directional Wheels,https://himstar.com.np/wp-content/uploads/2023/04/HC-8026.jpg,,1 Year Motor & Pump Warranty,local_price_list,9779765985999
Himstar,Air Cooler,Desert Cooler,75 Ltr,HC-7526GK,Himstar 75 Litre Desert Air Cooler HC-7526GK,18990,Himstar 75L Desert Air Cooler with large ice compartment and durable anti-rust body.,Tank Capacity: 75L | Anti-Bacterial Honeycomb | Air Throw 45ft | Overload Thermal Protector,Tank Capacity: 75L | Anti-Bacterial Honeycomb | Air Throw 45ft | Overload Thermal Protector,https://himstar.com.np/wp-content/uploads/2023/04/HC-7526GK.jpg,,1 Year Motor & Pump Warranty,local_price_list,9779765985999
Himstar,Air Cooler,Desert Cooler,75 Ltr,HC-Supreme,Himstar 75 Litre Supreme Desert Air Cooler,17900,Himstar Supreme 75L Desert Cooler engineered for extreme summer heat with wide angle oscillation.,Tank Capacity: 75L | Wide Angle Oscillation | High Efficiency Honeycomb | Energy Efficient Motor,Tank Capacity: 75L | Wide Angle Oscillation | High Efficiency Honeycomb | Energy Efficient Motor,https://himstar.com.np/wp-content/uploads/2023/04/HC-Supreme.jpg,,1 Year Motor & Pump Warranty,local_price_list,9779765985999
Himstar,Air Cooler,Desert Cooler,85 Ltr,HC-8526,Himstar 85 Litre Heavy Duty Desert Air Cooler HC-8526,19990,"Himstar 85L Heavy Duty Desert Air Cooler for large halls, shops, and living rooms.",Tank Capacity: 85L | Powerful 16-inch Fan | Thick 3-Side Honeycomb Pads | Heavy Air Flow,Tank Capacity: 85L | Powerful 16-inch Fan | Thick 3-Side Honeycomb Pads | Heavy Air Flow,https://himstar.com.np/wp-content/uploads/2023/04/HC-8526.jpg,,1 Year Motor & Pump Warranty,local_price_list,9779765985999
Himstar,Air Cooler,Desert Cooler,95 Ltr,HC-9526GK,Himstar 95 Litre Commercial Desert Air Cooler HC-9526GK,21490,Himstar 95L High Capacity Desert Cooler designed for long continuous operation with auto water fill.,Tank Capacity: 95L | Continuous Water Inflow | Extra Large Ice Chamber | Powerful Air Blast,Tank Capacity: 95L | Continuous Water Inflow | Extra Large Ice Chamber | Powerful Air Blast,https://himstar.com.np/wp-content/uploads/2023/04/HC-9526GK.jpg,,1 Year Motor & Pump Warranty,local_price_list,9779765985999
Himstar,Refrigerator,Bar Fridge,100 L,HR-10SHJ,Himstar 100L Single Door Bar Refrigerator,22990,Himstar 100L compact bar refrigerator with freezer compartment and bottle rack.,Capacity: 100L | Compact Single Door | Fast Cooling | Lock & Key | Adjustable Thermostat,Capacity: 100L | Compact Single Door | Fast Cooling | Lock & Key | Adjustable Thermostat,https://himstar.com.np/wp-content/uploads/2023/10/HR-10SHJ.jpg,,1 Year Comprehensive + 5 Years on Compressor,local_price_list,9779765985999
Himstar,Refrigerator,Single Door Direct Cool,170 L,HR-17D71BRK,Himstar 170L Single Door Direct Cool Refrigerator (Burgundy),30990,Himstar 170L Direct Cool Refrigerator with compact footprint and high energy efficiency.,Capacity: 170L | Single Door | Burgundy Finish | Fast Cooling | Toughened Glass | Lock & Key,Capacity: 170L | Single Door | Burgundy Finish | Fast Cooling | Toughened Glass | Lock & Key,https://himstar.com.np/wp-content/uploads/2023/10/HR-17D71BRK.jpg,,1 Year Comprehensive + 5 Years on Compressor,local_price_list,9779765985999
Himstar,Refrigerator,Single Door Direct Cool,170 L,HR-17D71BFK,Himstar 170L Single Door Refrigerator (Blue Floral),31490,Himstar 170L Single Door Refrigerator with Blue Floral pattern glass look.,Capacity: 170L | Blue Floral | Direct Cool | Ice Tray Included | Energy Saver,Capacity: 170L | Blue Floral | Direct Cool | Ice Tray Included | Energy Saver,https://himstar.com.np/wp-content/uploads/2023/10/HR-17D71BFK.jpg,,1 Year Comprehensive + 5 Years on Compressor,local_price_list,9779765985999
Himstar,Refrigerator,Single Door Direct Cool,170 L,HR-17D71RFK,Himstar 170L Single Door Refrigerator (Red Floral),31490,Himstar 170L Single Door Refrigerator with Red Floral design.,Capacity: 170L | Red Floral | Direct Cool | Anti-Fungal Gasket | Toughened Shelves,Capacity: 170L | Red Floral | Direct Cool | Anti-Fungal Gasket | Toughened Shelves,https://himstar.com.np/wp-content/uploads/2023/10/HR-17D71RFK.jpg,,1 Year Comprehensive + 5 Years on Compressor,local_price_list,9779765985999
Himstar,Refrigerator,Single Door Direct Cool,170 L,HR-17D71SHK,Himstar 170L Single Door Refrigerator (Silver Hairline),30990,Himstar 170L Single Door Refrigerator in modern Silver Hairline finish.,Capacity: 170L | Silver Finish | Direct Cool | Eco Friendly Gas | Toughened Glass Shelves,Capacity: 170L | Silver Finish | Direct Cool | Eco Friendly Gas | Toughened Glass Shelves,https://himstar.com.np/wp-content/uploads/2023/10/HR-17D71SHK.jpg,,1 Year Comprehensive + 5 Years on Compressor,local_price_list,9779765985999
Himstar,Refrigerator,refrigerator,190,HR-21D92SHJ/DX,Himstar 190L Single Door Refrigerator HR-21D92SHJ/DX | 5 Star Energy Rating | Toughened Glass Shelves | Door Lock | 10 Years Compressor Warranty | Metallic Silver,30990,"Elegant & Efficient – 190L Vertical Refrigerator in Classic Silver Bring home a perfect blend of elegance, performance, and durability with this 190-liter vertical refrigerator , thoughtfully designed to meet modern household needs. Dressed in a timeless Silver finish , it adds a clean, sophisticated look to any kitchen space, while packing in powerful features for everyday convenience. HIMSTAR 190L Vertical Refrigerator (Silver) Color: Elegant Silver with Leather Finish Capacity: 190 Liters – Ideal for small to medium households Door Type: Vertical with sleek handle and secure lock Cooling Technology: Diamond Edge Freezing Technology for faster ice and uniform cooling Stabilizer-Free Operation: Built-in stabilizer protects against voltage fluctuations Energy Rating: 5 Star – Highly energy-efficient and cost-saving Shelves: Toughened Glass Shelves – Durable and load-bearing Vegetable Box: Spacious and moisture-controlled for lasting freshness Back Design: Clean Back – Safer, hygienic, and easy to maintain Compressor Warranty: 10 Years on Compressor for long-term reliability Highlights: Model: HR-21D92SHJ/DX | | | | | | Capacity: 190 Liters | | | | | | Type: Single Door | | | | | | ",Brand: Himstar; SKU: 360705631_NP-1584466387; Refrigerator Type: Single Door; Net Depth (mm): 50; Refrigerator Features: Automatic Ice-Maker; Net Height (mm): 110; Energy Rating: 5 star; Refrigerator Capacity (L): 190; Net Width (mm): 45; Warranty Duration: 10 years; Inverter type air-conditioner: No; Number of doors: 1; Fridge Configuration: Freezer on bottom; Nofrost system: Direct Cool; Model: HR-21D92SHJ/DX; Warranty Policy EN: 10 Years on Compressor  1 year full warranty,Brand: Himstar | SKU: 360705631_NP-1584466387 | Refrigerator Type: Single Door | Net Depth (mm): 50 | Refrigerator Features: Automatic Ice-Maker | Net Height (mm): 110 | Energy Rating: 5 star | Refrigerator Capacity (L): 190 | Net Width (mm): 45 | Warranty Duration: 10 years | Inverter type air-conditioner: No | Number of doors: 1 | Fridge Configuration: Freezer on bottom | Nofrost system: Direct Cool | Model: HR-21D92SHJ/DX | Warranty Policy EN: 10 Years on Compressor  1 year full warranty,https://static-01.daraz.com.np/p/755c08f4ebf702c06f18e2d554613d89.png,photos\Himstar\HR-21D92SHJ-DX.png,10 Years Brand Warranty,daraz_scrape,9779765985999
Himstar,Refrigerator,Single Door Direct Cool,205 L,HR-205BRHJ-N,Himstar 205L Single Door Direct Cool Refrigerator (Burgundy Red),29990,Himstar 205L single door direct cool refrigerator in Burgundy Red finish with toughened glass shelves.,Capacity: 205L | Single Door Direct Cool | Toughened Glass Shelves | Anti-Bacterial Gasket | Vegetable Crisper | Lock & Key,Capacity: 205L | Single Door Direct Cool | Toughened Glass Shelves | Anti-Bacterial Gasket | Vegetable Crisper | Lock & Key,https://himstar.com.np/wp-content/uploads/2023/10/HR-205BRHJ.jpg,,1 Year Comprehensive + 5 Years on Compressor,local_price_list,9779765985999
Himstar,Refrigerator,Single Door Direct Cool,205 L,HR-205BFHK-N,Himstar 205L Single Door Refrigerator (Blue Floral),30990,Himstar 205L Blue Floral stylish single door direct cool refrigerator.,Capacity: 205L | Blue Floral Finish | Direct Cool | Heavy Duty Compressor | Wide Bottle Rack,Capacity: 205L | Blue Floral Finish | Direct Cool | Heavy Duty Compressor | Wide Bottle Rack,https://himstar.com.np/wp-content/uploads/2023/10/HR-205BFHK.jpg,,1 Year Comprehensive + 5 Years on Compressor,local_price_list,9779765985999
Himstar,Refrigerator,Single Door Direct Cool,205 L,HR-205RFHK-N,Himstar 205L Single Door Refrigerator (Red Floral),30990,Himstar 205L Red Floral designer single door refrigerator with heavy-duty cooling capacity.,Capacity: 205L | Red Floral Glass Finish | Direct Cool | Fast Ice Making | Toughened Glass Shelves,Capacity: 205L | Red Floral Glass Finish | Direct Cool | Fast Ice Making | Toughened Glass Shelves,https://himstar.com.np/wp-content/uploads/2023/10/HR-205RFHK.jpg,,1 Year Comprehensive + 5 Years on Compressor,local_price_list,9779765985999
Himstar,Refrigerator,Single Door Direct Cool,210 L,HR-21D92BRI,Himstar 210L Inverter Refrigerator (Burgundy Inverter),33990,Himstar 210L Burgundy Inverter single door refrigerator.,Capacity: 210L | Smart Inverter | Burgundy Red | Toughened Glass | Stabilizer Free,Capacity: 210L | Smart Inverter | Burgundy Red | Toughened Glass | Stabilizer Free,https://himstar.com.np/wp-content/uploads/2023/10/HR-21D92BRI.jpg,,1 Year Comprehensive + 10 Years on Inverter Compressor,local_price_list,9779765985999
Himstar,Refrigerator,Single Door Direct Cool,210 L,HR-21D92RFI,Himstar 210L Inverter Refrigerator (Red Floral),33990,Himstar 210L Red Floral Inverter refrigerator with glossy glass look.,Capacity: 210L | Inverter | Red Floral | Toughened Glass | Quick Ice,Capacity: 210L | Inverter | Red Floral | Toughened Glass | Quick Ice,https://himstar.com.np/wp-content/uploads/2023/10/HR-21D92RFI.jpg,,1 Year Comprehensive + 10 Years on Inverter Compressor,local_price_list,9779765985999
Himstar,Refrigerator,Single Door Direct Cool,210 L,HR-21D92SHI,Himstar 210L Inverter Single Door Refrigerator (Silver Hairline),33990,Himstar 210L Inverter single door refrigerator with Silver Hairline finish.,Capacity: 210L | Inverter Compressor | Silver Hairline | Energy Saver | Low Noise,Capacity: 210L | Inverter Compressor | Silver Hairline | Energy Saver | Low Noise,https://himstar.com.np/wp-content/uploads/2023/10/HR-21D92SHI.jpg,,1 Year Comprehensive + 10 Years on Inverter Compressor,local_price_list,9779765985999
Himstar,Refrigerator,Single Door Direct Cool,210 L,HR-21D92BFI,Himstar 210L Single Door Inverter Refrigerator (Blue Floral),32990,Himstar 210L Inverter Single Door Refrigerator with Blue Floral door and stabilizer-free operation.,Capacity: 210L | Smart Inverter | Blue Floral | Super Quick Ice | Toughened Glass,Capacity: 210L | Smart Inverter | Blue Floral | Super Quick Ice | Toughened Glass,https://himstar.com.np/wp-content/uploads/2023/10/HR-21D92BFI.jpg,,1 Year Comprehensive + 10 Years on Inverter Compressor,local_price_list,9779765985999
Himstar,Refrigerator,Single Door Direct Cool,210 L,HR-210BHN,Himstar 210L Single Door Refrigerator (Burgundy Hairline),33490,Himstar 210L Single Door Refrigerator with Burgundy Hairline steel door.,Capacity: 210L | Burgundy Hairline | Toughened Shelves | Large Bottle Guard,Capacity: 210L | Burgundy Hairline | Toughened Shelves | Large Bottle Guard,https://himstar.com.np/wp-content/uploads/2023/10/HR-210BHN.jpg,,1 Year Comprehensive + 5 Years on Compressor,local_price_list,9779765985999
Himstar,Refrigerator,Single Door Direct Cool,210 L,HR-210RHN,Himstar 210L Single Door Refrigerator (Red Hairline),33490,Himstar 210L Single Door Refrigerator in Red Hairline brush finish.,Capacity: 210L | Direct Cool | Red Hairline | Large Crisper | Toughened Glass,Capacity: 210L | Direct Cool | Red Hairline | Large Crisper | Toughened Glass,https://himstar.com.np/wp-content/uploads/2023/10/HR-210RHN.jpg,,1 Year Comprehensive + 5 Years on Compressor,local_price_list,9779765985999
Himstar,Refrigerator,Single Door Direct Cool,220 L,HR-220CRVK-P,Himstar 220L Single Door Refrigerator Premium Chrome,33490,Himstar 220L premium single door direct cool refrigerator with metallic handle and chrome trim.,Capacity: 220L | Direct Cool | Chrome Trim Handle | Deep Freezer | Anti-Bacterial,Capacity: 220L | Direct Cool | Chrome Trim Handle | Deep Freezer | Anti-Bacterial,https://himstar.com.np/wp-content/uploads/2023/10/HR-220CRVK.jpg,,1 Year Comprehensive + 5 Years on Compressor,local_price_list,9779765985999
Himstar,Refrigerator,Single Door Direct Cool,220 L,HR-220SRAK-P,Himstar 220L Single Door Refrigerator Silver Ash,33490,Himstar 220L single door refrigerator in Silver Ash metallic coat.,Capacity: 220L | Silver Ash | Direct Cool | Heavy Load Shelves | Fast Freeze,Capacity: 220L | Silver Ash | Direct Cool | Heavy Load Shelves | Fast Freeze,https://himstar.com.np/wp-content/uploads/2023/10/HR-220SRAK.jpg,,1 Year Comprehensive + 5 Years on Compressor,local_price_list,9779765985999
Himstar,Refrigerator,Single Door Direct Cool,230 L,HR-23P30BRK,Himstar 230L Large Single Door Refrigerator (Burgundy),39990,Himstar 230L high capacity single door refrigerator with extra large vegetable box and bottle racks.,Capacity: 230L | Burgundy Red | Direct Cool | Extra Deep Freezer | Toughened Shelves,Capacity: 230L | Burgundy Red | Direct Cool | Extra Deep Freezer | Toughened Shelves,https://himstar.com.np/wp-content/uploads/2023/10/HR-23P30BRK.jpg,,1 Year Comprehensive + 5 Years on Compressor,local_price_list,9779765985999
Himstar,Refrigerator,Single Door Direct Cool,230 L,HR-23P30SHK,Himstar 230L Large Single Door Refrigerator (Silver Hairline),40490,Himstar 230L high capacity single door refrigerator in premium Silver Hairline finish.,Capacity: 230L | Silver Hairline | Direct Cool | Large Crisper | Toughened Glass,Capacity: 230L | Silver Hairline | Direct Cool | Large Crisper | Toughened Glass,https://himstar.com.np/wp-content/uploads/2023/10/HR-23P30SHK.jpg,,1 Year Comprehensive + 5 Years on Compressor,local_price_list,9779765985999
Himstar,Refrigerator,Single Door Direct Cool,230 L,HR-23P30BFK,Himstar 230L Single Door Refrigerator (Blue Floral),40490,Himstar 230L single door refrigerator featuring Blue Floral glass door.,Capacity: 230L | Blue Floral Glass | Direct Cool | Toughened Glass | Lock & Key,Capacity: 230L | Blue Floral Glass | Direct Cool | Toughened Glass | Lock & Key,https://himstar.com.np/wp-content/uploads/2023/10/HR-23P30BFK.jpg,,1 Year Comprehensive + 5 Years on Compressor,local_price_list,9779765985999
Himstar,Refrigerator,Single Door Direct Cool,230 L,HR-23P30RFK,Himstar 230L Single Door Refrigerator (Red Floral),40490,Himstar 230L single door refrigerator featuring gorgeous Red Floral glass door.,Capacity: 230L | Red Floral Glass | Direct Cool | Toughened Glass | Fast Freeze,Capacity: 230L | Red Floral Glass | Direct Cool | Toughened Glass | Fast Freeze,https://himstar.com.np/wp-content/uploads/2023/10/HR-23P30RFK.jpg,,1 Year Comprehensive + 5 Years on Compressor,local_price_list,9779765985999
Himstar,Refrigerator,Bar Fridge,50 L,HR-50SHJ,Himstar 50L Compact Mini Bar Refrigerator,21990,"Himstar 50L compact mini bar refrigerator ideal for bedroom, hotel rooms, and office cabins.",Capacity: 50L | Mini Bar Single Door | Low Noise Compressor | Ice Chamber | Recessed Handle | Energy Efficient,Capacity: 50L | Mini Bar Single Door | Low Noise Compressor | Ice Chamber | Recessed Handle | Energy Efficient,https://himstar.com.np/wp-content/uploads/2023/10/HR-50SHJ.jpg,,1 Year Comprehensive + 5 Years on Compressor,local_price_list,9779765985999
Himstar,Small Home Appliance,Dry Iron,1000W,HI-1901DH,Himstar 1000W Heavyweight Dry Iron,1290,Himstar 1000W dry iron with non-stick golden American heritage coated soleplate.,Power: 1000W | Non-Stick Coated Soleplate | Adjustable Fabric Temperature Dial | 360 Swivel Cord,Power: 1000W | Non-Stick Coated Soleplate | Adjustable Fabric Temperature Dial | 360 Swivel Cord,https://himstar.com.np/wp-content/uploads/2023/09/HI-1901DH.jpg,,1 Year Warranty,local_price_list,9779765985999
Himstar,Small Home Appliance,Storage Geyser (Stainless Steel Tank),15 Litre,HG-15SSWGI/MI,Himstar 15L Atlantic Stainless Steel Water Geyser,13490,Himstar 15L Atlantic Water Geyser with 304 Stainless Steel Inner Tank and high thermal insulation.,Capacity: 15L | SS 304 Inner Tank | 2000W Heating Element | Heavy PUF Insulation | Multi Function Safety Valve,Capacity: 15L | SS 304 Inner Tank | 2000W Heating Element | Heavy PUF Insulation | Multi Function Safety Valve,https://himstar.com.np/wp-content/uploads/2023/11/HG-15SSWGI.jpg,,1 Year on Product + 5 Years on Tank,local_price_list,9779765985999
Himstar,Small Home Appliance,Digital Glassline Storage Geyser,15 Litre,HG-15DIGLI/MI,Himstar 15L Auatic Digital Glassline Geyser,15490,Himstar 15L Auatic Digital Geyser with LED temperature display and smart thermal controller.,Capacity: 15L | Digital Temperature Display | Glassline Tank | Magnesium Anode | Shock Proof Body,Capacity: 15L | Digital Temperature Display | Glassline Tank | Magnesium Anode | Shock Proof Body,https://himstar.com.np/wp-content/uploads/2023/11/HG-15DIGLI.jpg,,2 Years on Product + 7 Years on Glassline Tank,local_price_list,9779765985999
Himstar,Small Home Appliance,Stand Fan / Farrata,16 Inch Bullet Farrata,HS-16FARRATA,"Himstar 16"" High Speed Bullet Farrata Stand Fan",4400,Himstar 16-inch high speed Bullet Farrata heavy-duty standing fan with metal blades.,Size: 16 Inch | Heavy Duty Motor | Aerodynamic Aluminum Blades | Heavy Round Base | 3 Speed Control,Size: 16 Inch | Heavy Duty Motor | Aerodynamic Aluminum Blades | Heavy Round Base | 3 Speed Control,https://himstar.com.np/wp-content/uploads/2023/04/HS-16FARRATA.jpg,,1 Year Warranty,local_price_list,9779765985999
Himstar,Small Home Appliance,Remote Stand Fan,18 Inch Remote,HS-18SRBI/FI,"Himstar 18"" Remote Standing Fan",4600,"Himstar 18-inch standing fan with wireless remote control, timer function, and LED display.",Size: 18 Inch | Full Function Remote Control | 7.5 Hr Timer | 5 Blade Air Stream | Height Adjustable,Size: 18 Inch | Full Function Remote Control | 7.5 Hr Timer | 5 Blade Air Stream | Height Adjustable,https://himstar.com.np/wp-content/uploads/2023/04/HS-18SRBI.jpg,,1 Year Warranty,local_price_list,9779765985999
Himstar,Small Home Appliance,Drum Vacuum Cleaner,18 Litre / 1800W,HV-18828WRH/SE,Himstar 1800W Drum Vacuum Cleaner,9990,Himstar 1800W heavy drum vacuum cleaner with blower function and 18L dust capacity.,Power: 1800W | Dust Capacity: 18L | Wet & Dry / Blower Function | Cloth Filter | 360 Swivel Wheels,Power: 1800W | Dust Capacity: 18L | Wet & Dry / Blower Function | Cloth Filter | 360 Swivel Wheels,https://himstar.com.np/wp-content/uploads/2023/10/HV-18828WRH.jpg,,1 Year Warranty,local_price_list,9779765985999
Himstar,Small Home Appliance,Fan Room Heater,2000W,HS-2000ARHJ/JE,Himstar 2000W Fan Room Heater,1650,Himstar 2000W portable fan heater with dual heat settings and overheat cut-off.,Power: 1000W / 2000W | Adjustable Thermostat | Cool Blow Function | Overheat Protection,Power: 1000W / 2000W | Adjustable Thermostat | Cool Blow Function | Overheat Protection,https://himstar.com.np/wp-content/uploads/2023/11/HS-2000ARHJ.jpg,,1 Year Warranty,local_price_list,9779765985999
Himstar,Small Home Appliance,Drum Vacuum Cleaner,22 Litre / 2200W,HV-22703ADH/SE,Himstar 2200W Heavy Drum Vacuum Cleaner,13490,Himstar 2200W professional drum vacuum cleaner with telescopic metal tube and massive 22L capacity.,Power: 2200W High Suction | Dust Capacity: 22L | Metal Telescopic Tube | Multi Floor Brushes | Blower Port,Power: 2200W High Suction | Dust Capacity: 22L | Metal Telescopic Tube | Multi Floor Brushes | Blower Port,https://himstar.com.np/wp-content/uploads/2023/10/HV-22703ADH.jpg,,1 Year Warranty,local_price_list,9779765985999
Himstar,Small Home Appliance,Storage Geyser (Stainless Steel Tank),25 Litre,HG-25SSWGI/MI,Himstar 25L Atlantic Stainless Steel Water Geyser,14990,Himstar 25L Atlantic Water Geyser with rust-proof stainless steel tank for medium/large families.,Capacity: 25L | SS 304 Tank | 2000W | Adjustable Thermostat | 8 Bar Pressure Resistance,Capacity: 25L | SS 304 Tank | 2000W | Adjustable Thermostat | 8 Bar Pressure Resistance,https://himstar.com.np/wp-content/uploads/2023/11/HG-25SSWGI.jpg,,1 Year on Product + 5 Years on Tank,local_price_list,9779765985999
Himstar,Small Home Appliance,Digital Glassline Storage Geyser,25 Litre,HG-25DIGLI/MI,Himstar 25L Auatic Digital Glassline Geyser,16990,Himstar 25L Auatic Digital Geyser with digital display and high pressure rating for high-rise buildings.,Capacity: 25L | Digital LED Display | Glassline Inner Tank | High Density PUF | 8 Bar Rated,Capacity: 25L | Digital LED Display | Glassline Inner Tank | High Density PUF | 8 Bar Rated,https://himstar.com.np/wp-content/uploads/2023/11/HG-25DIGLI.jpg,,2 Years on Product + 7 Years on Glassline Tank,local_price_list,9779765985999
Himstar,Small Home Appliance,Glassline Storage Geyser,25 Litre,HG-25GLWGI/MI,Himstar 25L Auatic Glassline Tank Water Geyser,15490,Himstar 25L Auatic Water Geyser featuring Glassline Titanium Enamel Coated Tank for hard water resistance.,Capacity: 25L | Glassline Coated Tank | Magnesium Anode Rod (Anti-Corrosion) | 8 Bar High Rise Compatible,Capacity: 25L | Glassline Coated Tank | Magnesium Anode Rod (Anti-Corrosion) | 8 Bar High Rise Compatible,https://himstar.com.np/wp-content/uploads/2023/11/HG-25GLWGI.jpg,,2 Years on Product + 7 Years on Glassline Tank,local_price_list,9779765985999
Himstar,Small Home Appliance,Halogen Heater,3 Rods 1200W,HS-1212RHJ/JE,Himstar 3-Rod Halogen Room Heater (Oscillating),2600,Himstar 1200W oscillating halogen room heater with instant glow and tip-over safety switch.,Power: 400W / 800W / 1200W (3 Heat Settings) | Wide Angle Oscillation | Tip-Over Safety Switch,Power: 400W / 800W / 1200W (3 Heat Settings) | Wide Angle Oscillation | Tip-Over Safety Switch,https://himstar.com.np/wp-content/uploads/2023/11/HS-1212RHJ.jpg,,1 Year Warranty,local_price_list,9779765985999
Himstar,Small Home Appliance,Digital Glassline Storage Geyser,35 Litre,HG-35DIGLI/MI,Himstar 35L Auatic Digital Glassline Geyser,18990,Himstar 35L High Capacity Digital Geyser for continuous hot water in large households.,Capacity: 35L | Digital Temperature Display | Glassline Tank | Heavy Duty Anode | Multi-Safety Protection,Capacity: 35L | Digital Temperature Display | Glassline Tank | Heavy Duty Anode | Multi-Safety Protection,https://himstar.com.np/wp-content/uploads/2023/11/HG-35DIGLI.jpg,,2 Years on Product + 7 Years on Glassline Tank,local_price_list,9779765985999
Himstar,Small Home Appliance,Electric Pressure Cooker,3 Litre,HK-303EPI/ZA,Himstar 3L Digital Electric Pressure Cooker,6800,Himstar 3L Multi-Function Digital Electric Pressure Cooker with 15 preset cooking programs.,"Capacity: 3L | Power: 700W | 15 Preset Menus (Rice, Dal, Meat, Soup, Cake, etc.) | Stainless Steel Body | Non-stick Inner Pot | Includes Serving Bowls Offer","Capacity: 3L | Power: 700W | 15 Preset Menus (Rice, Dal, Meat, Soup, Cake, etc.) | Stainless Steel Body | Non-stick Inner Pot | Includes Serving Bowls Offer",https://himstar.com.np/wp-content/uploads/2023/09/HK-303EPI.jpg,,1 Year Comprehensive Warranty,local_price_list,9779765985999
Himstar,Small Home Appliance,Mixer Blender,4 Jars,HL-4002MGD/EE,Himstar 4-Jar Mixer Blender HL-4002MGD,5490,Himstar 750W 4-Jar Mixer Blender with dedicated juicer extractor jar and stainless steel blades.,"Motor: 750W | 4 Jars (Liquidizing, Dry Grinding, Chutney, Juice Extractor) | 3 Speed Control with Pulse","Motor: 750W | 4 Jars (Liquidizing, Dry Grinding, Chutney, Juice Extractor) | 3 Speed Control with Pulse",https://himstar.com.np/wp-content/uploads/2023/09/HL-4002MGD.jpg,,1 Year Warranty,local_price_list,9779765985999
Himstar,Small Home Appliance,Ceiling Fan,48 Inch (1200mm),HC-48CHBK/DA,"Himstar 48"" Ceiling Fan (Black)",2690,Himstar 48-inch high speed aerodynamic ceiling fan with 100% copper motor.,Sweep: 1200mm (48 Inch) | 100% Copper Motor | Double Ball Bearing | High Air Delivery (210 CMM) | 380 RPM,Sweep: 1200mm (48 Inch) | 100% Copper Motor | Double Ball Bearing | High Air Delivery (210 CMM) | 380 RPM,https://himstar.com.np/wp-content/uploads/2023/04/HC-48CHBK.jpg,,2 Years Motor Warranty,local_price_list,9779765985999
Himstar,Small Home Appliance,Electric Pressure Cooker,4 Litre,HK-4K2EPI/ZA,Himstar 4L Digital Electric Pressure Cooker,7200,Himstar 4L Automatic Electric Pressure Cooker with digital touch panel and keep warm function.,Capacity: 4L | Power: 800W | 15 Preset Menus | Touch Panel | Keep Warm Mode | Safety Pressure Release,Capacity: 4L | Power: 800W | 15 Preset Menus | Touch Panel | Keep Warm Mode | Safety Pressure Release,https://himstar.com.np/wp-content/uploads/2023/09/HK-4K2EPI.jpg,,1 Year Comprehensive Warranty,local_price_list,9779765985999
Himstar,Small Home Appliance,Electric Pressure Cooker,4 Litre,HK-4K1EPI/ZA,Himstar 4L Smart Electric Pressure Cooker,7200,Himstar 4L Smart Electric Pressure Cooker with bronze metallic body.,Capacity: 4L | Power: 800W | 15 Smart Menus | Digital LED Display | Delay Timer,Capacity: 4L | Power: 800W | 15 Smart Menus | Digital LED Display | Delay Timer,https://himstar.com.np/wp-content/uploads/2023/09/HK-4K1EPI.jpg,,1 Year Comprehensive Warranty,local_price_list,9779765985999
Himstar,Small Home Appliance,Electric Pressure Cooker,6 Litre,HK-6K1EPI/ZA,Himstar 6L Digital Electric Pressure Cooker (Bronze),8500,Himstar 6L Large Family Electric Pressure Cooker with 15 presets and heavy non-stick pot.,Capacity: 6L | Power: 1000W | 15 Preset Menus | Dual Safety Valves | 24-hr Delay Timer,Capacity: 6L | Power: 1000W | 15 Preset Menus | Dual Safety Valves | 24-hr Delay Timer,https://himstar.com.np/wp-content/uploads/2023/09/HK-6K1EPI.jpg,,1 Year Comprehensive Warranty,local_price_list,9779765985999
Himstar,Small Home Appliance,Electric Pressure Cooker,6 Litre,HK-6K2EPI/ZA,Himstar 6L Digital Electric Pressure Cooker (Silver),8500,Himstar 6L Silver Stainless Steel Electric Pressure Cooker with one-touch cooking presets.,Capacity: 6L | Power: 1000W | 15 Presets | Stainless Steel Housing | Anti-Overheat Protection,Capacity: 6L | Power: 1000W | 15 Presets | Stainless Steel Housing | Anti-Overheat Protection,https://himstar.com.np/wp-content/uploads/2023/09/HK-6K2EPI.jpg,,1 Year Comprehensive Warranty,local_price_list,9779765985999
Himstar,Small Home Appliance,Electric Pressure Cooker,8 Litre,HK-8K2EPI/ZA,Himstar 8L Jumbo Electric Pressure Cooker,9900,"Himstar 8L Jumbo Electric Pressure Cooker for large gatherings, restaurants, and big families.",Capacity: 8L | Power: 1200W | 15 Preset Menus | Heavy Gauge Pot | Safety Lid Lock,Capacity: 8L | Power: 1200W | 15 Preset Menus | Heavy Gauge Pot | Safety Lid Lock,https://himstar.com.np/wp-content/uploads/2023/09/HK-8K2EPI.jpg,,1 Year Comprehensive Warranty,local_price_list,9779765985999
Himstar,Small Home Appliance,Food Processor,All-in-one,HK-1001FPD/EE,Himstar All-in-One Food Processor HK-1001FPD,12990,"Himstar 1000W All-in-One Food Processor with chopping, slicing, grating, kneading, blending, and juicing attachments.","Motor: 1000W 100% Copper | Attachments: Processing Bowl, Blender Jar, Chutney Jar, Multi Blades | Overload Protector","Motor: 1000W 100% Copper | Attachments: Processing Bowl, Blender Jar, Chutney Jar, Multi Blades | Overload Protector",https://himstar.com.np/wp-content/uploads/2023/09/HK-1001FPD.jpg,,1 Year Warranty,local_price_list,9779765985999
Himstar,Small Home Appliance,Heavy Dry Iron,1000W,HI-10HAP1J/EK,Himstar Heavy Weight Deluxe Iron,1990,Himstar Heavy Weight Deluxe Dry Iron with golden soleplate and instant heating.,Power: 1000W | Heavy Weight Body for crisp ironing | Non-stick Coating | Thermal Fuse Safety,Power: 1000W | Heavy Weight Body for crisp ironing | Non-stick Coating | Thermal Fuse Safety,https://himstar.com.np/wp-content/uploads/2023/09/HI-10HAP1J.jpg,,1 Year Warranty,local_price_list,9779765985999
Himstar,Small Home Appliance,Mixer Grinder,3 Jars,HG-75ERMJJ/AI (JUMBO),Himstar Jumbo 750W Heavy Duty Mixer Grinder,5990,"Himstar Jumbo 750W copper motor mixer grinder for heavy batter, turmeric, and tough spices.",Motor: 750W Copper Motor | 3 Heavy Gauge Stainless Steel Jars | Dome Lids with Silicone Ring | Thermal Overload Protection,Motor: 750W Copper Motor | 3 Heavy Gauge Stainless Steel Jars | Dome Lids with Silicone Ring | Thermal Overload Protection,https://himstar.com.np/wp-content/uploads/2023/09/HG-75ERMJJ.jpg,,1 Year on Product + 2 Years on Motor,local_price_list,9779765985999
Himstar,Small Home Appliance,Mixer Grinder,3 Jars,HG-65LEMTJ/AI (TURBO),Himstar Turbo 650W Mixer Grinder (3 Jars),4490,Himstar Turbo 650W heavy-duty mixer grinder with razor sharp hardened blades.,Motor: 650W High Torque | 3 Stainless Steel Jars | Ergonomic Jar Handles | 3 Speed Rotary Switch,Motor: 650W High Torque | 3 Stainless Steel Jars | Ergonomic Jar Handles | 3 Speed Rotary Switch,https://himstar.com.np/wp-content/uploads/2023/09/HG-65LEMTJ.jpg,,1 Year Warranty,local_price_list,9779765985999
Himstar,Small Home Appliance,Mixer Grinder,3 Jars,HG-50MAMUJ/AI (ULTRA),Himstar Ultra 500W Mixer Grinder (3 Jars),3690,Himstar Ultra 500W Mixer Grinder with 3 stainless steel jars and flow breakers for fast grinding.,Motor: 500W | 3 Stainless Steel Jars | Flow Breakers | Overload Protection | Anti-Slip Rubber Feet,Motor: 500W | 3 Stainless Steel Jars | Flow Breakers | Overload Protection | Anti-Slip Rubber Feet,https://himstar.com.np/wp-content/uploads/2023/09/HG-50MAMUJ.jpg,,1 Year Warranty,local_price_list,9779765985999
Himstar,Television,television,,HT-32SFE0NI/VI,Himstar 32 inch smart tv HT-32SFE0NI/VI,33990,"Himstar HT-32SFE0NI/VI 32"" HD Ready Smart TV: Compact Size, Powerful Features The Himstar HT-32SFE0NI/VI 32-inch HD Ready Smart TV combines affordability, performance, and smart technology to deliver a superior entertainment experience. Whether for a small living space or a secondary room, this TV offers everything you need for endless entertainment in a compact, stylish design. HD Ready Display with Frameless Design Featuring an elegant frameless design, this 32-inch HD Ready TV (1280 x 720 resolution) delivers crisp visuals with vibrant colors. The sleek aesthetics maximize the screen size for immersive viewing while blending seamlessly into modern homes. Immersive Sound with Box Speakers The Himstar HT-32SFE0NI/VI comes with two built-in 10-watt box speakers that deliver rich, clear sound. Whether you’re watching movies, listening to music, or catching up on your favorite shows, the audio quality enhances every moment. Choose from multiple sound modes, including Standard, News, Sports, Movie, Music, and User, to customize your experience. Seamless Connectivity Options This TV offers versatile connectivity to match all your entertainment needs. With 2 HDMI and 2 USB ports, along ",Brand: No Brand; SKU: 194302629_NP-1251786327; Energy Rating: 5 star; Display Resolution: 1080; Smart TV OS: Android OS; Curved TV: No; Speakers Config: 20 watt; Refresh Rate: 60 Hz; TV Technology: HD; Electronics Features: smart; Number of USB ports: 2; Tv Resolution: HD (720p / 1280×720); Number of HDMI Ports: 2; Smart TV: Yes; display_size_tv: 32; Cinema 3D: No; Model: HT-32SFE0NI/VI,Brand: No Brand | SKU: 194302629_NP-1251786327 | Energy Rating: 5 star | Display Resolution: 1080 | Smart TV OS: Android OS | Curved TV: No | Speakers Config: 20 watt | Refresh Rate: 60 Hz | TV Technology: HD | Electronics Features: smart | Number of USB ports: 2 | Tv Resolution: HD (720p / 1280×720) | Number of HDMI Ports: 2 | Smart TV: Yes | display_size_tv: 32 | Cinema 3D: No | Model: HT-32SFE0NI/VI,https://static-01.daraz.com.np/p/17c320b948d9ae5d59b401df794cf8d8.jpg,photos\Himstar\HT-32SFE0NI-VI.jpg,"If your product does not come with any warranty, then you can still benefit from our return policy. Please read the return policy conditions here .",daraz_scrape,9779765985999
Himstar,Television,HD Smart TV,32 Inch,HT-32HT2SDJ/KY,"Himstar 32"" Smart Google TV Frameless",23990,"Himstar 32-inch Frameless HD Smart Google TV with Google Assistant, licensed YouTube/Netflix, and surround sound.","Screen: 32 Inch | HD Ready | Google TV OS | Frameless Design | 20W Box Speakers | 2x HDMI, 2x USB | WiFi & Bluetooth","Screen: 32 Inch | HD Ready | Google TV OS | Frameless Design | 20W Box Speakers | 2x HDMI, 2x USB | WiFi & Bluetooth",https://himstar.com.np/wp-content/uploads/2024/01/32HT2SDJ.jpg,,1 Year Comprehensive + 2 Years on Panel,local_price_list,9779765985999
Himstar,Television,television,,43FKDZSDF/KK,Himstar 43 inch HD Smart Television - HT-43FKDZSDF/KK,58990,"The Himstar 43-inch HD Smart TV is built to deliver immersive visuals and smart connectivity for a premium home viewing experience. With its HD display (1366 x 768 resolution), you&#x27;ll enjoy sharp, vivid images with natural colors. The TV comes with smart features like built-in WiFi, allowing you to access apps such as Netflix and YouTube directly from your screen. It offers multiple ports, including HDMI and USB , to connect various external devices for a customized experience. Plus, its powerful sound system enhances the auditory experience, ensuring clarity and depth in every scene. Ideal for households seeking high-quality entertainment, this TV balances performance and affordability with ease of use. Highlights: Himstar 43 inch HD Smart Television - HT-43FKDZSDF/KK",Brand: Himstar; SKU: 131999111_NP-1114804210; Smart TV OS: Android OS; Tv Resolution: Full HD (1080p / 1920×1080); Smart TV: Yes; display_size_tv: 43,Brand: Himstar | SKU: 131999111_NP-1114804210 | Smart TV OS: Android OS | Tv Resolution: Full HD (1080p / 1920×1080) | Smart TV: Yes | display_size_tv: 43,https://static-01.daraz.com.np/p/1f2c7c9fa55b7e50b0a4ffa9626badee.png,photos\Himstar\131999111-NP-1114804210.png,10 Years Brand Warranty,daraz_scrape,9779765985999
Himstar,Television,4K UHD Smart TV,43 Inch,HT-43UT2SDJ/KY,"Himstar 43"" 4K UHD Google Smart TV",54990,"Himstar 43-inch 4K UHD Google Smart TV with HDR display, Google Play Store, and voice-controlled smart remote.","Screen: 43 Inch | 4K Ultra HD | Google TV OS | HDR10 | Bluetooth 5.0 | Chromecast Built-in | 3x HDMI, 2x USB","Screen: 43 Inch | 4K Ultra HD | Google TV OS | HDR10 | Bluetooth 5.0 | Chromecast Built-in | 3x HDMI, 2x USB",https://himstar.com.np/wp-content/uploads/2024/01/43UT2SDJ.jpg,,1 Year Comprehensive + 2 Years on Panel,local_price_list,9779765985999
Himstar,Television,television,,HT-55QT2SDJ,Himstar 55 Inch QLED Smart Television HT-55QT2SDJ | 4K Ultra HD Display | Smart Whale OS | Powerful Quad-Core Processor | Energy Saving Design | Free Installation Service | 3 Years Warranty,85600,"Enjoy stunning entertainment with the Himstar 55"" 4K QLED Smart TV (HT-55QT2SDJ). Featuring a vibrant QLED display, 4K Ultra HD resolution, Whale OS Smart TV platform, and access to popular apps like Netflix and YouTube. Comes with Free Installation Service and 3 Years Warranty for complete peace of mind. Highlights: Brand - Himstar | | | | | | Screen Size - 55 Inch | | | | | | Smart - Yes | | | | | | Sleek Design | | | | | | A+ Panel | | | | | | Boom Sound | | | | | | Display Resolution - 4K UHD | | | | | | Google Certified Android TV | | | | | | Operation System - Android | | | | | | Dual Band Wi-Fi | | | | | | Two-Way Bluetooth | | | | | | Meeting Mode | | | | | | 20 Watt Speaker | | | | | | 1.5 GB RAM, 2 GB Internal Storage | | | | | | Bezel-less Design | | | | | | Special acoustic effects to complement the superior image quality | | | | | | Operate on the latest Android operating software | | | | | | Ultra high resolution, 4K (2160x3840) | | | | | | Ease of connectivity through Wi-Fi&nbsp; | | | | | | Option of VGA, HDMI, Coaxial&nbsp;and USB terminals | | | | | | 3 Years Warranty",Brand: Himstar; SKU: 147427138_NP-1099571266; Energy Rating: 5 Star; Display Resolution: 4K UHD; smart_tv_os: Android OS; Refresh Rate: 100 Hz; tv_resolution: 4K Ultra HD (2160p / 3840x2160); smart_tv: Yes; display_size_tv: 55; Model: HT-55QT2SDJ,Brand: Himstar | SKU: 147427138_NP-1099571266 | Energy Rating: 5 Star | Display Resolution: 4K UHD | smart_tv_os: Android OS | Refresh Rate: 100 Hz | tv_resolution: 4K Ultra HD (2160p / 3840x2160) | smart_tv: Yes | display_size_tv: 55 | Model: HT-55QT2SDJ,https://static-01.daraz.com.np/p/990fe86d12b4e5e31f5247efc0b9fbbc.png,photos\Himstar\HT-55QT2SDJ.png,3 Years Brand Warranty,daraz_scrape,9779765985999
Himstar,Television,4K UHD Smart TV,55 Inch,HT-55U4KSBK/EK,"Himstar 55"" 4K UHD Smart Google TV",89990,"Himstar 55-inch 4K UHD Smart TV with bezel-less screen, Google TV system, Netflix/YouTube 4K certified.",Screen: 55 Inch | 4K UHD (3840x2160) | Google TV | Frameless Design | 20W Stereo Speakers | Dual Band WiFi | 3x HDMI,Screen: 55 Inch | 4K UHD (3840x2160) | Google TV | Frameless Design | 20W Stereo Speakers | Dual Band WiFi | 3x HDMI,https://himstar.com.np/wp-content/uploads/2023/10/55U4KSBK.jpg,,1 Year Comprehensive + 2 Years on Panel,local_price_list,9779765985999
Himstar,Television,QLED 4K Smart TV,55 Inch,HT-55QT2SDJ/KY,"Himstar 55"" QLED 4K Google Smart TV",92990,"Himstar 55-inch QLED 4K Google TV featuring Quantum Dot vibrance, Google Assistant voice control, and stereo sound.","Screen: 55 Inch | 4K QLED | Google TV Platform | HDR10 / HLG | 2GB RAM / 16GB ROM | Voice Remote | 3x HDMI, 2x USB","Screen: 55 Inch | 4K QLED | Google TV Platform | HDR10 / HLG | 2GB RAM / 16GB ROM | Voice Remote | 3x HDMI, 2x USB",https://himstar.com.np/wp-content/uploads/2024/01/55QT2SDJ.jpg,,1 Year Comprehensive + 2 Years on Panel,local_price_list,9779765985999
Himstar,Television,Mini LED 4K Smart TV,65 Inch,HT-65MT2SDJ/KY,"Himstar 65"" Mini LED 4K Google Smart TV",164990,"Himstar Flagship 65-inch Mini LED 4K Google TV with Quantum Dot, Full Array Local Dimming, Dolby Vision & Atmos.","Screen: 65 Inch | Mini LED 4K UHD | Google TV OS | Dolby Vision IQ & Dolby Atmos | 120Hz DLG | Hands-free Voice Control | 3x HDMI 2.1, 2x USB","Screen: 65 Inch | Mini LED 4K UHD | Google TV OS | Dolby Vision IQ & Dolby Atmos | 120Hz DLG | Hands-free Voice Control | 3x HDMI 2.1, 2x USB",https://himstar.com.np/wp-content/uploads/2024/01/65MT2SDJ.jpg,,1 Year Comprehensive + 2 Years on Panel,local_price_list,9779765985999
Himstar,Television,QLED 4K Smart TV,65 Inch,HT-65QT2SDJ/KY,"Himstar 65"" QLED 4K Google Smart TV",122990,"Himstar 65-inch QLED 4K Google TV with 100% Color Gamut, HDR10+, Frameless metallic design, and Dolby Audio.",Screen: 65 Inch | QLED 4K (3840x2160) | Google TV OS | HDR10+ | Frameless Bezel | Chromecast Built-in | 24W Dolby Audio,Screen: 65 Inch | QLED 4K (3840x2160) | Google TV OS | HDR10+ | Frameless Bezel | Chromecast Built-in | 24W Dolby Audio,https://himstar.com.np/wp-content/uploads/2024/01/65QT2SDJ.jpg,,1 Year Comprehensive + 2 Years on Panel,local_price_list,9779765985999
Himstar,Washing Machine,washing machine,7,HW-75FXQUTI/GZ,HImstar 7kg Washing Machine -HW-75FXQUTI/GZ,49290,"Himstar is the trusted Nepali brand for electronics and electrical products, initiated and owned by Him Electronics, a part of Golchha Group. Golchha Group stepped into the business of electronics in 1988 with the establishment of company, Him Electronics Pvt. Ltd. Ten years after getting into the trading and manufacturing of various international electronic brands, Him Electronics launched its indigenous brand Himstar in 1998. Since then Himstar has been the brand loved and preferred by every Nepali households. Highlights: Himstar Washing Machine&nbsp; | | | | HW‐7FQ72TF/GZ | | | | | | Washing Capacity :-&nbsp; | 7KG | | | | Color :-&nbsp; | | Titanium Grey | | | | | Motor Speed :- | &nbsp;1200RPM | | | | Warranty :- | | &nbsp; | | 5 Years Warranty on Motor | | | | | Features :- | &nbsp; | | | | - A++ Energy Efficient | | | | - LED Display | | | | - 15 Wash Programs | | | | - 24 Hour Delay Start | | | | - 18-Minute Fast Wash | | | | - Child Lock | | | | - Anti-Foam Control | | | | | | | | | - Water Pump | | | | - Auto Balance System | | | | - Overheating Control","Brand: No Brand; SKU: 128924622_NP-1037876134; Washing features: Steam washing,Quick Wash; Washing Capacity (kg): 7; Drum Type: Diamond; Type of Washing Machine: Washer; Maximum Spin Speed (RPM): 1200; Top Type: Front Load; Washing Mode: Other; Model Name/Number: HW-75FXQUTI/GZ","Brand: No Brand | SKU: 128924622_NP-1037876134 | Washing features: Steam washing,Quick Wash | Washing Capacity (kg): 7 | Drum Type: Diamond | Type of Washing Machine: Washer | Maximum Spin Speed (RPM): 1200 | Top Type: Front Load | Washing Mode: Other | Model Name/Number: HW-75FXQUTI/GZ",https://np-live-21.slatic.net/kf/Sa0c9817322134fe6a5b0d3a1ffe50a6f0.jpg,photos\Himstar\HW-75FXQUTI-GZ.jpg,5 Years Brand Warranty,daraz_scrape,9779765985999
Himstar,Washing Machine,washing machine,10,10FBWA2DTK/NJ,Himstar 10 kg washing machine Direct Drive inverter dd motor 10FBWA2DTK/NJ,99999,"Himstar HW‐10FBWA2DTK/NJ | 10Kg Front Load Washing Machine Looking for a high-performance and reliable washing machine for everyday use? The Himstar HW‐10FBWA2DTK/NJ is designed to deliver powerful cleaning results while maintaining efficiency and convenience. With its 10KG capacity, this front load washing machine is ideal for medium to large households, allowing you to handle more laundry in fewer cycles. Its advanced motor technology, multiple wash programs, and user-friendly features make it a practical and dependable solution for modern homes. Why Choose the Himstar HW‐10FBWA2DTK/NJ? DD Inverter Motor The machine is equipped with a DD inverter motor that ensures smooth and stable operation. It reduces noise and vibration during washing while improving durability and energy efficiency, making it suitable for long-term use. 11 Wash Programs: The machine offers 11 wash programs designed to handle different types of fabrics and laundry needs. Whether it is daily wear, delicate garments, or bulky items, users can select the most suitable program for optimal results. LED Display with Touch Panel: The touch control panel combined with an LED display provides a clean and modern interf","Brand: No Brand; SKU: 296031242_NP-12320543258; Washing features: Cotton,Large Capacity,Spin dry,Steam washing,Quiet Operation,Quick Wash,Ultra White,Extra rinse cycle,Automatic temperature control,Automatic dispenser,Handwash+Delicates; Country Of Origin: India; Washing Capacity (kg): 10; Drum Type: Steel; Type of Washing Machine: Front Load; Maximum Spin Speed (RPM): 1200; Top Type: Front Load; Model Name/Number: 10FBWA2DTK/NJ; Washing Mode: Energy Saving","Brand: No Brand | SKU: 296031242_NP-12320543258 | Washing features: Cotton,Large Capacity,Spin dry,Steam washing,Quiet Operation,Quick Wash,Ultra White,Extra rinse cycle,Automatic temperature control,Automatic dispenser,Handwash+Delicates | Country Of Origin: India | Washing Capacity (kg): 10 | Drum Type: Steel | Type of Washing Machine: Front Load | Maximum Spin Speed (RPM): 1200 | Top Type: Front Load | Model Name/Number: 10FBWA2DTK/NJ | Washing Mode: Energy Saving",https://static-01.daraz.com.np/p/76e37e7e8ecd4acabf64881954e8cac2.jpg,photos\Himstar\10FBWA2DTK-NJ.jpg,10 Years Brand Warranty,daraz_scrape,9779765985999
Himstar,Washing Machine,washing machine,8,HWFAW82ITK/NJ,"Himstar 8 kg fully Automatic Front Load  Washing Machine - HWFAW82ITK/NJ ENERGY SAVING , STEAM WASH ,STORM WASH ( latest model 2026)",81999,"Why Choose the New Himstar 8 KG Washing Machine? Experience the next generation of washing with the all-new Himstar 8 KG Washing Machine , designed to deliver superior performance, convenience, and durability. What's New & Better? Modern Premium Design: Features a completely redesigned, robust body that is stronger, more stylish, and built to last compared to the previous-generation model. Advanced Inverter Motor: Equipped with a new inverter motor that helps save up to 30% more electricity while also optimising water and detergent usage for greater efficiency. Easy-Clean Drain Filter: The upgraded drain filter features a convenient, easy-access cap. Unlike the older design that required removing the entire bottom cover to reach the drain cap, the new system makes cleaning quick, simple, and hassle-free. Built-in Anti-Rat Protection: The new model includes an anti-rat bottom cover that helps prevent rats and cockroaches from entering the machine and damaging internal components. This added protection helps avoid repairs that are typically not covered under standard warranty due to pest damage. Upgrade to Smarter Washing The new Himstar 8 KG isn't just an updated washing machine—it'","Brand: No Brand; SKU: 296031010_NP-1367965868; Washing features: Cotton,Large Capacity,Spin dry,Steam washing,Quiet Operation,Quick Wash,Automatic temperature control,Automatic dispenser,Handwash+Delicates,Extra rinse cycle,Ultra White,Fuzzy Logic; Country Of Origin: India; Washing Capacity (kg): 8; Drum Type: Steel; Type of Washing Machine: Front Load; Maximum Spin Speed (RPM): 1200; Top Type: Front Load; Model Name/Number: HWFAW82ITK/NJ; Washing Mode: Energy Saving; Warranty Policy EN: 10 years warranty on motor and 1 years full body warranty","Brand: No Brand | SKU: 296031010_NP-1367965868 | Washing features: Cotton,Large Capacity,Spin dry,Steam washing,Quiet Operation,Quick Wash,Automatic temperature control,Automatic dispenser,Handwash+Delicates,Extra rinse cycle,Ultra White,Fuzzy Logic | Country Of Origin: India | Washing Capacity (kg): 8 | Drum Type: Steel | Type of Washing Machine: Front Load | Maximum Spin Speed (RPM): 1200 | Top Type: Front Load | Model Name/Number: HWFAW82ITK/NJ | Washing Mode: Energy Saving | Warranty Policy EN: 10 years warranty on motor and 1 years full body warranty",https://static-01.daraz.com.np/p/4185cf69ffbd4057a85f74ebfbe952f9.png,photos\Himstar\HWFAW82ITK-NJ.png,10 Years Brand Warranty,daraz_scrape,9779765985999
Himstar,Washing Machine,washing machine,8,HW-80FAW82ITK/NJ,Himstar 8KG Inverter Motor Front Load Fully Automatic Washing Machine | HW-80FAW82ITK/NJ | 1200RPM Fast Spin Dry | LED Touch Panel | 11 Wash Programs | Delay Start | Child Lock | Energy Efficient,74990,"Key Features 8KG washing capacity BLDC Inverter Motor 1200 RPM spin speed 11 wash programs Built-in heater LED display Touch controls Child Lock Fully automatic operation Front load design Free installation 1 Year Full Brand Warranty 10 Years Motor Warranty Himstar HW-80FAW82ITK/NJ 8KG Front Load Fully Automatic Washing Machine The Himstar HW-80FAW82ITK/NJ is an 8KG fully automatic front load washing machine designed for convenient and efficient everyday laundry. It features a BLDC Inverter Motor for powerful and energy-efficient performance along with a 1200 RPM spin speed for effective water extraction and faster drying. With 11 wash programs , the washing machine provides suitable options for different types of fabrics and everyday laundry requirements. The built-in heater supports warm-water washing, while the LED display with touch controls makes operation simple and convenient. For family safety, the machine includes a Child Lock feature to help prevent accidental operation. Its front-load design provides a modern appearance and practical washing experience. ​ Daraz Attribute Details Brand Himstar Model HW-80FAW82ITK/NJ Product Type Front Load Washing Machine Washing Capacity","Brand: Himstar; SKU: 128231452_NP-2194483198; Washing features: Large Capacity,Cotton,Spin dry,Steam washing,Quiet Operation,Quick Wash,Ultra White,Extra rinse cycle,Built-in Sink,Closet Depth; Washing Capacity (kg): 8; Drum Type: Diamond; Type of Washing Machine: Front Load; Maximum Spin Speed (RPM): 1200; Top Type: Front Load; Model Name/Number: HW-80FAW82ITK/NJ; Washing Mode: Spin; Warranty Policy EN: 1 year full and 10 Years Warranty on Motor","Brand: Himstar | SKU: 128231452_NP-2194483198 | Washing features: Large Capacity,Cotton,Spin dry,Steam washing,Quiet Operation,Quick Wash,Ultra White,Extra rinse cycle,Built-in Sink,Closet Depth | Washing Capacity (kg): 8 | Drum Type: Diamond | Type of Washing Machine: Front Load | Maximum Spin Speed (RPM): 1200 | Top Type: Front Load | Model Name/Number: HW-80FAW82ITK/NJ | Washing Mode: Spin | Warranty Policy EN: 1 year full and 10 Years Warranty on Motor",https://static-01.daraz.com.np/p/ade8b28064cc4f80b1cc5c8a168be162.png,photos\Himstar\HW-80FAW82ITK-NJ.png,10 Years Brand Warranty,daraz_scrape,9779765985999
Himstar,Water Dispenser,Floor Standing Dispenser with Refrigerator,"Hot, Cold & Cabinet Fridge",HW-HCN95LSG/LE,Himstar 3-in-1 Water Dispenser with Mini Refrigerator,14790,Himstar premium floor standing water dispenser with built-in mini refrigerator compartment at bottom.,"Type: Floor Standing 3-in-1 | Hot, Cold & Normal | Built-in 20L Mini Fridge Compartment | High Efficiency Compressor","Type: Floor Standing 3-in-1 | Hot, Cold & Normal | Built-in 20L Mini Fridge Compartment | High Efficiency Compressor",https://himstar.com.np/wp-content/uploads/2023/10/HW-HCN95LSG.jpg,,1 Year Warranty,local_price_list,9779765985999
Himstar,Water Dispenser,Floor Standing Dispenser,Hot & Cold,HW-HN22LSG/LE,Himstar Floor Standing Hot & Cold Water Dispenser,9590,Himstar floor standing water dispenser with efficient compressor cooling and storage cabinet.,Type: Floor Standing | Hot & Cold Taps | Compressor Cooling | Storage Cabinet at Bottom | Low Noise,Type: Floor Standing | Hot & Cold Taps | Compressor Cooling | Storage Cabinet at Bottom | Low Noise,https://himstar.com.np/wp-content/uploads/2023/10/HW-HN22LSG.jpg,,1 Year Warranty,local_price_list,9779765985999
Himstar,Water Dispenser,Tabletop Water Dispenser,Hot & Normal,HW-HN19TTG/LE,Himstar Tabletop Hot & Normal Water Dispenser,5190,Himstar compact tabletop water dispenser with dual taps for hot and room temperature water.,Type: Tabletop | Hot & Normal Water Taps | Fast Heating | Food Grade Stainless Steel Tank | Child Safety Lock,Type: Tabletop | Hot & Normal Water Taps | Fast Heating | Food Grade Stainless Steel Tank | Child Safety Lock,https://himstar.com.np/wp-content/uploads/2023/10/HW-HN19TTG.jpg,,1 Year Warranty,local_price_list,9779765985999
Hitachi,Air Conditioner,air conditioner,1.5 Ton / 18000 BTU,HF-18BT627CH,HITACHI 1.5 Ton Wall Mount Split Air Conditioner,87719,"The Hitachi Fujian AC 1.5 Ton HF-18BT627CH is a non-inverter split air conditioner designed to provide efficient cooling for medium to large rooms, typically up to 180 sq. ft. This model likely features 100% inner-grooved copper condenser coils and piping, which are known for their excellent heat transfer properties and durability, ensuring faster cooling and a long operational life. While specific features of this exact model are limited, similar Hitachi units often include convenient functionalities such as Turbo Mode for rapid cooling, Auto Restart that restores settings after a power outage, and a Superfine Mesh Filter to capture micro dust particles for cleaner air. The split system design ensures quiet operation indoors as the compressor unit is housed outside. Highlights: Durable Build: Features 100% inner-grooved copper tubes and fins for enhanced heat exchange, efficiency, and long life. | | | | | | Rapid Cooling: Equipped with a Turbo Mode (or similar fast-cooling technology) and Super Slit fins that provide a larger heat exchange area to cool the room faster. | | | | | | User-Friendly Features: Includes a clear LED display and a remote control for easy operation, as well",Brand: Hitachi; SKU: 1511745751_NP-12293291462; Connecting Wire: Yes; air_conditioner_rated_capacity: 1.5 Ton / 18000 BTU; type_air_conditioner: Not Specified; Kit Included: Not Specified; Inverter: No; Room Size: 90-150 sq meters; Power Consumption: 1500; Model: HF-18BT627CH,Brand: Hitachi | SKU: 1511745751_NP-12293291462 | Connecting Wire: Yes | air_conditioner_rated_capacity: 1.5 Ton / 18000 BTU | type_air_conditioner: Not Specified | Kit Included: Not Specified | Inverter: No | Room Size: 90-150 sq meters | Power Consumption: 1500 | Model: HF-18BT627CH,https://static-01.daraz.com.np/p/d1baaa2c5e7270ab1b508fdbe6c4b639.jpg,photos\Hitachi\HF-18BT627CH.jpg,5 Years Brand Warranty,daraz_scrape,9779765985999
Hitachi,Air Conditioner,air conditioner,1.5 Ton / 18000 BTU,RSRG517HEXA,Hitachi 1.5 Ton  Inverter Air Conditioner,128105,"The Hitachi RSRG517HEXA 1.5 Ton Air Conditioner is designed to deliver powerful cooling performance while ensuring energy efficiency and comfort. Built with advanced inverter technology, it automatically adjusts the compressor speed to maintain consistent cooling and reduce power consumption. With a 1.5-ton capacity, it is ideal for medium-sized rooms, providing quick and uniform cooling even during extreme summer heat. The unit features a modern and sleek design that blends seamlessly with any interior décor. Equipped with eco-friendly refrigerant, it minimizes environmental impact while offering reliable performance. Additional features such as advanced filters ensure cleaner and healthier air by reducing dust, allergens, and bacteria. Known for its durability and low-noise operation, this model stands out as a reliable choice for homes and offices. The Hitachi RSRG517HEXA is a perfect balance of style, performance, and efficiency, making it a smart investment for those seeking long-lasting comfort and energy savings. Highlights: Capacity: | | 1.5 Ton – suitable for medium-sized rooms | | | | | | Energy Efficiency: | | 5 Star rating for lower electricity consumption | | | | | | C",Brand: Hitachi; SKU: 473597648_NP-2099648468; Connecting Wire: Not Specified; air_conditioner_rated_capacity: 1.5 Ton / 18000 BTU; type_air_conditioner: Not Specified; Kit Included: Not Specified; Inverter: Yes; Room Size: 150-250 sq meters; Power Consumption: 1085; Model: RSRG517HEXA,Brand: Hitachi | SKU: 473597648_NP-2099648468 | Connecting Wire: Not Specified | air_conditioner_rated_capacity: 1.5 Ton / 18000 BTU | type_air_conditioner: Not Specified | Kit Included: Not Specified | Inverter: Yes | Room Size: 150-250 sq meters | Power Consumption: 1085 | Model: RSRG517HEXA,https://static-01.daraz.com.np/p/9ad2ede3b39411553ef00be006b5c3fc.jpg,photos\Hitachi\RSRG517HEXA.jpg,10 Years Brand Warranty,daraz_scrape,9779765985999
Hitachi,Air Conditioner,Inverter Split AC (Hot & Cold),1.5 Ton,RAS-X18CAT,Hitachi 1.5 Ton Kashikoi Inverter Split AC (FrostWash),149990,Hitachi 1.5 Ton Kashikoi Inverter AC featuring FrostWash automatic coil cleaning technology and 100% Inner Grooved Copper.,"Capacity: 1.5 Ton (18,000 BTU) | Tropical Inverter Hot & Cold | FrostWash Auto Coil Clean | 100% Inner Grooved Copper | Expandable Inverter","Capacity: 1.5 Ton (18,000 BTU) | Tropical Inverter Hot & Cold | FrostWash Auto Coil Clean | 100% Inner Grooved Copper | Expandable Inverter",https://static-01.daraz.com.np/p/hitachi-15-ton-kashikoi-inverter-ac.jpg,,1 Year Comprehensive + 5 Years on Inverter PCB + 10 Years on Compressor,daraz_market,9779765985999
Hitachi,Air Conditioner,air conditioner,2 Ton / 24000 BTU,RMRG422HFXO,Hitachi 2.0 Ton Inverter Split Air Conditioner - KIYORA-RMRG422HFXO,156863,"The Hitachi RMRG422HFXO 2 Ton Air Conditioner is a powerful and reliable cooling solution designed to deliver comfort in larger rooms and office spaces. With its advanced inverter technology, it ensures efficient cooling while reducing energy consumption, making it both eco-friendly and cost-effective. The unit is equipped with modern features such as fast cooling, uniform air distribution, and intelligent controls that provide a convenient user experience. Built with Hitachi’s trusted durability and sleek design, this air conditioner not only enhances room aesthetics but also guarantees long-lasting performance. Ideal for hot and humid climates, the RMRG422HFXO ensures a cool and refreshing environment even during peak summer. Highlights: Key Features &amp; Benefits | | | | | | Inverter Technology | | | | | | Adjusts the compressor speed based on cooling demand, resulting in energy-efficient operation. | | | | | | | | Hot &amp; Cold Mode | | | | | | Equipped with both cooling and heating functions—perfect for year-round comfort. | | | | | | Expandable Technology | | | | | | Designed for consistent performance, even under extreme tropical temperatures (up to 52 °C), ensuring full c",Brand: Hitachi; SKU: 473595954_NP-2099721991; Connecting Wire: Not Specified; air_conditioner_rated_capacity: 2 Ton / 24000 BTU; type_air_conditioner: Not Specified; Kit Included: Not Specified; Inverter: Yes; Room Size: 150-250 sq meters; Power Consumption: 1101.16; Model: RMRG422HFXO,Brand: Hitachi | SKU: 473595954_NP-2099721991 | Connecting Wire: Not Specified | air_conditioner_rated_capacity: 2 Ton / 24000 BTU | type_air_conditioner: Not Specified | Kit Included: Not Specified | Inverter: Yes | Room Size: 150-250 sq meters | Power Consumption: 1101.16 | Model: RMRG422HFXO,https://static-01.daraz.com.np/p/9ad2ede3b39411553ef00be006b5c3fc.jpg,photos\Hitachi\RMRG422HFXO.jpg,10 Years Brand Warranty,daraz_scrape,9779765985999
Hitachi,Air Conditioner,air conditioner,1 Ton / 12000 BTU,RSPG512HEXA,Hitachi Kiyora 1.0 Ton Inverter Split Air Conditioner RSPG512HEXA,98039,"The Hitachi RSPG512HEXA 1.0 Ton Air Conditioner is a premium cooling solution designed to deliver comfort, efficiency, and reliability. With its compact 1-ton capacity, it is an ideal choice for small to medium-sized rooms, offering powerful cooling while consuming less energy. Equipped with advanced inverter technology, the AC automatically adjusts its compressor speed to maintain consistent cooling and reduce electricity consumption. Hitachi has also integrated features like high-quality filters for cleaner air, eco-friendly refrigerant for environmental safety, and user-friendly controls to ensure a convenient experience. Built with durability and performance in mind, the RSPG512HEXA combines modern design with cutting-edge technology, making it a dependable option for year-round comfort. Highlights: Brand: Hitachi | | | | | | Type: 1 Ton Split AC | | | | | | Rated Capacity: 12000 BTU | | | | | | Inverter Technology: Yes | | | | | | Coverage Area: 130 sq. ft | | | | | | Installation Type: Wall Mount | | | | | | Types of sensors: Penta sensors | | | | | | Heating and cooling function | | | | | | 100% inner grooved copper tube | | | | | | SuperSlit Fins | | | | | | Tropical design",Brand: Hitachi; SKU: 473451828_NP-2099171146; Connecting Wire: Not Specified; air_conditioner_rated_capacity: 1 Ton / 12000 BTU; type_air_conditioner: Window Air Conditioner; Kit Included: Not Specified; Inverter: Yes; Room Size: 90-150 sq meters; Power Consumption: 935; Model: RSPG512HEXA,Brand: Hitachi | SKU: 473451828_NP-2099171146 | Connecting Wire: Not Specified | air_conditioner_rated_capacity: 1 Ton / 12000 BTU | type_air_conditioner: Window Air Conditioner | Kit Included: Not Specified | Inverter: Yes | Room Size: 90-150 sq meters | Power Consumption: 935 | Model: RSPG512HEXA,https://static-01.daraz.com.np/p/60f9666d4e09ef3e5113248d2e2cb7f8.jpg,photos\Hitachi\RSPG512HEXA.jpg,10 Years Brand Warranty,daraz_scrape,9779765985999
Hitachi,Refrigerator,refrigerator,455,HR4N7522DSXSG,HITACHI REFRIGERATOR HR4N7522DSXSG 455L,159477,"The Hitachi Refrigerator HR4N7522DSXSG is a premium, modern refrigerator designed to combine style, performance, and convenience for today’s households. With its elegant stainless steel finish and sleek design, it adds a sophisticated touch to any kitchen. This model offers a large storage capacity, making it ideal for medium to large families. It features advanced technologies such as the Inverter Compressor, which ensures energy efficiency and quiet operation, and the Dual Fan Cooling system that maintains optimal cooling in both the refrigerator and freezer compartments. The refrigerator also includes a touch control panel, tempered glass shelves, and LED lighting for better visibility. Additionally, it is equipped with features like a quick-freeze function, eco-friendly refrigerant, and a spacious vegetable compartment that keeps food fresh for a longer time. Overall, the Hitachi HR4N7522DSXSG refrigerator is a perfect blend of innovation, durability, and elegant design, providing a comfortable and efficient cooling experience. Highlights: Key&nbsp;Specifications | | | | Spec&nbsp;Detail&nbsp;Model&nbsp;Name:&nbsp;HR4N7522DSXSG&nbsp; | | | | Type&nbsp;/&nbsp;Style:&nbsp;4-door&",Brand: Hitachi; SKU: 495563297_NP-2218486469; Refrigerator Type: Side-by-Side; Net Depth (mm): 735; Net Height (mm): 1800; Refrigerator Capacity (L): 455; Net Width (mm): 795; Number of doors: 4 or more; Model: HR4N7522DSXSG,Brand: Hitachi | SKU: 495563297_NP-2218486469 | Refrigerator Type: Side-by-Side | Net Depth (mm): 735 | Net Height (mm): 1800 | Refrigerator Capacity (L): 455 | Net Width (mm): 795 | Number of doors: 4 or more | Model: HR4N7522DSXSG,https://static-01.daraz.com.np/p/644b3d64d2f5d116656afa9cb2149c34.png,photos\Hitachi\HR4N7522DSXSG.png,1 Year Brand Warranty,daraz_scrape,9779765985999
Hitachi,Refrigerator,Double Door Inverter Refrigerator,366 L,R-VG400PND8,Hitachi 366L Stylish Glass Double Door Refrigerator (Glass Black),115000,"Hitachi 366L Frost Free Double Door Refrigerator with Tempered Glass Door, Inverter Dual Fan Cooling, and Selectable Zone.",Capacity: 366L | Double Door Frost Free | Dual Fan Inverter | Selectable Fresh Zone | Tempered Glass Doors | Movable Twist Ice Tray,Capacity: 366L | Double Door Frost Free | Dual Fan Inverter | Selectable Fresh Zone | Tempered Glass Doors | Movable Twist Ice Tray,https://static-01.daraz.com.np/p/hitachi-366l-glass-double-door-fridge.jpg,,1 Year Comprehensive + 10 Years on Compressor,daraz_market,9779765985999
Hitachi,Refrigerator,French Bottom Freezer Refrigerator,540 L,R-WB640VND0,Hitachi 540L 4-Door French Bottom Freezer Refrigerator (Glass Black),299990,"Hitachi Premium 540L 4-Door Refrigerator made in Thailand with Vacuum Compartment, Inverter x Dual Fan Cooling, and Touch Screen Controller.",Capacity: 540L | 4-Door French Bottom Freezer | Vacuum Compartment Preservation | Inverter x Dual Fan Cooling | VIP Insulation | Glass Black Finish,Capacity: 540L | 4-Door French Bottom Freezer | Vacuum Compartment Preservation | Inverter x Dual Fan Cooling | VIP Insulation | Glass Black Finish,https://static-01.daraz.com.np/p/hitachi-540l-french-door-fridge.jpg,,1 Year Comprehensive + 10 Years on Inverter Compressor,daraz_market,9779765985999
Hitachi,Refrigerator,Side by Side Refrigerator,595 L,R-SX800GND0,Hitachi 595L Side-by-Side Inverter Refrigerator (Mirror Glass),275000,"Hitachi 595L Luxury Side by Side Refrigerator with Mirror Glass doors, auto ice maker, and Triple Power Filter.",Capacity: 595L | Side-by-Side | Inverter Dual Fan | Mirror Finish Glass Door | Auto Ice & Water Dispenser | Triple Odor Filter,Capacity: 595L | Side-by-Side | Inverter Dual Fan | Mirror Finish Glass Door | Auto Ice & Water Dispenser | Triple Odor Filter,https://static-01.daraz.com.np/p/hitachi-595l-sbs-mirror-fridge.jpg,,1 Year Comprehensive + 10 Years on Compressor,daraz_market,9779765985999
Hitachi,Refrigerator,refrigerator,525,HRSN9552DDXSG,Hitachi HRSN9552DDXSG Refrigerator Side by Side Refrigerator (525L),165359,"Feature Details Model Hitachi HRSN9552DDXSG Type Side-by-Side Refrigerator Total Capacity 525 Litres (Fridge: 333 L, Freezer: 192 L) Color Dark Inox Cooling System No-Frost, Dual Fan Cooling Compressor Type Inverter Compressor (10-Year Warranty) Air Flow System Surround Air Cooling Key Technologies Dual Sensing Control, Quick Freezing, Eco Thermo Sensor Control Panel Glass Touch Control Panel (Mirror-finish) Interior Features LED Lighting (Both Compartments), Tempered Glass Shelves, Modular Ice Tray Humidity Control Vegetable Compartment with Moisture Control Door Alarm Yes (Open Door Alert) Energy Efficiency Grade 1 Energy Label (High Efficiency) Dimensions (W×H×D) 912 × 1762 × 642 mm Net Weight Approx. 82 kg Warranty 1 Year Full Warranty + 10 Years on Compressor Highlights: Cooling &amp; Temperature Control | | | | | | Surround Air Cooling + No‑Frost System ensures gentle, uniform airflow from side panels, preventing ice buildup and preserving food quality | | | | | | Dual Sensing Control uses separate Eco Thermo-Sensors in the freezer and fridge compartments to maintain optimal, independent temperatures. | | | | | | | | | | Efficiency &amp; Freezing Features | | | | | | Efficien",Brand: Hitachi; SKU: 452688928_NP-1988854219; Refrigerator Type: Side-by-Side; Net Depth (mm): 642; Net Height (mm): 1762; Refrigerator Capacity (L): 525; Net Width (mm): 912; Warranty Duration: 1 Year Full Parts Warranty and 10 Years Compressor Warranty; Number of doors: 2; Model: HRSN9552DDXSG,Brand: Hitachi | SKU: 452688928_NP-1988854219 | Refrigerator Type: Side-by-Side | Net Depth (mm): 642 | Net Height (mm): 1762 | Refrigerator Capacity (L): 525 | Net Width (mm): 912 | Warranty Duration: 1 Year Full Parts Warranty and 10 Years Compressor Warranty | Number of doors: 2 | Model: HRSN9552DDXSG,https://static-01.daraz.com.np/p/ac2872970a31a1ecddb0397e7b39f6da.jpg,photos\Hitachi\HRSN9552DDXSG.jpg,1 Year Brand Warranty,daraz_scrape,9779765985999
Hitachi,Refrigerator,refrigerator,275,HRTN5275MFPSVKH,Hitachi HRTN5275MFPSVKH  Double Door Inverter Refrigerator (275L),78431,"Specs at a Glance Feature Specification Total Capacity 256 L (200 L fridge + 56 L freezer) Dimensions 560 × 1,680 × 635 mm Weight ~48 kg (net) Warranty 5 years standard, 10 years on inverter compressor Highlights: Performance&nbsp;&amp;&nbsp;Efficiency | | | | | | Grade 1&nbsp;Energy&nbsp;Label&nbsp;&amp;&nbsp;Inverter&nbsp;Compressor:&nbsp;Delivers&nbsp;powerful&nbsp;yet&nbsp;quiet&nbsp;and&nbsp;energy-saving&nbsp;operation | | | | | | Surround&nbsp;Air&nbsp;Cooling&nbsp;+&nbsp;No‑Frost&nbsp;System:&nbsp;Promotes&nbsp;uniform,&nbsp;gentle&nbsp;airflow&nbsp;throughout&nbsp;to&nbsp;prevent&nbsp;uneven&nbsp;cooling&nbsp;and&nbsp;ice&nbsp;build‑up | | | | | | Surround&nbsp;Air&nbsp;Cooling&nbsp;+&nbsp;No‑Frost&nbsp;System:&nbsp;Promotes&nbsp;uniform,&nbsp;gentle&nbsp;airflow&nbsp;throughout&nbsp;to&nbsp;prevent&nbsp;uneven&nbsp;cooling&nbsp;and&nbsp;ice&nbsp;build‑up | | | | | | Flexible&nbsp;Fresh‑Select&nbsp;Drawer:&nbsp;Adjustable&nbsp;placement&nbsp;&amp;&nbsp;dual-mode&nbsp;(Meat/Dairy&nbsp;~1 °C&nbsp;or&nbsp;Vegetable&nbsp;~5 °C)&nbsp;for&nbsp;optimal&nbsp;preservation | | | | | | Double‑Deck&nbsp;Vegetable&nbsp;Drawers:&nbsp;Additional&nbsp;layout&nbsp;for&nbsp;extra&nbsp;produ",Brand: Hitachi; SKU: 452673630_NP-1988607980; Refrigerator Type: Top Mount Freezer; Net Depth (mm): 635; Net Height (mm): 1680; Refrigerator Capacity (L): 275; Net Width (mm): 560; Warranty Duration: 1 years Full Services Warranty & 10 Years Warranty on Compressor; Number of doors: 2; Model: HRTN5275MFPSVKH,Brand: Hitachi | SKU: 452673630_NP-1988607980 | Refrigerator Type: Top Mount Freezer | Net Depth (mm): 635 | Net Height (mm): 1680 | Refrigerator Capacity (L): 275 | Net Width (mm): 560 | Warranty Duration: 1 years Full Services Warranty & 10 Years Warranty on Compressor | Number of doors: 2 | Model: HRTN5275MFPSVKH,https://static-01.daraz.com.np/p/c059b612fd115fabed347539113cd934.jpg,photos\Hitachi\HRTN5275MFPSVKH.jpg,1 Year Brand Warranty,daraz_scrape,9779765985999
Hitachi,Refrigerator,refrigerator,180,HF-180GLC,Single Door Refrigerator 180L HF-180GLC,34102,"The KEC HF-180GLC 180L Single Door Refrigerator is a compact and elegant cooling solution designed for efficient food storage, featuring a stylish tempered glass door design and a large outside handle for easy access. It provides a generous 180-liter capacity, and its interior is built with durable tempered glass shelves, a dedicated jumbo freezer compartment, LED lighting, and an egg pocket for organized storage. The appliance operates using a semi-auto defrost system and features an elegant overall design, blending functionality with modern aesthetics Highlights: The highlights of the&nbsp;KEC HF-180GLC 180L Single Door Refrigerator&nbsp;focus on its practical features, including the robust build and convenient storage solutions.&nbsp; | | | | | | Jumbo Freezer:&nbsp;Provides a large compartment for frozen items. | | | | | | Tempered Glass Shelves:&nbsp;Durable and easy-to-clean shelves that can hold significant weight. | | | | | | Outside Big Handle:&nbsp;A stylish and large exterior handle for ergonomic access. | | | | | | Semi-Auto Defrost:&nbsp;Offers a convenient defrosting mechanism, reducing manual effort. | | | | | | LED Light:&nbsp;Bright interior lighting for better vis",Brand: Hitachi; SKU: 509051360_NP-2275829220; Refrigerator Type: Single Door; Net Depth (mm): 550; Net Height (mm): 1140; Refrigerator Capacity (L): 180; Net Width (mm): 540; Number of doors: 1; Model: HF-180GLC,Brand: Hitachi | SKU: 509051360_NP-2275829220 | Refrigerator Type: Single Door | Net Depth (mm): 550 | Net Height (mm): 1140 | Refrigerator Capacity (L): 180 | Net Width (mm): 540 | Number of doors: 1 | Model: HF-180GLC,https://static-01.daraz.com.np/p/889f8081a71e19eb20ac5afee1b8080a.jpg,photos\Hitachi\HF-180GLC.jpg,5 Years Brand Warranty,daraz_scrape,9779765985999
Hitachi,Refrigerator,refrigerator,190,HF-193CSBL,Single Door Refrigerator 190L HF-193CSBL,35734,"The Hitachi Fujian 190L Single Door Refrigerator (HF-193CSBL) is a spacious and stylish appliance designed for small to medium-sized households, featuring a generous 190-liter capacity and an eye-catching blue floral design. Built for convenience, it includes sturdy big legs for enhanced stability and easier cleaning, along with a large, easy-grip external handle for effortless door access. The interior is equipped with durable, easy-to-clean toughened glass shelves capable of holding heavy items, a transparent vegetable tray, and built-in egg pockets for smart organization. Operating within a wide voltage range of 160V-260V, it offers energy efficiency and reliable performance, backed by a 2-year comprehensive warranty and a 10-year warranty on the compressor. Highlights: Here are the key highlights and features of the&nbsp;Hitachi Fujian 190L Single Door Refrigerator (HF-193CSBL): | | | | | | Stylish Design: Features an&nbsp;eye-catching blue floral design&nbsp;that adds a touch of personality to the kitchen. | | | | | | Durable Shelving: Equipped with&nbsp;toughened glass shelves&nbsp;that are built to last and can handle heavy groceries. | | | | | | Enhanced Stability and Hygie",Brand: Hitachi; SKU: 509047626_NP-2275827425; Refrigerator Type: Single Door; Net Depth (mm): 670; Net Height (mm): 1065; Refrigerator Capacity (L): 190; Net Width (mm): 540; Number of doors: 1; Model: HF-193CSBL,Brand: Hitachi | SKU: 509047626_NP-2275827425 | Refrigerator Type: Single Door | Net Depth (mm): 670 | Net Height (mm): 1065 | Refrigerator Capacity (L): 190 | Net Width (mm): 540 | Number of doors: 1 | Model: HF-193CSBL,https://static-01.daraz.com.np/p/1dd67468d67ad8e341c4fe4e2e3ffc94.jpg,photos\Hitachi\HF-193CSBL.jpg,10 Years Brand Warranty,daraz_scrape,9779765985999
Hitachi,Small Home Appliance,Heavy Duty Drum Vacuum Cleaner,21 Litre / 2100W,CV-950Y,Hitachi 2100W Heavy Duty Metal Body Drum Vacuum Cleaner,26500,"Hitachi 2100W Japan-engineered heavy duty drum vacuum cleaner with metal body, dust indicator, and high power suction.",Power: 2100W | Dust Capacity: 21L | Heavy Metal Body | Cloth Filter (Washable) | Telescopic Pipe & Multi-Angle Brush | Blower Function,Power: 2100W | Dust Capacity: 21L | Heavy Metal Body | Cloth Filter (Washable) | Telescopic Pipe & Multi-Angle Brush | Blower Function,https://static-01.daraz.com.np/p/hitachi-2100w-drum-vacuum-cv950y.jpg,,1 Year Comprehensive Warranty,daraz_market,9779765985999
Livpure,Air Cooler,air cooler,60 L,Multicool 60L,LIVPURE MULTICOOL 60 L MINI DESERT AIR COOLER,22800,Motor with TOP (Thermal Overload Protection)&nbsp; | | Power Consumption of 140 Watts&nbsp; | | Motorised Vertical Louvers | | Three Speed Control | | &nbsp;Fastest Cooling with 3000 CMH | | Large Tank Capacity - 60 Litres | | 23 Feet Air Throw Distance | | Multi-Directional Wheels&nbsp; | | Large Cooling Pads&nbsp; | | 3 Side Honeycomb Cooling Media | | Water Level Indicator | | Works on Inverter | | DIMENSION WITH WHEEL (LXWXH) IN MM :&nbsp;530 X 385 X 1145&nbsp;,Brand: Livpure; SKU: 131758563_NP-1038953936; Model: Multicool 60L,Brand: Livpure | SKU: 131758563_NP-1038953936 | Model: Multicool 60L,https://static-01.daraz.com.np/p/3dafd4957ca54ae80b6e5940ea7275c3.png,photos\Livpure\Multicool-60L.png,1 Year Seller Warranty,daraz_scrape,9779765985999
Livpure,Air Cooler,air cooler,,Livpure-Livpure-Glitz-Pure-R,Livpure Glitz Pure RO+UF+ Mineraliser Water Purifier,32999,Brand Name : Livpure&nbsp; | | Model No : UV+UF+ Mineraliser | | 7 Stage Advanced Purification&nbsp; | | 7 Liters Storage Capacity&nbsp; | | LED Indication-Power on tank Full and Purification -in-Process&nbsp; | | Mineraliser : Adds Required Minerals and maintain the Right pH of water&nbsp; | | 1 years Full Services Warranty&nbsp; | | Contact no 01-5005004 on Content for Product that require installation | | Product Dimensions :&nbsp;‎29.5L x 26.5W x 50.5H Centimeters,Brand: Livpure; SKU: 128922248_NP-1036852690; Number of Filters: Not Specified; Warranty Policy EN: 1 years Full Services Warranty,Brand: Livpure | SKU: 128922248_NP-1036852690 | Number of Filters: Not Specified | Warranty Policy EN: 1 years Full Services Warranty,https://static-01.daraz.com.np/p/e254465b6d60978a7003d99ce68d0892.jpg,photos\Livpure\128922248-NP-1036852690.jpg,1 years Full Services Warranty,daraz_scrape,9779765985999
Livpure,Air Cooler,air cooler,65,LIVFREE 65L,Livpure LIVFREE Desert Air Cooler 65 L,23840,Motor with TOP (Thermal Overload Protection)&nbsp; | | Power Consumption of 190 Watts&nbsp; | | Motorised Vertical Louvers | | Three Speed Control | | &nbsp;Fastest Cooling with 5000 CMH | | Large Tank Capacity - 65 Litres | | 43 Feet Air Throw Distance | | Multi-Directional Wheels&nbsp; | | Large Cooling Pads&nbsp; | | Ice Chamber | | 3 Side Honeycomb Filter | | 4 way Louvre movement | | Water Level Indicator | | Works on Inverter | | DIMENSION WITH WHEEL (LXWXH) IN MM : 620 X 470 X 1125,Brand: Livpure; SKU: 131723990_NP-1038944825; Air Cooler Features: Wheels included; Capacity: 65; Model: LIVFREE 65L,Brand: Livpure | SKU: 131723990_NP-1038944825 | Air Cooler Features: Wheels included | Capacity: 65 | Model: LIVFREE 65L,https://static-01.daraz.com.np/p/ba28fd1aa87b3e66b7e290de081ac703.png,photos\Livpure\LIVFREE-65L.png,1 Year Seller Warranty,daraz_scrape,9779765985999
Livpure,Air Cooler,air cooler,85,LIVFREE 85L,Livpure LIVFREE Desert Air Cooler 85 L,27575,Motor with TOP (Thermal Overload Protection)&nbsp; | | Power Consumption of 190 Watts&nbsp; | | Motorised Vertical Louvers | | Three Speed Control | | &nbsp;Fastest Cooling with 5000 CMH | | Large Tank Capacity - 85 Litres | | 43 Feet Air Throw Distance | | Multi-Directional Wheels&nbsp; | | Large Cooling Pads&nbsp; | | Ice Chamber | | 3 Side Honeycomb Filter | | 4 way Louvre movement | | Water Level Indicator | | Works on Inverter | | DIMENSION WITH WHEEL (LXWXH) IN MM : 620x470x1225,Brand: Livpure; SKU: 131730787_NP-1038943968; Air Cooler Features: Wheels included; Capacity: 85; Model: LIVFREE 85L,Brand: Livpure | SKU: 131730787_NP-1038943968 | Air Cooler Features: Wheels included | Capacity: 85 | Model: LIVFREE 85L,https://static-01.daraz.com.np/p/1ca3504fc371082dce4d67417d3891c8.png,photos\Livpure\LIVFREE-85L.png,1 Year Seller Warranty,daraz_scrape,9779765985999
Livpure,Air Cooler,air cooler,65,LP-AC-LF65LD,Livpure Livfree 65 Liters Desert Air Cooler,19500,LP-AC-LF65LD Motor with TOP (Thermal Overload Protection) •Power Consumption of 190 Watts •Motorised Vertical Louvers •Three Speed Control Fastest Cooling with 5000 CMH •Large Tank Capacity - 65 Litres •43 Feet Air Throw Distance •Multi-Directional Wheels •Large Cooling Pads •Ice Chamber •3 Side Honeycomb Filter 4 way Louvre movement •Water Level Indicator •Works on Inverter •DIMENSION WITH WHEEL (LXWXH) IN MM: 620 X 470 X 1125 Highlights: 43 Feet Air Throw Distance,"Brand: Livpure; SKU: 1513793844_NP-12305961876; Air Cooler Features: Wheels included,Portable; Capacity: 65; Model: LP-AC-LF65LD","Brand: Livpure | SKU: 1513793844_NP-12305961876 | Air Cooler Features: Wheels included,Portable | Capacity: 65 | Model: LP-AC-LF65LD",https://np-live-21.slatic.net/kf/Sc4e8a41bd7344af8bdb5451e81bfcae2c.jpg,photos\Livpure\LP-AC-LF65LD.jpg,1 Year Brand Warranty,daraz_scrape,9779765985999
Livpure,Air Cooler,air cooler,58,Magnakool 58L,Livpure Magnakool Tower Air Cooler- 58L,20500,Motor with TOP (Thermal Overload Protection)&nbsp; | | Power Consumption of 130 Watts&nbsp; | | Motorised Vertical Louvers | | Three Speed Control | | &nbsp;Fastest Cooling with 1600 CMH | | Large Tank Capacity - 58 Litres | | 23 Feet Air Throw Distance | | Multi-Directional Wheels&nbsp; | | Large Cooling Pads&nbsp; | | Ice Chamber | | Back Side Honeycomb Filter | | Complete Shut Louvers&nbsp; | | Water Level Indicator | | Works on Inverter | | DIMENSION WITH WHEEL (LXWXH) IN MM : 360x350x1385,Brand: Livpure; SKU: 131750042_NP-1038948907; Air Cooler Features: Wheels included; Capacity: 58; Model: Magnakool 58L,Brand: Livpure | SKU: 131750042_NP-1038948907 | Air Cooler Features: Wheels included | Capacity: 58 | Model: Magnakool 58L,https://static-01.daraz.com.np/p/026bda792f6a783ace3360cf91ee6daa.png,photos\Livpure\Magnakool-58L.png,1 Year Seller Warranty,daraz_scrape,9779765985999
Livpure,Air Cooler,air cooler,35,Chill 35L,Livpure Personal Air Cooler Chill 35 L,14700,Motor with TOP (Thermal Overload Protection)&nbsp; | | Power Consumption of 130 Watts&nbsp; | | Motorised Vertical Louvers | | Three Speed Control | | &nbsp;Fastest Cooling with 1000 CMH | | Tank Capacity - 35 Litres | | 16 Feet Air Throw Distance | | Multi-Directional Wheels&nbsp; | | Ice Chamber | | Back Side Honeycomb Filter | | Water Level Indicator | | Works on Inverter | | Weather Resistant - Ideal for Indoor/ Semi-Outdoor | | DIMENSION WITH WHEEL (LXWXH) IN MM : 405 X 295 X 890,Brand: Livpure; SKU: 131762977_NP-1038959914; Air Cooler Features: Wheels included; Capacity: 35; Model: Chill 35L,Brand: Livpure | SKU: 131762977_NP-1038959914 | Air Cooler Features: Wheels included | Capacity: 35 | Model: Chill 35L,https://static-01.daraz.com.np/p/a82235fa117f0966e3698b079584ed71.jpg,photos\Livpure\Chill-35L.jpg,1 Year Seller Warranty,daraz_scrape,9779765985999
Livpure,Small Home Appliance,Curved Glass Auto Clean Chimney,90 cm (1400 m3/hr),LIVPURE ADOR 90,Livpure Ador 90cm Auto-Clean Kitchen Chimney,40500,Livpure Ador 90cm high suction curved glass chimney with filterless technology and gesture sensing.,Size: 90cm | Suction: 1400 m3/hr | Filterless Design | Thermal Heat Auto Clean | Motion Sensor Control | Oil Collector Tray,Size: 90cm | Suction: 1400 m3/hr | Filterless Design | Thermal Heat Auto Clean | Motion Sensor Control | Oil Collector Tray,https://livpure.com/cdn/shop/files/Ador90.png,,1 Year Comprehensive + 5 Years on Motor,local_price_list,9779765985999
Livpure,Small Home Appliance,Slant / Angular Chimney,90 cm (1500 m3/hr),LIVPURE DRIFT 90,Livpure Drift 90cm Angular Slant Auto-Clean Chimney,49500,Livpure Drift 90cm futuristic angular slant hood chimney with 1500 m3/hr super suction and 100% smoke capture.,Size: 90cm | Suction: 1500 m3/hr Super Suction | Angular Slant Black Glass | Motion Sensor & Touch | Heat Auto Clean,Size: 90cm | Suction: 1500 m3/hr Super Suction | Angular Slant Black Glass | Motion Sensor & Touch | Heat Auto Clean,https://livpure.com/cdn/shop/files/Drift90.png,,1 Year Comprehensive + 5 Years on Motor,local_price_list,9779765985999
Livpure,Small Home Appliance,T-Shape Auto Clean Chimney,90 cm (1300 m3/hr),LIVPURE ETHER 90,Livpure Ether 90cm Motion Sensor Auto-Clean Chimney,40000,"Livpure Ether 90cm T-Shape kitchen chimney with gesture motion sensor, thermal auto clean, and 1300 m3/hr high suction.",Size: 90cm | Suction: 1300 m3/hr | Motion Sensor Control | Heat Auto-Clean Technology | Stainless Steel Baffle Filter | LED Lamp,Size: 90cm | Suction: 1300 m3/hr | Motion Sensor Control | Heat Auto-Clean Technology | Stainless Steel Baffle Filter | LED Lamp,https://livpure.com/cdn/shop/files/Ether90.png,,1 Year Comprehensive + 5 Years on Motor,local_price_list,9779765985999
Livpure,Small Home Appliance,Curved Glass Auto Clean Chimney,90 cm (1200 m3/hr),LIVPURE SWIRL 90,Livpure Swirl 90cm Curved Glass Chimney,36000,Livpure Swirl 90cm stylish curved tempered glass chimney with touch control and oil collector tray.,Size: 90cm | Suction: 1200 m3/hr | Curved Tempered Glass | Touch Controls | Metal Blower | Oil Collector,Size: 90cm | Suction: 1200 m3/hr | Curved Tempered Glass | Touch Controls | Metal Blower | Oil Collector,https://livpure.com/cdn/shop/files/Swirl90.png,,1 Year Comprehensive + 5 Years on Motor,local_price_list,9779765985999
Livpure,Water Dispenser,water dispenser,15,Bolt+ Copper,Livpure Bolt+ Copper,34999,". Highlights: This Product is delivered by the seller | | | | | HR Technology saves 87% Water at Input Water TDS upto 1250 PPM | | | | | | | | Purifies water from any source and can work up to TDS 1500 PPM | | | | | | | | 7 Stage Advanced Purification | | | | | | | | 7 Liters Storage Capacity | | | | | | | | LED Indication-Power ON, Tank Full and Purification -in-Process | | | | | | | | Copper 29 infuses goodness of natural copper into water | | | | | | | | In tank UV Sterilization | | | | | | | | Product Dimension (WxHxD): 20x43x20 | | | | | | | | Product Weight: 9Kgs",Brand: Livpure; SKU: 105557011_NP-1027339576; Number of Filters: 6; Purification Method: Reverse Osmosis; Filter Type: RO 5 Levels System - Inline Casting Core; Model: Bolt+ Copper; Purification Capacity: 15,Brand: Livpure | SKU: 105557011_NP-1027339576 | Number of Filters: 6 | Purification Method: Reverse Osmosis | Filter Type: RO 5 Levels System - Inline Casting Core | Model: Bolt+ Copper | Purification Capacity: 15,https://static-01.daraz.com.np/p/bab7ddb8fb5ad06730bd942780b67554.png,photos\Livpure\Bolt-Copper.png,1 Year Seller Warranty,daraz_scrape,9779765985999
Livpure,Water Dispenser,water dispenser,,Livpure-Livpure-Platino---Co,Livpure Platino + Copper (RO+UV +UF + Mineraliliser) Water Purifier,46199,"Livpure Platino+ Copper with RO+UV+UF+Mineraliser Enjoy the Goodness of Natural Copper in your Purified Water A Convenient Feather Touch Custom Dispensing to get purified water as per the Requirement Comes with Advanced 8 Stage Purification System Highlights: Electrical Purifier | | RO, UV, UF Purification | | Hard/Soft Water, Municipal Water | | 15Litres/Hour Purification Capacity, 8.5 Litres Storage Tank | | ABS Food Grade Plastic | | Super Sediment Filter Carbon Block Filter | | Interactive Feather Touch interface | | Removes Virus &amp; Bacteria From Water | | mineraliser | | Advanced Purification | | Customised Water Dispensing | | 1 year warranty on manufactures defects",Brand: Livpure; SKU: 105458463_NP-1027177666; Number of Filters: Not Specified,Brand: Livpure | SKU: 105458463_NP-1027177666 | Number of Filters: Not Specified,https://static-01.daraz.com.np/p/11892576f5d68dfe534a9257f4e4cd73.jpg,photos\Livpure\105458463-NP-1027177666.jpg,1 Year Brand Warranty,daraz_scrape,9779765985999
Livpure,Water Dispenser,water dispenser,,Livpure-Livpure-Platino--Cop,Livpure Platino+ Copper,43999,This Product is delivered by the seller | | | HR Tecnology saves 87% Water at Input Water TDS upto 1250 PPM | | | | Purifies water from any source and can work upto TDS 1500 PPM | | | | 7 Stage Advanced Purification | | | | | | 8.5 Litres Storage Capacity | | | | Feather Touch Interface | | | | Customised Water Dispensing | | | | In tank UV Sterilization | | | | Copper 29 infuses goodness of natural copper into water | | | | Purification Technology & Advanced Purification: RO + UV + UF + TDS + TE(Taste Enhancer) + Active Copper | | | | Installation: Table Top and Wall Mounting | | | | Input Voltage: 140-300 V AC/50 Hz | | | | Operating Voltage: 24 V DC | | | | | | | Product Dimensions (CM): 48 x 37 x 23.5 | | | | | | | | | | Product Weight: 9 Kg,Brand: Livpure; SKU: 105533989_NP-1027340541; Number of Filters: 6,Brand: Livpure | SKU: 105533989_NP-1027340541 | Number of Filters: 6,https://static-01.daraz.com.np/p/93dfcd7b4a4d86edb9e4fa5de764e4d0.jpg,photos\Livpure\105533989-NP-1027340541.jpg,1 Year Seller Warranty,daraz_scrape,9779765985999
Livpure,Water Dispenser,water dispenser,6.5 L,RO +UV +UF +Taste Enhancer,"Livpure Zinger  Copper Hot (RO +UV +UF +Taste Enhancer ) 6.5 L tank-White, 15 LPH Water Purifier",58121,"From the manufacturer Healthy &amp; Pure Copper Infused Hot Water Instant Hot Water with Purification Technology - RO + UV + UF + Taste Enhancer Ensure the safety of your family by providing them with clean water with the Livpure Zinger Copper Hot Water Purifier. It provides you with an immediate and continuous supply of warm, hot, and regular water as required, with its customized dispensing options. It comes with Multi-Stage Advanced Purification and saves up to 20,000* litres of water in a year with its water saving technology. Play Video Water Saving Technology with Goodness of Natural Copper Previous page Next page &nbsp; &nbsp; &nbsp; &nbsp; Previous page Next page &nbsp; &nbsp; &nbsp; &nbsp; &nbsp; The Classic Combination of Convenience and Style Previous page Next page &nbsp; &nbsp; &nbsp; Highlights: Brand : Livpure&nbsp; | | Model No :&nbsp;RO +UV +UF +Taste Enhancer&nbsp; | | 10 times more hot water&nbsp; | | 6 stage advanced purification&nbsp; | | 6.5 liters storage Capacity&nbsp; | | Hot water &amp; Ambient&nbsp; | | Feather Touch interface&nbsp; | | In tank UV sterillization&nbsp; | | 1 years full service warranty&nbsp; | | Contact no 01-5005004 on Content for Product",Brand: Livpure; SKU: 116829229_NP-1031974411; Model: RO +UV +UF +Taste Enhancer; Purification Method: Other; Number of Filters: Not Specified,Brand: Livpure | SKU: 116829229_NP-1031974411 | Model: RO +UV +UF +Taste Enhancer | Purification Method: Other | Number of Filters: Not Specified,https://static-01.daraz.com.np/p/86c17a046c9883c221c4b98bc9e37180.png,photos\Livpure\RO-UV-UF-Taste-Enhancer.png,"If your product does not come with any warranty, then you can still benefit from our return policy. Please read the return policy conditions here .",daraz_scrape,9779765985999
Livpure,Water Dispenser,water dispenser,,Livpure-Livpure-Zinger-Coppe,Livpure Zinger Copper Hot Water Purifier,55399,". Purification Stages: Super Sediment Filter, Carbon Block Filter, Anti-scalant Cartridge, RO Membrane-HR, Copper 29 Cartridge, UF Cartridge No. of Stages: 7 Suitable for TDS levels: Upto 1,500 ppm Suitable for Hardness levels: Upto 450 mg/L Purification Capacity: Upto 15 L/Hr Duty Cycle (Max): Upto 75 L/Day Display: LED Indications Body Material: ABS Food Grade Plastic Mounting: Wall Mount Water Dispensing Type: Ambient, Warm & Hot Water Storage Tank Capacity: 6.5 L Membrane Type: Thin Film Composite UV Wattage: - 0.7 W (in tank UV) UF Membrane: 0.1 µm Input Voltage: 140 - 140 - 300 V AC /50 Hz Dimensions (mm): L 345 X W 230 X H 495 Net Weight (kgs): 8.2 Country of Origin - India Highlights: P | | urification Stages: | &nbsp;Super Sediment Filter, Carbon Block Filter,&nbsp;Anti-scalant Cartridge, RO Membrane-HR,&nbsp;Copper 29 Cartridge, UF Cartridge | | | No. of Stages:&nbsp; | 7 | | | Suitable for TDS levels:&nbsp; | Upto 1,500 ppm | | | Suitable for Hardness levels:&nbsp; | Upto 450 mg/L | | | Purification Capacity:&nbsp; | &nbsp;Upto 15 L/Hr | | | Duty Cycle (Max):&nbsp; | Upto 75 L/Day | | | Display:&nbsp; | LED Indications | | | Body Material:&nbsp; | ABS Food Grade Plastic ",Brand: Livpure; SKU: 122018617_NP-1033174400; Number of Filters: 6,Brand: Livpure | SKU: 122018617_NP-1033174400 | Number of Filters: 6,https://static-01.daraz.com.np/p/c0335a7020463715bc80582765b4a153.png,photos\Livpure\122018617-NP-1033174400.png,1 Year Brand Warranty,daraz_scrape,9779765985999
Livpure,Water Dispenser,water dispenser,,Livpure-Livpure-blot-copper,Livpure blot copper (RO + UV + Mineraliser) Water Purifier,36749,"Electrical Purifier | | RO, UV Purification | | Hard/Soft Water, Municipal Water | | 12 Litres/Hour Purification Capacity, 7 Litres Storage Tank | | ABS Food Grade Plastic | | Super Sediment Filter Carbon Block Filter PA Filter | | 7 Storage Capacity | | LED Indications | | Remove Bacteria &amp; Virus from Water | | Dial Type Faucet | | 1 year warranty on manufactures defects",Brand: No Brand; SKU: 105470475_NP-1027183584; Number of Filters: Not Specified,Brand: No Brand | SKU: 105470475_NP-1027183584 | Number of Filters: Not Specified,https://static-01.daraz.com.np/p/fa22c052ea23026dd5b7649ee5ee0940.jpg,photos\Livpure\105470475-NP-1027183584.jpg,"1 year warranty on manufactures defects ,Physical Damage Not Applicable",daraz_scrape,9779765985999
Livpure,Water Purifier,water purifier,8 L,LI614EL1938Q8NAFAMZ-63006,"Livpure  8 Ltr Water Purifier Envy Alkaline, Ro+UV+UF+Taste Enhancer",33899,"Livpure Envy Alkaline (RO + UV+UV) “I” RO, Water Purifier, Envy Alkaline Water purifier is a state of the art product from Luminous Water Technologies Pvt. Ltd. Luminous Water Technologies is a part of the SAR group , much acclaimed for introducing “LUMINOUS”, a well-respected household brand. The water purifier has been launched with an ambition to establish a benchmark in water purification technology and to offer world class choices in modern potable water systems to the consumer. Technical Specifications: Product: Livpure Envy Alkaline Purification Technology: RO + UV + UF + Taste Enhance + Alkaline Purification Cartridges: Pre Filter, Sediment Filter, Pre Carbon Filter cum Adsorber, RO Membrane, UV Disinfection Column, UF Cartridge, Silver Impregnated Post Carbon Cartridge. Purification capacity: Up to 15 litres / hour. Max. Duty cycle: up to 75 litres / day. Storage tank capacity: 8.0 litres (approx.). RO Membrane: 75/80 Gallon per Day UV Disinfection Column: 24 L/Hr (Design Registration No.- 264546) Min. Inlet water pressure: 0.3 kg / sq cm. Max. Inlet water pressure: 3.0 kg / sq cm. Input voltage: 140-300 V AC / 50 Hz Operating voltage: 24V DC. Product Dimension (W*D*H) (mm",Brand: Livpure; SKU: LI614EL1938Q8NAFAMZ-63006; Number of Filters: 6,Brand: Livpure | SKU: LI614EL1938Q8NAFAMZ-63006 | Number of Filters: 6,https://static-01.daraz.com.np/p/3122de090fc166adda8d989c31b72acf.png,photos\Livpure\LI614EL1938Q8NAFAMZ-63006.png,1 Year Brand Warranty,daraz_scrape,9779765985999
Livpure,Water Purifier,RO+UV Premium,7 Litre,LIVPURE ALLURA PREMIA,Livpure Allura Premia RO+UV+Mineralizer Water Purifier,44999,"Livpure Allura Premia with ultra-modern aesthetic glass fascia, touch dispensing, and 2.5x longer filter life.",Purification: 8 Stage RO+UV+UF+Copper+Alkaline | Storage: 7L | Feather Touch Dispense | In-tank UV Sterilization,Purification: 8 Stage RO+UV+UF+Copper+Alkaline | Storage: 7L | Feather Touch Dispense | In-tank UV Sterilization,https://livpure.com/cdn/shop/files/AlluraPremia.png,,1 Year Comprehensive Warranty,local_price_list,9779765985999
Livpure,Water Purifier,water purifier,,Livpure-Livpure-Bolt--Copper,Livpure Bolt+ Copper (Ro+Uv+Mineraliser) Water Purifier,36749,"It stands out for their cutting-edge technology, ensuring the delivery of pure and safe drinking water. Equipped with advanced RO and UV purification systems, they effectively eliminate impurities, contaminants, and harmful microorganisms. Livpure's sleek and user-friendly designs, coupled with hassle-free maintenance, provide a seamless experience for users. With a commitment to innovation and water purity, Livpure stands as a reliable choice for those seeking high-quality water purification solutions. Highlights: 7 Stage Purification with Water Saving Technology: Livpure BOLT+ COPPER provides 7 stages advanced purification: (1. Super Sediment Filter. 2 Carbon Block filter. 3) Anti-Scalant Cartridge. 4) RO Membrane (HR). 5) Mineral Cartridge (Mineraliser). 6) Copper 29 Cartridge. 7) In tank UV Sterilization.) | | Super Sediment Filter: No Pre Filter Required. | | RO Membrane (HR): Innovative HR technology that reduces the wastage of water and gives upto 70% water recovery and saves 20L water every day. | | Anti-scalant Cartridge: Prevent scaling on membrane layer. Improve purification capacity &amp; Enhance the Life of RO membrane. | | Smart TDS technology enhances taste and provi",Brand: Livpure; SKU: 129112937_NP-1037142172; Number of Filters: Not Specified,Brand: Livpure | SKU: 129112937_NP-1037142172 | Number of Filters: Not Specified,https://static-01.daraz.com.np/p/1ef9f35ac88ed4c4e26a01e6f1c83dd9.jpg,photos\Livpure\129112937-NP-1037142172.jpg,1 Year Seller Warranty,daraz_scrape,9779765985999
Livpure,Water Purifier,RO+UV+Mineraliser,7 Litre Storage,LIVPURE BOLT+COPPER,Livpure Bolt+ Copper RO+UV+Mineralizer Water Purifier,34999,Livpure Bolt+ Copper Water Purifier with 7-stage purification and active copper cartridge for enhanced immunity and mineral balance.,Purification: RO + UV + UF + Copper + Mineralizer | Storage: 7L | Purification Rate: 15 L/hr | TDS upto 2000 ppm | Food Grade Tank,Purification: RO + UV + UF + Copper + Mineralizer | Storage: 7L | Purification Rate: 15 L/hr | TDS upto 2000 ppm | Food Grade Tank,https://livpure.com/cdn/shop/files/BoltCopper1.png,,1 Year Comprehensive Warranty,local_price_list,9779765985999
Livpure,Water Purifier,water purifier,,Livpure-Livpure-Bolt--Copper-2,"Livpure Bolt+ Copper, Water Purifier (RO+UV+Mineraliser+Copper 29)",36749,"The Livpure Water Purifier, Bolt+ Copper (RO+UV+Mineraliser+Copper 29) is a top-of-the-line water purifier that uses reverse osmosis technology to provide you with clean and safe drinking water. With its advanced purification system, this water purifier is capable of removing impurities and contaminants from your water, ensuring that you get only the purest and healthiest drinking water possible. The Bolt + Copper model comes equipped with a copper 29 cartridge that adds essential minerals to your water, making it even more beneficial for your health. This water purifier has a purification capacity of 7 liters, making it perfect for small to medium-sized families. Its sleek and modern design makes it a great addition to any kitchen. The Livpure Water Purifier, Bolt+ Copper (RO+UV+Mineraliser+Copper 29) is the perfect choice for anyone who wants to ensure that their family is drinking only the purest and healthiest water possible. Highlights: Livpure Bolt+ Copper Water Purifier with RO+ UV + Mineraliser +Copper 29.&nbsp; | | Purification method: Reverse Osmosis.&nbsp; | | Purification capacity: 7 liters.&nbsp; | | Filter type: Membranes.&nbsp; | | Copper 29 technology for added heal","Brand: Livpure; SKU: 128433582_NP-1035917002; Number of Filters: 6; Warranty Policy EN: Electronic parts 1 year, 6 month on filter cartridges","Brand: Livpure | SKU: 128433582_NP-1035917002 | Number of Filters: 6 | Warranty Policy EN: Electronic parts 1 year, 6 month on filter cartridges",https://static-01.daraz.com.np/p/095c8d72d827fc057d04671b005c116d.jpg,photos\Livpure\128433582-NP-1035917002.jpg,1 Year Brand Warranty,daraz_scrape,9779765985999
Livpure,Water Purifier,Alkaline RO+UV,7 Litre,LIVPURE ENVY ALKALINE,Livpure Envy Alkaline RO+UV Water Purifier,33899,Livpure Envy Alkaline RO Water Purifier with pH balancer (7.5-8.5 pH) and antioxidant rich water.,Purification: RO + UV + UF + Alkaline Cartridge | Storage: 7L | Bio-Alkaline Enhancer | Multi-Stage Filter,Purification: RO + UV + UF + Alkaline Cartridge | Storage: 7L | Bio-Alkaline Enhancer | Multi-Stage Filter,https://livpure.com/cdn/shop/files/EnvyAlkaline.png,,1 Year Comprehensive Warranty,local_price_list,9779765985999
Livpure,Water Purifier,water purifier,,TDS,Livpure Envy Alkaline RO+UV+UF+Smart TDS Adjuster+Alkaliser Water Purifier,35599,Brand Name&nbsp; : Livpure&nbsp; | | Model No : RO+UV+UF+Smart TDS | | 7 Stage Advanced Purification&nbsp; | | 8 Liters Storage Capacity&nbsp; | | Equipped With Alkaliser&nbsp; | | wall Mount to&nbsp; Counter Top&nbsp; | | Convenient Shutter Tray to Fill Water&nbsp; | | Contact no 01-5005004 on Content for Product that require installation | | 1 yeas Full Services Warranty&nbsp; | | Product Dimensions :&nbsp;42L x 29W x 54H Centimeters,Brand: Livpure; SKU: 128918221_NP-1036851203; Warranty Policy EN: 1 years Full Services Warranty,Brand: Livpure | SKU: 128918221_NP-1036851203 | Warranty Policy EN: 1 years Full Services Warranty,https://static-01.daraz.com.np/p/4c28a0d249161b7dfe42eb1d85ccf88d.jpg,photos\Livpure\128918221-NP-1036851203.jpg,1 years Full Services Warranty,daraz_scrape,9779765985999
Livpure,Water Purifier,water purifier,,Livpure-Livpure-Glitz-Silver,Livpure Glitz Silver (Ro+Uf+Mineraliser) Water Purifier,32999,"It stands out for their cutting-edge technology, ensuring the delivery of pure and safe drinking water. Equipped with advanced RO and UV purification systems, they effectively eliminate impurities, contaminants, and harmful microorganisms. Livpure's sleek and user-friendly designs, coupled with hassle-free maintenance, provide a seamless experience for users. With a commitment to innovation and water purity, Livpure stands as a reliable choice for those seeking high-quality water purification solutions. Highlights: 7 Stage Purification: Livpure GLITZ SILVER provides 7 stages advanced purification: 1) Sediment Filter. 2) PA Filter. 3) Pre activated Carbon Filter. 4) RO Membrane. 5) Mineral Cartridge (Mineraliser). 6) Ultra filtration (UF). 7) Silver Impregnated Post Carbon Filter. | | PA Filter (Particulate Arrester): It enhances the performance of entire purification system as it acts as Membrane and Solenoid Valve life enhancer. | | Mineral Cartridge: Mineraliser in the purification system ensures right level of essential minerals in water like magnesium, potassium etc. Magnesium boosts exercise performance, maintains healthy blood sugar levels, promotes bone health, and supports ",Brand: Livpure; SKU: 129120267_NP-1037144117; Number of Filters: Not Specified,Brand: Livpure | SKU: 129120267_NP-1037144117 | Number of Filters: Not Specified,https://static-01.daraz.com.np/p/434fde31c23ee4e42032bd4ce019a18a.jpg,photos\Livpure\129120267-NP-1037144117.jpg,1 Year Seller Warranty,daraz_scrape,9779765985999
Livpure,Water Purifier,RO+UV+UF,7 Litre,LIVPURE GLITZ SILVER,Livpure Glitz Silver RO+UV+UF Water Purifier,32999,Livpure Glitz Silver multi-stage water purifier with silver impregnated carbon to prevent bacterial regrowth.,Purification: RO + UV + UF + Silver Carbon | Storage: 7L | LED Indicators | Auto Flush,Purification: RO + UV + UF + Silver Carbon | Storage: 7L | LED Indicators | Auto Flush,https://livpure.com/cdn/shop/files/GlitzSilver.png,,1 Year Comprehensive Warranty,local_price_list,9779765985999
Livpure,Water Purifier,water purifier,,Livpure-Livpure-Platino--Cop-2,Livpure Platino+ Copper (Ro+Uv+Uf+Mineraliser) Water Purifier,46199,"It stands out for their cutting-edge technology, ensuring the delivery of pure and safe drinking water. Equipped with advanced RO and UV purification systems, they effectively eliminate impurities, contaminants, and harmful microorganisms. Livpure's sleek and user-friendly designs, coupled with hassle-free maintenance, provide a seamless experience for users. With a commitment to innovation and water purity, Livpure stands as a reliable choice for those seeking high-quality water purification solutions. Highlights: 8 Stage Purification with Water Saving Technology: | | Livpure PLATINO+ COPPER provides 8 stages advanced purification: (Super Sediment Filter, Carbon Block filter, Anti-Scalant Cartridge, RO Membrane (HR), Mineral Cartridge (Mineralizer), Copper 29 Cartridge, Ultra filtration, In tank UV Sterilization. | | Super Sediment Filter: No Pre Filter Required. | | RO Membrane (HR): Innovative HR technology that reduces the wastage of water and gives upto 70% water recovery and saves 20L water every day. | | Anti-sealant Cartridge: Prevent scaling on membrane layer. Improve purification capacity &amp; Enhance the Life of RO membrane. | | Smart TDS technology enhances taste and p",Brand: Livpure; SKU: 129119248_NP-1037142170; Number of Filters: Not Specified,Brand: Livpure | SKU: 129119248_NP-1037142170 | Number of Filters: Not Specified,https://static-01.daraz.com.np/p/2382603df3b03e555bff24bea1da7932.jpg,photos\Livpure\129119248-NP-1037142170.jpg,1 Year Seller Warranty,daraz_scrape,9779765985999
Livpure,Water Purifier,RO+UV Copper Platino,8.5 Litre,LIVPURE PLATINO+COPPER,Livpure Platino+ Copper 8.5L Water Purifier,43999,"Livpure Platino+ with continuous copper infusion, large 8.5L capacity, and smart filter change alerts.",Purification: 8-Stage RO+UV+UF+Copper | Storage: 8.5L | Smart LED Display | Custom Dispensing,Purification: 8-Stage RO+UV+UF+Copper | Storage: 8.5L | Smart LED Display | Custom Dispensing,https://livpure.com/cdn/shop/files/PlatinoCopper.png,,1 Year Comprehensive Warranty,local_price_list,9779765985999
Livpure,Water Purifier,water purifier,8.5 L,Platino+,Livpure Platino+ copper 8.5 ltrs (R0+Uv+Uf+Mineraliser) Water Purifier,46199,"HR technology saves 87% water at input water TDS upto 1250 PPM Purifies water from any source and can work upto TDS 1500PPM 7 stage advanced purification 8.5 litres storage capacity Copper 29 infuses goodness of natural copper into water Purification Technology &amp; Advanced Purification: RO + UV + UF + TDS + TE(Taste Enhancer) + Active Copper Installation: Table Top and Wall Mounting Input Voltage: 140-300 V AC/50 Hz Operating Voltage: 24 V DC Feather touch interface Customised Water dispensing In tank UV sterilization FREE INSTALLATION INSIDE KATHMANDU VALLEY Highlights: Electrical Purifier | | RO, UV, UF Purification | | Hard/Soft Water, Municipal Water | | 15 Litres/Hour Purification Capacity, 8.5 Litres Storage Tank | | ABS Food Grade Plastic | | Super Sediment Filter Carbon Block Filter | | Interactive Feather Touch interface | | Removes Virus &amp; Bacteria From Water | | 1 year warranty on manufactures defects ,Physical Damage Not Applicable","Brand: Livpure; SKU: 105571276_NP-1037608978; Number of Filters: Not Specified; Purification Method: Reverse Osmosis; Model: Platino+; Warranty Policy EN: Booster pump , Electronics  parts 1 year, 6 month  on filter cartridge","Brand: Livpure | SKU: 105571276_NP-1037608978 | Number of Filters: Not Specified | Purification Method: Reverse Osmosis | Model: Platino+ | Warranty Policy EN: Booster pump , Electronics  parts 1 year, 6 month  on filter cartridge",https://static-01.daraz.com.np/p/c1c18bfa3ce29a1e3d2968f18c857a2e.jpg,photos\Livpure\Platino.jpg,1 Year Brand Warranty,daraz_scrape,9779765985999
Livpure,Water Purifier,water purifier,,Sereno,Livpure Sereno - SS RO+UV+UF Water Purifier with Copper & Mineral Technology,49999,"Purification Stages:&nbsp; | | Super Sediment Filter, Pre-activated Carbon, Anti-scalant cartridge, Reverse Osmosis Membrane, Mineral Cartridge, Copper 29 Cartridge, Ultra Filtration Cartridge, In-tank UV LED Sterilization | | | | | | | | No. of Stages:&nbsp; | | 8 | | | | | | Suitable for TDS levels:&nbsp; | | Upto 1,500 ppm | | | | | | Suitable for Hardness levels :&nbsp; | | Upto 600 mg/L | | | | | | Purification Capacity:&nbsp; | | Upto 15 L/Hr | | | | | | Duty Cycle (Max):&nbsp; | | Upto 75 L/Day | | | | | | Display:&nbsp; | | LED Indications | | | | | | Body Material:&nbsp; | | ABS Food Grade Plastic | | | | | | Tank Material:&nbsp; | | Food Grade 304 SS | | | | | | Mounting:&nbsp; | | Wall Mount | | | | | | Water Dispensing Type:&nbsp; | | Ambient | | | | | | Storage Tank Capacity:&nbsp; | | 5.5 L | | | | | | Membrane Type:&nbsp; | | Thin Film Composite | | | | | | UV Wattage:&nbsp; | | 0.7 W (in tank UV) | | | | | | UF Membrane:&nbsp; | | 0.1 µm | | | | | | Input Voltage:&nbsp; | | 140 - 300 V AC /50 Hz | | | | | | Dimensions (mm):&nbsp; | | L 345 x W 275 x H 490 mm | | | | | | Net Weight (kgs):&nbsp; | | 8.6 | | | | | | | | Country of Origin&nbsp; | | - India",Brand: Livpure; SKU: 420379872_NP-1825409623; Number of Filters: 6; Model: Sereno,Brand: Livpure | SKU: 420379872_NP-1825409623 | Number of Filters: 6 | Model: Sereno,https://static-01.daraz.com.np/p/db6d75ee39ebba27c91dcb9fffd0e6a3.jpg,photos\Livpure\Sereno.jpg,1 Year Seller Warranty,daraz_scrape,9779765985999
Livpure,Water Purifier,Under The Counter (UTC),8 Litre Hydrostatic,LIVPURE UTC NEON PLUS,Livpure UTC Neon Plus Under-the-Counter RO Purifier,40599,Livpure Under-The-Counter (UTC) RO purifier that fits discreetly beneath the kitchen sink with a dedicated stainless steel swan neck faucet.,Type: Under-the-Counter RO | Hydrostatic Storage Tank: 8L | 7-Stage Purification | Dedicated Chrome Faucet,Type: Under-the-Counter RO | Hydrostatic Storage Tank: 8L | 7-Stage Purification | Dedicated Chrome Faucet,https://livpure.com/cdn/shop/files/UTCNeonPlus.png,,1 Year Comprehensive Warranty,local_price_list,9779765985999
Livpure,Water Purifier,RO+UV Hot & Ambient,8 Litre (With Instant Hot Water),LIVPURE ZINGER HOT,Livpure Zinger Hot RO+UV+Mineralizer with Instant Warm/Hot Water,55399,Livpure Zinger Hot gives instant warm (45C) and hot water (80C) at the touch of a button alongside RO purification.,Features: Instant Hot Water Dispensing | 8-Stage RO+UV+UF+Mineralizer | In-tank UV LED | Child Lock for Hot Water,Features: Instant Hot Water Dispensing | 8-Stage RO+UV+UF+Mineralizer | In-tank UV LED | Child Lock for Hot Water,https://livpure.com/cdn/shop/files/ZingerHot.png,,1 Year Comprehensive Warranty,local_price_list,9779765985999
Miriza,Air Cooler,Personal / Room Cooler,40 Ltr,MIRIZA-40L-COOL,Miriza 40 Litre Turbo Room Air Cooler,10990,"Miriza 40L compact room cooler with honeycomb pad, 3-speed blower, and smooth castor wheels.",Tank Capacity: 40L | High Efficiency Honeycomb | Low Power Consumption (150W) | 3-Speed Fan | Castor Wheels,Tank Capacity: 40L | High Efficiency Honeycomb | Low Power Consumption (150W) | 3-Speed Fan | Castor Wheels,https://static-01.daraz.com.np/p/miriza-40l-room-air-cooler.jpg,,1 Year Motor Warranty,daraz_market,9779765985999
Miriza,Air Cooler,Desert Air Cooler,70 Ltr,MIRIZA-70L-DESERT,Miriza 70 Litre Heavy Duty Desert Air Cooler,16500,"Miriza 70L heavy duty desert air cooler with powerful 16"" fan blade, ice box, and 4-way air deflection.",Tank Capacity: 70L | 16-inch Aerodynamic Fan | 3-Side Honeycomb Pad | Ice Chamber | Air Throw 40ft,Tank Capacity: 70L | 16-inch Aerodynamic Fan | 3-Side Honeycomb Pad | Ice Chamber | Air Throw 40ft,https://static-01.daraz.com.np/p/miriza-70l-desert-air-cooler.jpg,,1 Year Motor Warranty,daraz_market,9779765985999
Miriza,Television,HD Smart TV,32 Inch,MIRIZA-32-HDGTV,"Miriza 32"" Frameless HD Smart Google TV",18990,Miriza 32-inch Frameless HD Smart TV powered by Google TV with built-in Chromecast and Google Assistant.,"Screen: 32 Inch | HD Ready (1366x768) | Google TV OS | Frameless Screen | 2x HDMI, 2x USB | 20W Audio","Screen: 32 Inch | HD Ready (1366x768) | Google TV OS | Frameless Screen | 2x HDMI, 2x USB | 20W Audio",https://static-01.daraz.com.np/p/miriza-32-hd-google-tv.jpg,,1 Year Comprehensive + 2 Years on Panel,daraz_market,9779765985999
Miriza,Television,FHD Smart Google TV,43 Inch,MIRIZA-43-FHDGTV,"Miriza 43"" Full HD Smart Google TV",37990,Miriza 43-inch Full HD Smart Google TV with ultra-slim metal frame and Google Play Store access.,"Screen: 43 Inch | Full HD (1920x1080) | Google TV OS | Voice Remote | 20W Stereo Sound | 2x HDMI, 2x USB","Screen: 43 Inch | Full HD (1920x1080) | Google TV OS | Voice Remote | 20W Stereo Sound | 2x HDMI, 2x USB",https://static-01.daraz.com.np/p/miriza-43-fhd-google-tv.jpg,,1 Year Comprehensive + 2 Years on Panel,daraz_market,9779765985999
Miriza,Television,4K UHD Smart Google TV,55 Inch,MIRIZA-55-4KGTV,"Miriza 55"" 4K UHD Smart Google TV (Frameless)",66990,"Miriza 55-inch 4K Google TV with IPS A+ grade display panel, licensed Netflix/Prime Video, and voice remote.","Screen: 55 Inch | 4K UHD (3840x2160) | IPS Panel | Google TV OS | Dolby Digital Plus | 3x HDMI, 2x USB | Bluetooth 5.0","Screen: 55 Inch | 4K UHD (3840x2160) | IPS Panel | Google TV OS | Dolby Digital Plus | 3x HDMI, 2x USB | Bluetooth 5.0",https://static-01.daraz.com.np/p/miriza-55-4k-google-tv.jpg,,1 Year Comprehensive + 2 Years on Panel,daraz_market,9779765985999
Panasonic,Air Conditioner,air conditioner,1 Ton / 12000 BTU,1 ton on/off,DELLA 1 Ton Air Conditioner Wall Mount Split Type,59990,"* Model - 1 Ton On/Off | | * 1 Ton Capacity | | * Split Type With Inverter Compressor | | * 12000BTU | | * Ultra-Wide Frequency Control | | * Ultra Quiet, Fast Cooling | | * High Efficiency and Energy Saving | | * Works in upto 50 Degrees | | * TG deluxe panel, | | * Works in Low Voltage | | * 3m copper pipe | | * R32 Gas | | * 1 Year Full Product Warranty | | * 5 Years Compressor Warranty","Brand: della; SKU: 354318516_NP-1563079483; Inverter: No; Connecting Wire: Yes; Air Conditioner Features: Air Direction Control,Timer; air_conditioner_rated_capacity: 1 Ton / 12000 BTU; Room Size: 180 SqFt; type_air_conditioner: Split system 1; Kit Included: Yes; Power Consumption: 1200; Model: 1 ton on/off","Brand: della | SKU: 354318516_NP-1563079483 | Inverter: No | Connecting Wire: Yes | Air Conditioner Features: Air Direction Control,Timer | air_conditioner_rated_capacity: 1 Ton / 12000 BTU | Room Size: 180 SqFt | type_air_conditioner: Split system 1 | Kit Included: Yes | Power Consumption: 1200 | Model: 1 ton on/off",https://np-live-21.slatic.net/kf/Scfe06deb51d04fefb41d52c05f642018C.jpg,photos\Panasonic\1-ton-on-off.jpg,1 Year Brand Warranty,daraz_scrape,9779765985999
Panasonic,Air Conditioner,air conditioner,1 Ton / 12000 BTU,CS/CU-KZ12XKY,Panasonic 1 Ton Copper Inverter Split AC CS/CU-KZ12YKY-8 - Big Digital,117000,"Quick Cooling: Cools room faster at start-up. Constant Comfort: Easily maintains set temperature to keep you comfortable. Energy saving: Varies compressor rotation speed to reduce wasteful consumption of energy. Inverter Compressor: Panasonic Inverter Compressor can achieve high efficiency under high load conditions. PM2.5 Filter: Because of size of PM 2.5, easily penetrates deep into the lungs while breathing, causing asthma, cardiac arrest and lung cancer. It can cause congenital conditions like birth defect and premature deaths. Therefore Panasonic Air Conditioner's PM2.5 Filter provides you healthy air free from dust particles with size as low as PM2.5 Removal rate of 85%. Corrosion Resistance: The external metal casting of the outdoor unit is made up of Superdyma metal sheet which is highly rust resistant. This makes the outdoor unit rust free and eliminates the need for painting or any other kind of maintenance. Highlights: Split AC | | 1 ton Capacity | | Dehumidification | | Remote Control | | Dust Filter | | Auto Restart | | 5 Star Rating | | Copper Condenser Coil",Brand: Panasonic; SKU: 121929395_NP-1033488501; Connecting Wire: Not Specified; air_conditioner_rated_capacity: 1 Ton / 12000 BTU; type_air_conditioner: Split system 2; Kit Included: Not Specified; Inverter: Yes; Room Size: Not Specified; Power Consumption: 648; Model: CS/CU-KZ12XKY,Brand: Panasonic | SKU: 121929395_NP-1033488501 | Connecting Wire: Not Specified | air_conditioner_rated_capacity: 1 Ton / 12000 BTU | type_air_conditioner: Split system 2 | Kit Included: Not Specified | Inverter: Yes | Room Size: Not Specified | Power Consumption: 648 | Model: CS/CU-KZ12XKY,https://static-01.daraz.com.np/p/7e94c67d1cabaa81930beed43727c24b.png,photos\Panasonic\CS-CU-KZ12XKY.png,10 Years Brand Warranty,daraz_scrape,9779765985999
Panasonic,Air Conditioner,Inverter Split AC (Hot & Cold),1.5 Ton,CS/CU-HZ18XKY,Panasonic 1.5 Ton Twin Cool Inverter Split AC (nanoe-X),128990,Panasonic 1.5 Ton Twin Cool Inverter AC featuring nanoe-X air purification technology that inhibits airborne pollutants.,"Capacity: 1.5 Ton (18,000 BTU) | Twin Cool Inverter | nanoe-X Air Purifier | Shield Blu+ Anti Corrosion | 100% Copper | R32","Capacity: 1.5 Ton (18,000 BTU) | Twin Cool Inverter | nanoe-X Air Purifier | Shield Blu+ Anti Corrosion | 100% Copper | R32",https://static-01.daraz.com.np/p/panasonic-15-ton-inverter-ac.jpg,,1 Year Comprehensive + 5 Years on PCB + 10 Years on Compressor,daraz_market,9779765985999
Panasonic,Refrigerator,refrigerator,260,NR-TH271BPAX,Panasonic 260 Litres Double Door Refrigerators in Ocean Blue NR-TH271BPAX - Big Digital,60131,"Double door Frost Free Refrigerator: Stylish design, efficient operations and ample space, making it a perfect addition to a new age home. Keep your food fresher and healthier for longer with this modern and chic refrigerators. 260L Capacity: Suitable for families with 2 to 3 members. Net Capacity: 237L AG Clean Technology: Eliminates 99.9% of mold and bacteria inside the refrigerator. Humidity Care Controller: To maintain the most optimum humidity in the vegetable box to ensure your fruits and vegetables stay fresh and juicy for long. Intelligent 6 Stage Inverter Compressor and advance sensors: Energy Efficient, Less Noise & More Durable | Advanced Sensors for maximising Energy Efficiency. Surround Airflow: To minimise food damage through even cooling. Food is not exposed to concentrated airflow. Highlights: Brand | | Panasonic | | | | Capacity | | 260 litres | | | | Configuration | | Double",Brand: Panasonic; SKU: 481715698_NP-2168970556; Refrigerator Type: Double Door; Net Depth (mm): 600; Net Height (mm): 1540; Refrigerator Capacity (L): 260; Net Width (mm): 681; Number of doors: 2; Model: NR-TH271BPAX,Brand: Panasonic | SKU: 481715698_NP-2168970556 | Refrigerator Type: Double Door | Net Depth (mm): 600 | Net Height (mm): 1540 | Refrigerator Capacity (L): 260 | Net Width (mm): 681 | Number of doors: 2 | Model: NR-TH271BPAX,https://static-01.daraz.com.np/p/7dbf70c364678c8fdb1f17fbc6e0d32b.png,photos\Panasonic\NR-TH271BPAX.png,1 Year Brand Warranty,daraz_scrape,9779765985999
Panasonic,Refrigerator,Double Door Inverter Refrigerator,260 L,NR-MB260VSPN,Panasonic 260L Double Door Inverter Refrigerator,63990,Panasonic 260L Frost Free Double Door Refrigerator with Econavi sensors and AG Clean filter eliminating 99.9% bacteria.,Capacity: 260L | Double Door Frost Free | Econavi AI Sensors | AG Clean Silver Filter | Toughened Glass | Quick Chilling,Capacity: 260L | Double Door Frost Free | Econavi AI Sensors | AG Clean Silver Filter | Toughened Glass | Quick Chilling,https://static-01.daraz.com.np/p/panasonic-260l-double-door-fridge.jpg,,1 Year Comprehensive + 10 Years on Inverter Compressor,daraz_market,9779765985999
Panasonic,Refrigerator,refrigerator,280,NR-TH291BVHX,Panasonic 280 Litres Double Door Refrigerators in Electric Grey NR-TH291BVHX - Big Digital,66013,"Double door Frost Free Refrigerator: Stylish design, efficient operations and ample space, making it a perfect addition to a new age home. Keep your food fresher and healthier for longer with this modern and chic refrigerators. AG Clean Technology: Eliminates 99.9% of mold and bacteria inside the refrigerator. Humidity Care Controller: To maintain the most optimum humidity in the vegetable box to ensure your fruits and vegetables stay fresh and juicy for long. Intelligent 6 Stage Inverter Compressor and advance sensors: Energy Efficient, Less Noise & More Durable | Advanced Sensors for maximising Energy Efficiency. Surround Airflow: To minimise food damage through even cooling. Food is not exposed to concentrated airflow. 30L Jumbo Fresh Vegetable Case: 30 L capacity vegetable case stores vegetables and fruits in the optimum conditions with ideal humidity and constant temperature to keep them fresh and juicy longer. AI ECONAVI helps you save electricity with minimum usage of energy. The system monitors and memorises your fridge usage patterns, and the INVERTER automatically adjusts the cooling power to optimise cooling for your lifestyle. Highlights: Brand | | Panasonic | | | | Cap",Brand: Panasonic; SKU: 481757071_NP-2169127207; Refrigerator Type: Double Door; Net Depth (mm): 560; Net Height (mm): 1605; Refrigerator Capacity (L): 280; Net Width (mm): 681; Number of doors: 2; Model: NR-TH291BVHX,Brand: Panasonic | SKU: 481757071_NP-2169127207 | Refrigerator Type: Double Door | Net Depth (mm): 560 | Net Height (mm): 1605 | Refrigerator Capacity (L): 280 | Net Width (mm): 681 | Number of doors: 2 | Model: NR-TH291BVHX,https://static-01.daraz.com.np/p/99a24fa98d82ea53d39c3b37c02e256b.png,photos\Panasonic\NR-TH291BVHX.png,10 Years Brand Warranty,daraz_scrape,9779765985999
Panasonic,Refrigerator,refrigerator,320,NR-TG338BVHX,Panasonic 320 Litres Prime Convertible Double Door Refrigerators in Electric Grey NR-TG338BVHX - Big Digital,77386,"Brand Panasonic Capacity 309 litres Configuration Freezer on top 6-in-1 PRIME CONVERTI INSTA COOK,TIFFIN FRESH, PRO CHILL PRO MARINATE What is inside the box: Double door Panasonic Refrigerator and Warranty Card Highlights: Brand | | Panasonic | | | | | | Capacity | | 309 litres | | | | | | Configuration | | Freezer-on-Top | | | | | | | | 6-in-1 PRIME CONVERTI | | | | | | INSTA COOK,TIFFIN FRESH, | | | | | | PRO CHILL | | | | | | PRO MARINATE",Brand: Panasonic; SKU: 481729705_NP-2169117205; Refrigerator Type: Double Door; Net Depth (mm): 600; Net Height (mm): 1635; Refrigerator Capacity (L): 320; Net Width (mm): 681; Number of doors: 2; Model: NR-TG338BVHX,Brand: Panasonic | SKU: 481729705_NP-2169117205 | Refrigerator Type: Double Door | Net Depth (mm): 600 | Net Height (mm): 1635 | Refrigerator Capacity (L): 320 | Net Width (mm): 681 | Number of doors: 2 | Model: NR-TG338BVHX,https://static-01.daraz.com.np/p/08915b46e714475cdbf701fbcb0fcf60.jpg,photos\Panasonic\NR-TG338BVHX.jpg,"If your product does not come with any warranty, then you can still benefit from our return policy. Please read the return policy conditions here .",daraz_scrape,9779765985999
Panasonic,Refrigerator,refrigerator,320,NR-TG338BPAX,Panasonic 320 Litres Prime Convertible Double Door Refrigerators in Ocean Blue NR-TG338BPAX- Big Digital,78431,Prime Convertible with 4 special time-saving modes 6 Stage Intelligent Inverter Compressor Biggest* 35L Vegetable Box Toughened Glass Shelves' 150 kg Load Bearing Capacity AG Clean Technology SURROUND COOLING STRONG TEMPERED GLASS SHELVES Manufacturer Warranty: 2 Year on Product | 10 Years on Compressor ULTRA SPACIOUS DOOR POCKETS DOUBLE TWIST ICE TRAY Highlights: Brand | | Panasonic | | | | Capacity | | 292 litres | | | | Colour | | Blue,Brand: Panasonic; SKU: 481731493_NP-2169031426; Refrigerator Type: Double Door; Net Depth (mm): 600; Net Height (mm): 1540; Refrigerator Capacity (L): 320; Net Width (mm): 681; Number of doors: 2; Model: NR-TG338BPAX,Brand: Panasonic | SKU: 481731493_NP-2169031426 | Refrigerator Type: Double Door | Net Depth (mm): 600 | Net Height (mm): 1540 | Refrigerator Capacity (L): 320 | Net Width (mm): 681 | Number of doors: 2 | Model: NR-TG338BPAX,https://static-01.daraz.com.np/p/d2615f807ba8bc458c6fac18bf935d58.jpg,photos\Panasonic\NR-TG338BPAX.jpg,1 Year Brand Warranty,daraz_scrape,9779765985999
Panasonic,Refrigerator,Bottom Mount Inverter Refrigerator,338 L,NR-BC360WSPN,Panasonic 338L Prime Fresh Bottom Mount Inverter Refrigerator,105990,Panasonic 338L Bottom Mount Freezer refrigerator with Prime Fresh -3C soft freezing and Econavi smart sensors.,Capacity: 338L | Bottom Mount Freezer | Prime Fresh Soft Freezing | Econavi AI Sensors | Inverter Compressor | AG Clean Anti-Bacterial,Capacity: 338L | Bottom Mount Freezer | Prime Fresh Soft Freezing | Econavi AI Sensors | Inverter Compressor | AG Clean Anti-Bacterial,https://static-01.daraz.com.np/p/panasonic-338l-bottom-mount-fridge.jpg,,1 Year Comprehensive + 10 Years on Inverter Compressor,daraz_market,9779765985999
Panasonic,Refrigerator,refrigerator,190,NR-A202BWHX,Panasonic Refrigerator 190 ltr,33850,Pocket handles Toughened Glass Shelf Humidity Control Wide Door Pockets 220-240 V-AC / 50 Hz Toughened Glass Non-Inverter Highlights: Pocket handles | | | | | | Toughened Glass Shelf | | | | | | Humidity Control | | | | | | Wide Door Pockets | | | | | | | | 220-240 V-AC / 50 Hz | | | | | | Toughened Glass | | | | | | Non-Inverter,Brand: Panasonic; SKU: 459292920_NP-2052534612; Refrigerator Type: Single Door; Net Depth (mm): 690; Net Height (mm): 126; Refrigerator Capacity (L): 190; Net Width (mm): 596; Number of doors: 1; Model: NR-A202BWHX,Brand: Panasonic | SKU: 459292920_NP-2052534612 | Refrigerator Type: Single Door | Net Depth (mm): 690 | Net Height (mm): 126 | Refrigerator Capacity (L): 190 | Net Width (mm): 596 | Number of doors: 1 | Model: NR-A202BWHX,https://static-01.daraz.com.np/p/84e64626b55683dcd2a836c804810c4b.png,photos\Panasonic\NR-A202BWHX.png,"If your product does not come with any warranty, then you can still benefit from our return policy. Please read the return policy conditions here .",daraz_scrape,9779765985999
Panasonic,Refrigerator,refrigerator,190,NR-A202BURX,Panasonic Refrigerator 190ltr,33719,"Temperature Control : Mechanical thermostat for fridge and freezer sections Cooling System : Direct cooling (No frost) Shelving : Adjustable shelves in the fridge compartment Removable shelves for easy cleaning Transparent vegetable box for easy access to fruits and vegetables Freezer Features : Ice tray for quick ice formation Fast freezing compartment Lighting : Interior LED lighting in the fridge section Door Features : Fridge Door : Adjustable door racks to store bottles, jars, and cans Freezer Door : Door shelf for convenient storage of frozen items Highlights: Temperature Control | | : Mechanical thermostat for fridge and freezer sections | | | | | | Cooling System | | : Direct cooling (No frost) | | | | | | Shelving | | : | | | | | | Adjustable shelves in the fridge compartment | | | | | | Removable shelves for easy cleaning | | | | | | Transparent vegetable box for easy access to fruits and vegetables | | | | | | | | Freezer Features | | : | | | | | | Ice tray for quick ice formation | | | | | | Fast freezing compartment | | | | | | | | Lighting | | : Interior LED lighting in the fridge section | | | | | | Door Features | | : | | | | | | Fridge Door | | : Adjustable door ra",Brand: Panasonic; SKU: 459295587_NP-2052481201; Refrigerator Type: Single Door; Net Depth (mm): 690; Net Height (mm): 1260; Refrigerator Capacity (L): 190; Net Width (mm): 596; Number of doors: 1; Model: NR-A202BURX,Brand: Panasonic | SKU: 459295587_NP-2052481201 | Refrigerator Type: Single Door | Net Depth (mm): 690 | Net Height (mm): 1260 | Refrigerator Capacity (L): 190 | Net Width (mm): 596 | Number of doors: 1 | Model: NR-A202BURX,https://static-01.daraz.com.np/p/750793d1af0cc02a7128c28ed72ab535.png,photos\Panasonic\NR-A202BURX.png,"If your product does not come with any warranty, then you can still benefit from our return policy. Please read the return policy conditions here .",daraz_scrape,9779765985999
Panasonic,Small Home Appliance,Convection Microwave Oven,27 Litre,NN-CT645BFDG,Panasonic 27L Convection Microwave Oven with 360 Heat,31990,"Panasonic 27L Convection Microwave Oven with 101 auto-cook menus, zero oil cooking mode, and glass turntable.",Capacity: 27L | Convection + Grill + Microwave | 900W Microwave / 1400W Grill | 101 Auto Menus | Stainless Steel Cavity,Capacity: 27L | Convection + Grill + Microwave | 900W Microwave / 1400W Grill | 101 Auto Menus | Stainless Steel Cavity,https://static-01.daraz.com.np/p/panasonic-27l-convection-microwave.jpg,,1 Year Comprehensive + 5 Years on Magnetron,daraz_market,9779765985999
Panasonic,Television,HD Smart TV,32 Inch,TH-32MS550DX,"Panasonic 32"" HD Smart Google TV",29990,"Panasonic 32-inch HD Smart Google TV with vivid display, voice search remote, and stereo speakers.","Screen: 32 Inch | HD Ready | Google TV OS | 20W Audio Booster+ | Google Assistant | 2x HDMI, 2x USB","Screen: 32 Inch | HD Ready | Google TV OS | 20W Audio Booster+ | Google Assistant | 2x HDMI, 2x USB",https://static-01.daraz.com.np/p/panasonic-32-hd-google-tv.jpg,,1 Year Comprehensive + 2 Years on Panel,daraz_market,9779765985999
Panasonic,Television,4K UHD Google TV,43 Inch,TH-43MX660DX,"Panasonic 43"" 4K Ultra HD Smart Google TV",66990,"Panasonic 43-inch 4K Google TV with vivid digital processor, narrow bezel, and Google Chromecast built-in.","Screen: 43 Inch | 4K UHD | 4K Color Engine | Google TV OS | Dolby Audio | 3x HDMI, 2x USB","Screen: 43 Inch | 4K UHD | 4K Color Engine | Google TV OS | Dolby Audio | 3x HDMI, 2x USB",https://static-01.daraz.com.np/p/panasonic-43-4k-google-tv-th43mx660dx.jpg,,1 Year Comprehensive + 2 Years on Panel,daraz_market,9779765985999
Panasonic,Television,FHD Smart Google TV,43 Inch,TH-43MS550DX,"Panasonic 43"" Full HD Google Smart TV",54990,Panasonic 43-inch Full HD Google Smart LED TV with Vivid Digital Pro engine and Audio Booster+.,"Screen: 43 Inch | FHD 1080p | Vivid Digital Pro | Google TV | 20W Audio Booster | 2x HDMI, 2x USB","Screen: 43 Inch | FHD 1080p | Vivid Digital Pro | Google TV | 20W Audio Booster | 2x HDMI, 2x USB",https://static-01.daraz.com.np/p/panasonic-43-fhd-google-tv.jpg,,1 Year Comprehensive + 2 Years on Panel,daraz_market,9779765985999
Panasonic,Television,4K UHD Google TV,55 Inch,TH-55MX660DX,"Panasonic 55"" 4K Ultra HD Smart Google TV (MX660 Series)",98990,"Panasonic 55-inch 4K Google TV with 4K Color Engine, Dolby Digital Audio, HDR10, and Google Assistant voice control.","Screen: 55 Inch | 4K UHD (3840x2160) | 4K Studio Color Engine | Google TV OS | Dolby Digital | 3x HDMI, 2x USB | Bezel-less Display","Screen: 55 Inch | 4K UHD (3840x2160) | 4K Studio Color Engine | Google TV OS | Dolby Digital | 3x HDMI, 2x USB | Bezel-less Display",https://static-01.daraz.com.np/p/panasonic-55-4k-google-tv-th55mx660dx.jpg,,1 Year Comprehensive + 2 Years on Panel,daraz_market,9779765985999
Panasonic,Television,television,,TH-32JS650N,Panasonic TH-32JS650N 32 Inch Smart LED TV,40520,Product details of Panasonic TH-32JS650N 32 Inch Smart LED TV | | | AccuView Display | | Wide Viewing Angle | | HEXA Chroma Drive | | Super Bright Panel | | HDR | | Adaptive Backlight Dimming | | Noise Reduction | | Android Smart TV with TOUGH Display | | Audio Booster + | | 20W Speaker | | Audio Link (Bluetooth) | | V-Audio | | Android OS | | Built-in Google Assistant (Voice Control) | | Unlimited Contents with various OTT Apps | | Google Home (Smart Speaker) Compatibility | | Chromecast Built-in | | Internal Memory | | Glossy Black Design | | Android Version 9 | | Quad-Core processor (CPU speed 1.5GHz) | | Wi-Fi + Bluetooth | | 2 way Bluetooth Link | | Chromecast Built IN | | Google assistant | | HDR | | Dot Noise Reduction | | Better sound with Big speaker | | 20W sound | | Dolby Audio,Brand: Panasonic; SKU: 118582837_NP-1032482746; Tv Resolution: HD Ready (1366 x 768); display_size_tv: 32; Smart TV: Yes; Smart TV OS: Android OS; Number of USB ports: 2; Number of HDMI Ports: 2; Curved TV: No; Cinema 3D: No; Model: TH-32JS650N; TV Technology: LED; Speakers Config: 20w; Display Resolution: 720p; Refresh Rate: 60 Hz,Brand: Panasonic | SKU: 118582837_NP-1032482746 | Tv Resolution: HD Ready (1366 x 768) | display_size_tv: 32 | Smart TV: Yes | Smart TV OS: Android OS | Number of USB ports: 2 | Number of HDMI Ports: 2 | Curved TV: No | Cinema 3D: No | Model: TH-32JS650N | TV Technology: LED | Speakers Config: 20w | Display Resolution: 720p | Refresh Rate: 60 Hz,https://static-01.daraz.com.np/p/92eba41eae7106e4f160baab4d59f442.jpg,photos\Panasonic\TH-32JS650N.jpg,1 Year Brand Warranty,daraz_scrape,9779765985999
Panasonic,Television,television,,32PS670N,Panasonic TH-32PS670N 32 Inch Smart LED TV - Big Digital,36732,"Screen Size 32 Inches Brand Panasonic Display Technology LED Resolution 720p Refresh Rate 60 Hz Special Feature Flat Included Components 1 TV Unit, 1 Remote Controller, 1 User Guide, 2 Table Top Stand, 1 Power Cable, 1 Wall Mount, 1 AV Cable1 TV Unit, 1 Remote Controller, 1 User Guide, 2 Table Top Stand, 1 Power Cable, 1 Wall Mount, 1 AV Cable Connectivity Technology Wi-Fi Aspect Ratio 1.67:1 Product Dimensions 71.8D x 18.3W x 47.1H Centimeters Highlights: Smart Connectivity | | | | | | Slim-bezel Design | | | | | | Wide Viewing Angle | | | | | | Voice Remote Control | | | | | | Immersive Sound Quality | | | | | | HD bright Picture Quality | | | | | | Stunning audio-visuals and seamless entertainment",Brand: Panasonic; SKU: 1516143731_NP-12321756021; Tv Resolution: HD (720p / 1280×720); Smart TV: Yes; Smart TV OS: Android OS; display_size_tv: 32,Brand: Panasonic | SKU: 1516143731_NP-12321756021 | Tv Resolution: HD (720p / 1280×720) | Smart TV: Yes | Smart TV OS: Android OS | display_size_tv: 32,https://static-01.daraz.com.np/p/bba80ccafacf278b02c83cd92d6a5eea.png,photos\Panasonic\1516143731-NP-12321756021.png,1 Year Brand Warranty,daraz_scrape,9779765985999
Panasonic,Television,television,,TH-42JS650N,Panasonic TH-42JS650N 42 Inch Android Smart LED TV,61430,Product details of Panasonic TH-42JS650N 42 Inch Smart LED TV | | | AccuView Display | | Wide Viewing Angle | | HEXA Chroma Drive | | Super Bright Panel | | HDR | | Adaptive Backlight Dimming | | Noise Reduction | | Android Smart TV with TOUGH Display | | Audio Booster + | | 20W Speaker | | Audio Link (Bluetooth) | | V-Audio | | Android OS | | Built-in Google Assistant (Voice Control) | | Unlimited Contents with various OTT Apps | | Google Home (Smart Speaker) Compatibility | | Chromecast Built-in | | Internal Memory | | Glossy Black Design | | Android Version 9 | | Quad-Core processor (CPU speed 1.5GHz) | | Wi-Fi + Bluetooth | | 2 way Bluetooth Link | | Chromecast Built IN | | Google assistant | | HDR | | Dot Noise Reduction | | Better sound with Big speaker | | 20W sound | | Dolby Audio,Brand: Panasonic; SKU: 118536618_NP-1032465835; Tv Resolution: Full HD (1080p / 1920×1080); display_size_tv: 42; Smart TV: Yes; Smart TV OS: Android OS; Number of USB ports: 2; Number of HDMI Ports: 2; Curved TV: No; Cinema 3D: No; Model: TH-42JS650N; TV Technology: LED; Speakers Config: 20; Display Resolution: 1080p; Refresh Rate: 60 Hz,Brand: Panasonic | SKU: 118536618_NP-1032465835 | Tv Resolution: Full HD (1080p / 1920×1080) | display_size_tv: 42 | Smart TV: Yes | Smart TV OS: Android OS | Number of USB ports: 2 | Number of HDMI Ports: 2 | Curved TV: No | Cinema 3D: No | Model: TH-42JS650N | TV Technology: LED | Speakers Config: 20 | Display Resolution: 1080p | Refresh Rate: 60 Hz,https://static-01.daraz.com.np/p/92eba41eae7106e4f160baab4d59f442.jpg,photos\Panasonic\TH-42JS650N.jpg,1 Year Brand Warranty,daraz_scrape,9779765985999
Panasonic,Television,television,,TH-55HX750M,Panasonic TH-55HX750M 55 Inch 4K HDR Smart Android LED TV,117640,"Product details of Panasonic TH-55HX750M 55 Inch 4K HDR Smart Android LED TV | | | Brand: Panasonic | | Screen Size: 55 inch | | Model Number: TH-55HX750M | | Resolution: 3,840 x 2,160 Pixels | | Display Technology: LED | | Color System: PAL/DVB-T/T2/C | | Sound System: BG/I/DK/NTSC-M | | Bluetooth Ver.: 5.0 | | WiFi Band Type: 2.4GHz | | OS and Version Info: Android Q | | Memory Flash: 8GB EMMC | | RAM: 2GB | | Aspect Ratio: auto/16:9/4:3/panorama/zoom/P2P | | DNR (Noise Reduction): YES | | Picture Mode: user/standard/sport/vivid/game | | Sound Mode: Standard/Sport/Movie/Music | | Audio Outpur Power (RMS): 10W+10W(Typ.) | | Speaker Type: BOX(6&Omega;) | | Speaker Power: 12W+12W(Typ.) | | Hotel Mode: YES | | Digital Dolby: YES | | HDR10: YES | | Preinstalled Application: Netflix/Amazon Prime Video/YouTube | | Web Browser: YES | | USB Input: 2*Side USB2.0 | | HDMI Input: 3*Side | | Remote Control: YES | | Wall Mount Brachet: NO | | Picture Format: GIF/PNG/BMP/BMP | | Audio Format: MPEG1/2/MPEG4/AC3/EAC3/AAC/WMA/FLAC | | Video Format: MPEG1/MPEG2/MPEG4/H.263/H.264/H.265/MVC/WMV/VC1/VP9/AV1",Brand: Panasonic; SKU: 118534995_NP-1032459893; tv_resolution: 4K Ultra HD (2160p / 3840x2160); display_size_tv: 55; smart_tv_os: Android OS; smart_tv: Yes; Speakers Config: 20W; Display Resolution: 2160P; Refresh Rate: 60 Hz; Model: TH-55HX750M,Brand: Panasonic | SKU: 118534995_NP-1032459893 | tv_resolution: 4K Ultra HD (2160p / 3840x2160) | display_size_tv: 55 | smart_tv_os: Android OS | smart_tv: Yes | Speakers Config: 20W | Display Resolution: 2160P | Refresh Rate: 60 Hz | Model: TH-55HX750M,https://static-01.daraz.com.np/p/71ce81fc9ab5b3ee7e4acb6f207f7155.jpg,photos\Panasonic\TH-55HX750M.jpg,1 Year Brand Warranty,daraz_scrape,9779765985999
Panasonic,Television,television,,55PX740N,Panasonic TH-55PX740N 55 Inch Smart 4K (Ultra HD) LED TV - Big Digital,111111,"Screen size 55 Brand Panasonic Display technology LED Resolution 4K Refresh rate 60 Hz Special features Google TV Included components User Manual, Power Cable, Remote Control, Stand Connectivity technology Bluetooth, HDMI, USB, Wi-Fi Aspect ratio 16:9 Product dimensions 9.1D x 122.5W x 71.8H centimeters Highlights: ""【Google TV】 Endless Entertainment - Discover personalized recommendations and explore shows across 10,000+ apps and hundreds of free channels with Google TV."" | | | | | | ""【4K Colour Engine】 Designed to enhance your viewing experience by optimizing the dark and bright areas to present the realistic scene. The technology also up-scales the HF/FHD content at high resolution to deliver detailed pictures."" | | | | | | ""【Hexa Chroma Drive】 This advanced processing technology that uses 6-Colour Reproduction. One Billion colours are accurately reproduced."" | | | | | | ""【HDR Bright Panel】 Brilliant contrast, to heighten the drama - 4K LED TVs with HDR Bright Panel screens are ideal for rooms that can get lots of natural light.""",Brand: Panasonic; SKU: 1516153529_NP-12321001989; tv_resolution: 4K Ultra HD (2160p / 3840x2160); smart_tv: Yes; smart_tv_os: Android OS; display_size_tv: 55,Brand: Panasonic | SKU: 1516153529_NP-12321001989 | tv_resolution: 4K Ultra HD (2160p / 3840x2160) | smart_tv: Yes | smart_tv_os: Android OS | display_size_tv: 55,https://static-01.daraz.com.np/p/9659e2907f97ac4c781ef8d0b4ace536.png,photos\Panasonic\1516153529-NP-12321001989.png,1 Year Brand Warranty,daraz_scrape,9779765985999
Panasonic,Television,television,,75PX740N,Panasonic TH-75PX740N 75 Inch Smart 4K (Ultra HD) LED TV - Big Digital,281046,"Key Features | | | | | | Screen Size: 75-inch (189 cm) | | | | | | Resolution: 4K Ultra HD (3840 × 2160) | | | | | | Display Type: LED (Direct LED panel) | | | | | | HDR Support: HDR10+ / 4K HDR | | | | | | Smart OS: Google TV (Android based) | | | | | | Processor: 4K Colour Engine + HEXA Chroma Drive | | | | | | Sound: Home Theatre Built-in with DTS TruSurround | | | | | | Audio Output: ~20W speakers | | | | | | Chromecast: Built-in casting | | | | | | Voice Control: Google Assistant | | | | | | Gaming: ALLM / Game Mode support | | | | | | Design: Bezel-less slim design | | | | | | Connectivity: HDMI ×3, USB ×2, Wi-Fi, Bluetooth",Brand: Panasonic; SKU: 1516175414_NP-12321444982; tv_resolution: 4K Ultra HD (2160p / 3840x2160); smart_tv: Yes; smart_tv_os: Android OS; display_size_tv: 75,Brand: Panasonic | SKU: 1516175414_NP-12321444982 | tv_resolution: 4K Ultra HD (2160p / 3840x2160) | smart_tv: Yes | smart_tv_os: Android OS | display_size_tv: 75,https://static-01.daraz.com.np/p/6288f5451b7261c3c29b0e2c6286d958.png,photos\Panasonic\1516175414-NP-12321444982.png,1 Year Brand Warranty,daraz_scrape,9779765985999
Panasonic,Washing Machine,washing machine,8,DL-SAWM80,DELLA 8 Kg Semi Automatic Washing Machine - DL-SAWM80,20990,Model - DL-SAWM80 8 Kg Capacity Grey Color Semi Automatic Washer Turbo Scrub Technology Inbuilt Memory - Auto Restart 340W Powerful High Efficiency Motor Large Wash Tub - 66L Water Proof Panel 5 Star Power Rating 2 Year Full Product Warranty 5 Years Motor Warranty Weight - 23 Kg (25 Kg) Dimension - 890 x 790 x 490 mm Package - 99 x 90 x 60 cm Highlights: Model - DL-SAWM80 | | | | | | 8 Kg Capacity | | | | | | Grey Color | | | | | | Semi Automatic Washer | | | | | | Turbo Scrub Technology | | | | | | Inbuilt Memory - Auto Restart&nbsp; | | | | | | 340W Powerful High Efficiency Motor&nbsp; | | | | | | Large Wash Tub - 66L&nbsp; | | | | | | Water Proof Panel | | | | | | 5 Star Power Rating | | | | | | 2 Year Full Product Warranty | | | | | | 5 Years Motor Warranty | | | | | | Weight - 23 Kg (25 Kg) | | | | | | Dimension - 890 x 790 x 490 mm | | | | | | Package - 99 x 90 x 60 cm,"Brand: No Brand; SKU: 1544088797_NP-12360528273; Washing features: Other,Cotton,Spin dry,Quick Wash; Country Of Origin: India; Washing Capacity (kg): 8; Drum Type: Plastic; Type of Washing Machine: Semi-automatic; Maximum Spin Speed (RPM): 700; Top Type: Top Load; Model Name/Number: DL-SAWM80; Washing Mode: Spin; Warranty Policy EN: 2 years Full Service Warranty & 5 Years Warranty on Motor","Brand: No Brand | SKU: 1544088797_NP-12360528273 | Washing features: Other,Cotton,Spin dry,Quick Wash | Country Of Origin: India | Washing Capacity (kg): 8 | Drum Type: Plastic | Type of Washing Machine: Semi-automatic | Maximum Spin Speed (RPM): 700 | Top Type: Top Load | Model Name/Number: DL-SAWM80 | Washing Mode: Spin | Warranty Policy EN: 2 years Full Service Warranty & 5 Years Warranty on Motor",https://static-01.daraz.com.np/p/8d4f4d48705d0bc7333ffa6c3dc2f836.jpg,photos\Panasonic\DL-SAWM80.jpg,2 Years Brand Warranty,daraz_scrape,9779765985999
Panasonic,Washing Machine,washing machine,8,GT-8KG-BLDC,German Tech 8KG Washing Machine Fully Automatic BLDC | Front load Washing Machine | 10 Year Warranty | German Technology | High energy saving Inverter Motor | Quick Wash for low electricity and water use | 16 Programs | Steam Wash | Allergy Care| Nova Hub,69000,"Stop washing clothes with hands and upgrade your laundry game with German Tech’s 8 kg Front Load Inverter Washing Machine — the perfect blend of performance, convenience, and sleek design for modern Nepali homes. Spend less time washing and more time living. Why choose German Tech GT-8KG ? This fully automatic front-load washing machine is designed to meet daily laundry needs with minimum effort and maximum care. With a powerful BLDC inverter motor, you get energy-efficient, silent washing — ideal even for apartments and shared homes. The 8 kg capacity fits well for single persons, couples, or small families, while 1200 RPM spin speed ensures quicker drying, even during rainy seasons common in Nepal. Engineered in germany for your home, Long lasting 10 years warranty to upgrade your home's engineering with confidence. Smart & Versatile Washing Programs Whether you're washing everyday clothes, heavy towels, or delicate fabrics — this machine has you covered with 16 built-in programs including Steam Wash, Allergy Care, Quick Wash, Pre-wash, and more. It’s also great for woolens and delicate fabrics that need gentle cycles. Safe, Durable & User-Friendly The rugged Honeycomb Crystal Dr","Brand: No Brand; SKU: 511676522_NP-2293428650; Washing features: Large Capacity,Cotton,Spin dry,Steam washing,Quiet Operation,Quick Wash,Extra rinse cycle,Automatic temperature control; Washing Capacity (kg): 8; Drum Type: Steel; Type of Washing Machine: Front Load; Maximum Spin Speed (RPM): 1400; Top Type: Front Load; Model Name/Number: GT-8KG-BLDC; Washing Mode: Energy Saving; Warranty Policy EN: 1 Year Full Parts, 10 Year Motor Warranty; Return Policy: Change of Mind is not applicable","Brand: No Brand | SKU: 511676522_NP-2293428650 | Washing features: Large Capacity,Cotton,Spin dry,Steam washing,Quiet Operation,Quick Wash,Extra rinse cycle,Automatic temperature control | Washing Capacity (kg): 8 | Drum Type: Steel | Type of Washing Machine: Front Load | Maximum Spin Speed (RPM): 1400 | Top Type: Front Load | Model Name/Number: GT-8KG-BLDC | Washing Mode: Energy Saving | Warranty Policy EN: 1 Year Full Parts, 10 Year Motor Warranty | Return Policy: Change of Mind is not applicable",https://static-01.daraz.com.np/p/0c968099707146204a20f1d4b83f8223.png,photos\Panasonic\GT-8KG-BLDC.png,10 Years Brand Warranty,daraz_scrape,9779765985999
Panasonic,Washing Machine,Top Load Fully Automatic,7.5 KG,NA-F75B10HRB,Panasonic 7.5KG Fully Automatic Top Load Washing Machine,45990,"Panasonic 7.5KG Top Load washer with Active Foam system, Aquabeat wash, and Big Lint Filter.",Capacity: 7.5KG | Fully Automatic Top Load | Active Foam System | Aquabeat Agitation | Sazanami Drum | Soft Close Lid,Capacity: 7.5KG | Fully Automatic Top Load | Active Foam System | Aquabeat Agitation | Sazanami Drum | Soft Close Lid,https://static-01.daraz.com.np/p/panasonic-75kg-top-load-washer.jpg,,1 Year Comprehensive + 10 Years on Motor,daraz_market,9779765985999
Panasonic,Washing Machine,Front Load Inverter Washer,8 KG,NA-148MB2W01,Panasonic 8KG Front Load Inverter Washing Machine,78990,"Panasonic 8KG Front Load Washing Machine with Pause & Add, 1400 RPM spin speed, and StainMaster+ steam wash.",Capacity: 8KG | Inverter Motor | 1400 RPM | StainMaster+ Bacteria Elimination | 15 Wash Cycles | Pause & Add Feature,Capacity: 8KG | Inverter Motor | 1400 RPM | StainMaster+ Bacteria Elimination | 15 Wash Cycles | Pause & Add Feature,https://static-01.daraz.com.np/p/panasonic-8kg-front-load-washer.jpg,,1 Year Comprehensive + 10 Years on Motor,daraz_market,9779765985999
Panasonic,Washing Machine,washing machine,7,Magic Clean 7.0 Genx Grey,WhirlpooI 7 Kg Fully Automatic Top Load Washing Machine Magic Clean 7.0 Genx,40504,"* Model - Magic Clean 7.0 Genx Grey | | * 7 Kg Capacity | | * 6th Sense Technology | | * 12 Washing Modes | | * Daily, Heavy, Delicates, Whites, Woolens, Eco Wash, Bed Sheets, Rinse+Dry, Dry Only, Wash Only, Stainwash, Aqua Store | | * Hard Water Wash | | * 5 Star Rating | | * 740 RPM | | * 2 Years Full Product Warranty | | * 10 Years Motor Warranty","Brand: Whirlpool; SKU: 104878473_NP-1837413245; Washing features: Cotton,Spin dry,Quick Wash; Washing Capacity (kg): 7; Drum Type: Steel; Type of Washing Machine: Top Load; Maximum Spin Speed (RPM): 750; Top Type: Top Load; Model Name/Number: Magic Clean 7.0 Genx Grey","Brand: Whirlpool | SKU: 104878473_NP-1837413245 | Washing features: Cotton,Spin dry,Quick Wash | Washing Capacity (kg): 7 | Drum Type: Steel | Type of Washing Machine: Top Load | Maximum Spin Speed (RPM): 750 | Top Type: Top Load | Model Name/Number: Magic Clean 7.0 Genx Grey",https://np-live-21.slatic.net/kf/S53a5a150addf4273bf261846094c103by.jpg,photos\Panasonic\Magic-Clean-7-0-Genx-Grey.jpg,2 years full product & 10 years motor warranty,daraz_scrape,9779765985999
Samsung,Air Conditioner,air conditioner,1.5 Ton / 18000 BTU,AR50F18C1RHNRC,SAMSUNG 1.5 Ton AR50F18C1RHNRC Air Conditioner,154990,"Category :- Wall-Mount AC , RAC Capacity :- 18000 Btu/hr(Cooling), 20450 Btu/hr(Heating) Electric Data :- 1 single phase / 220~240 V / 50Hz, 1630 Watts max. (Cooling) & 1750 Watts max. (Heating) Operation Modes :- Auto Mode, Fast Cool, Eco Mode, Fan Mode, Good Sleep, Dehumidification, Quiet Air Flow :- Anti-Bacterial Easy Filter Plus, Auto Up/Down Air Direction General Features :- Digital Inverter Compressor(10 Years of Warranty), Automatic Temperature Control Accessory :- Fitting Pipe upto 5 meters(can be extended upto 15 meters of length and 7 meters of height), Connection Cables, User Manual, Remote, Other installation tools Capacity (Cooling): 1.5 ton Model: AR50F18C1RHNRC Highlights: Technology: AI Inverter (Digital Inverter Compressor) | | Cooling Mode: 5-Step Convertible &amp; AI Auto Cooling | | Connectivity: SmartThings App, Voice Control (Alexa, Google, Bixby) | | Energy Efficiency: ~852.47 Units/Year | | Design/Durability: Copper condenser coil, Durafin Ultra, 4-Way Swing | | Air Quality: Copper Anti-Bacterial Filter &amp; Auto Clean | | Inverter technology for efficient and cost-effective cooling. | | Fast cooling and silent mode for a comfortable environment. | | Air d",Brand: No Brand; SKU: 129836398_NP-1053139252; Connecting Wire: Yes; air_conditioner_rated_capacity: 1.5 Ton / 18000 BTU; type_air_conditioner: Split system 1; Kit Included: Yes; Inverter: Yes; Room Size: 150-250 sq meters; Power Consumption: 1500; Model: AR50F18C1RHNRC,Brand: No Brand | SKU: 129836398_NP-1053139252 | Connecting Wire: Yes | air_conditioner_rated_capacity: 1.5 Ton / 18000 BTU | type_air_conditioner: Split system 1 | Kit Included: Yes | Inverter: Yes | Room Size: 150-250 sq meters | Power Consumption: 1500 | Model: AR50F18C1RHNRC,https://np-live-21.slatic.net/kf/Sd3b7b119d7684676befe944f12c00b17B.jpg,photos\Samsung\AR50F18C1RHNRC.jpg,1 year Full warranty & 10 years on compressors,daraz_scrape,9779765985999
Samsung,Air Conditioner,air conditioner,1 Ton / 12000 BTU,AR24TSHZRWKN,"SAMSUNG 2 TON Digital Inverter Hot + Cold Convertible Wall Mount Split Air Conditioner AC = AR24TSHZRWKN With Triple Inverter Powered by 8 pole, Air Purifier And Dehumidifier",192990,"Automatically smarter & more comfortable AI Auto Cooling Experience an intelligent way of living with AI Auto Cooling*. It automatically optimizes the various modes by analyzing the room conditions and usage patterns**. Based on your preferred temperature, it automatically switches to the most appropriate mode*** to maintain the optimal conditions. Simply smart control with a touch or voice . Personalized comfort welcomes you home Welcome Cooling (with Geofencing functionality) Feel comfortably cool as soon as you get home. Welcome Cooling, part of the SmartThings App*, detects your location by tracking your phone’s GPS**. When you come within a preset distance, it automatically sets the room temperature at the desired level, using your preferred mode and settings. Effortlessly optimize energy efficiency . Cools you faster Fast Cooling Cool rooms quickly from corner to corner, so feel comfortable wherever you are. Digital Inverter technology cools the air 43% faster*. Its advanced design also has a 15% larger fan, 18% wider inlet and a 31% wider blade. So cool air is dispersed farther and wider**, reaching up to 15 meters. Easy to clean, removes airborne bacteria Copper Anti-bacter","Brand: Samsung; SKU: 128126894_NP-1035224179; Air Conditioner Features: Inverter,Wifi Connected,Timer,Dehumidifier,Air Direction Control,Auto Cleaning,Fast Cooling,Silent Mode,Sensor Control; Connecting Wire: Yes; air_conditioner_rated_capacity: 1 Ton / 12000 BTU; type_air_conditioner: Single Split System; Kit Included: Yes; Inverter: Yes; Room Size: Not Specified; Power Consumption: 2000; Model: AR24TSHZRWKN; Warranty Policy EN: 1 Year on Complete AC and 10 Year on Compressor","Brand: Samsung | SKU: 128126894_NP-1035224179 | Air Conditioner Features: Inverter,Wifi Connected,Timer,Dehumidifier,Air Direction Control,Auto Cleaning,Fast Cooling,Silent Mode,Sensor Control | Connecting Wire: Yes | air_conditioner_rated_capacity: 1 Ton / 12000 BTU | type_air_conditioner: Single Split System | Kit Included: Yes | Inverter: Yes | Room Size: Not Specified | Power Consumption: 2000 | Model: AR24TSHZRWKN | Warranty Policy EN: 1 Year on Complete AC and 10 Year on Compressor",https://static-01.daraz.com.np/p/2af8b5a836bd21c19108745c8440b2f5.png,photos\Samsung\AR24TSHZRWKN.png,1 year Warranty on Complete Product and 10 Year Warranty on Compressor,daraz_scrape,9779765985999
Samsung,Air Conditioner,air conditioner,1 Ton / 12000 BTU,AR50F12C1RHNRC,SAMSUNG Bespoke AI Inverter 1 ton Air Conditioner AC AR50F12C1RHNRC,119990,"Smart energy use savings AI Energy Mode AI analyzes your usage patterns and external conditions, and enhances the air conditioner’s energy efficiency. It controls the compressor’s frequency, reducing electricity costs by up to 30%*. And AI Energy mode can save energy by switching devices to Energy Saving mode at a pre-set threshold. Intelligent living AI Auto Cooling Experience an intelligent way of living with AI Auto Cooling*. It automatically optimizes the various modes by analyzing the room conditions and usage patterns**. Based on your preferred temperature, it automatically switches to the most appropriate mode*** to maintain the optimal conditions. Automatic efficiency AI Digital Inverter Control Cool quickly, quietly and efficiently. Using AI it analyzes your usage patterns and the external conditions, and senses the air conditioner’s operating status. It then precisely controls the compressor’s operating frequency* to maintain the preferred temperature and reduce energy consumption. SmartThings Get close. Turn on. Quick Remote Control the room temperature quickly and easily on a Galaxy smartphone*. When you get close to the air conditioner**, a Quick Remote pops up on your","Brand: No Brand; SKU: 128179986_NP-1037673330; Air Conditioner Features: Inverter,Fast Cooling,Auto Cleaning,Timer,Silent Mode; Connecting Wire: Yes; air_conditioner_rated_capacity: 1 Ton / 12000 BTU; type_air_conditioner: Single Split System; Kit Included: Yes; Inverter: Yes; Room Size: 180 SqFt; Power Consumption: 1290; Model: AR50F12C1RHNRC","Brand: No Brand | SKU: 128179986_NP-1037673330 | Air Conditioner Features: Inverter,Fast Cooling,Auto Cleaning,Timer,Silent Mode | Connecting Wire: Yes | air_conditioner_rated_capacity: 1 Ton / 12000 BTU | type_air_conditioner: Single Split System | Kit Included: Yes | Inverter: Yes | Room Size: 180 SqFt | Power Consumption: 1290 | Model: AR50F12C1RHNRC",https://np-live-21.slatic.net/kf/S327be9d2cef74fb08d8e72b29b325649q.jpg,photos\Samsung\AR50F12C1RHNRC.jpg,10 years on compressor,daraz_scrape,9779765985999
Samsung,Air Conditioner,air conditioner,1 Ton / 12000 BTU,AR12TSHZRWKN,"Samsung 1 Ton Digital Inverter Hot/Cold Wall Mount Air Conditioner AC - AR12TSHZRWKN With Triple Inverter Powered by 8 pole, Air Purifier And Dehumidifier",107990,"AI Auto Cooling Welcome Cooling (with Geofencing functionality) Feel comfortably cool as soon as you get home. Welcome Cooling, part of the SmartThings App*, detects your location by tracking your phone’s GPS**. When you come within a preset distance, it automatically sets the room temperature at the desired level, using your preferred mode and settings. Fast Cooling Cool rooms quickly from corner to corner, so feel comfortable wherever you are. Digital Inverter technology cools the air 43% faster*. Its advanced design also has a 15% larger fan, 18% wider inlet and a 31% wider blade. So cool air is dispersed farther and wider**, reaching up to 15 meters. Copper Anti-bacterial Filter Keep the air conditioner working efficiently with less effort. The Copper Anti-bacterial Filter is located outside, on the top, so it can easily be removed and cleaned. Its dense mesh keeps the Heat Exchanger clean and a Copper Sulphide coating helps protect you from inhaling harmful bacteria*. . 4-way Swing Create a comfortable environment with an even temperature in every corner of a room. The 4-way Swing function lets you remotely control the air direction or automatically expels air in every directi",Brand: Samsung; SKU: 119463243_NP-1376088151; Inverter: Yes; Connecting Wire: Yes; air_conditioner_rated_capacity: 1 Ton / 12000 BTU; Room Size: Not Specified; type_air_conditioner: Single Split System; Kit Included: Yes; Power Consumption: 1630; Model: AR12TSHZRWKN; Warranty Policy EN: 1 year Warranty on Complete Product and 10 Year Warranty on Compressor,Brand: Samsung | SKU: 119463243_NP-1376088151 | Inverter: Yes | Connecting Wire: Yes | air_conditioner_rated_capacity: 1 Ton / 12000 BTU | Room Size: Not Specified | type_air_conditioner: Single Split System | Kit Included: Yes | Power Consumption: 1630 | Model: AR12TSHZRWKN | Warranty Policy EN: 1 year Warranty on Complete Product and 10 Year Warranty on Compressor,https://static-01.daraz.com.np/p/2af8b5a836bd21c19108745c8440b2f5.png,photos\Samsung\AR12TSHZRWKN.png,1 year Warranty on Complete Product and 10 Year Warranty on Compressor,daraz_scrape,9779765985999
Samsung,Air Conditioner,air conditioner,1 Ton / 12000 BTU,AR12TSHZRWKNRC,Samsung 1 Ton Inverter Hot And Cool Air Conditioner- AR12TSHZRWKNRC,105000,"Samsung heating and Cooling AC Highlights: Brand- SAMSUNG | | Category :- Split Ac , RAC | | Capacity :- 1 ton, 12000BTU, 3.5 KW | | Design and Display :- Airise Grille Design, White body color, 88 Display + 2 LED | | Operation Modes:- Auto, Fast Cool, Fan(4 fan Level), Fast Cool(5 fan level), Good Sleep, Eco, Dehumidification, Quiet, Heat | | Air Flow :- 11.9 liters per minute of air circulation, 1.5 liters per hour of humidity removal | | General Features :- Digital Inverter Compressor(-10 Years of Warranty), Triple Protector Plus(Compressor Protector(-Voltage, Current &amp; Temperature Sensor), Controller Protector(80 V to 450 V), Fins and Chasis Protector(Anti Corrosion)),4 way Air Flow, Easy Filter with antibacteria, Auto Clean, Cooling(-5℃ to 52℃) and Heating(-10℃ to 24℃) even in exterme Ambient Temperature, Filter Cleaning Indicator, Smart Installation, Display ON/OFF, 24 hours of Timer, Beep on ON/OFF, Auto Restart | | Power supply :-1015 Watts max. (Cooling) &amp; 1020 Watts max. (Heating)/220 V to 240 V/ Single Phase/50 Hz. | | Accessory ;- Fitting Pipe upto 5 meters(can be extended upto 15 meters of length and 7 meters of height), Connection Cables, User Manual, Remote, ",Brand: Samsung; SKU: 116833582_NP-2244184218; Connecting Wire: Yes; air_conditioner_rated_capacity: 1 Ton / 12000 BTU; type_air_conditioner: Split system 1; Kit Included: Yes; Inverter: Yes; Room Size: 90-150 sq meters; Power Consumption: 1200; Model: AR12TSHZRWKNRC,Brand: Samsung | SKU: 116833582_NP-2244184218 | Connecting Wire: Yes | air_conditioner_rated_capacity: 1 Ton / 12000 BTU | type_air_conditioner: Split system 1 | Kit Included: Yes | Inverter: Yes | Room Size: 90-150 sq meters | Power Consumption: 1200 | Model: AR12TSHZRWKNRC,https://static-01.daraz.com.np/p/fbcbe21e457065ca103f260a17f0fe69.jpg,photos\Samsung\AR12TSHZRWKNRC.jpg,10 Years Brand Warranty,daraz_scrape,9779765985999
Samsung,Air Cooler,air cooler,25,SAM-COOL25PRM,Samsonix  25 Ltr Honeycomb with Wheel Dual Tone Air Cooler SAM-COOL25PRM,13300,"Stay cool and comfortable with this premium air cooler designed for powerful cooling and smart living. Featuring high-performance honeycomb cooling pads, this air cooler delivers strong and refreshing airflow perfect for hot summer days. Its large water tank ensures longer cooling performance without frequent refilling, while the 3-speed control lets you choose low, medium, or high airflow according to your comfort. The wide air throw technology spreads cool air evenly across the room, making it ideal for homes, offices, shops, and bedrooms. Built with a portable design and smooth caster wheels, it can be moved easily from one place to another. This air cooler is also energy efficient, helping you enjoy better cooling with lower power consumption and low noise operation. Highlights: Brand Name : Samsonix | | | | | | Capacity : 25 Laiters | | | | | | Powerful and fast cooling | | | | | | • Large capacity water tank | | | | • 3 adjustable fan speeds | | | | • Wide air throw for better air circulation | | | | • Honeycomb cooling pads | | | | • Low noise operation | | | | • Easy maintenance design | | | | • Eco-friendly and energy saving | | | | • Portable body with wheels | | | | | | ","Brand: SAMSONIX; SKU: 1518679228_NP-12342957538; Air Cooler Features: Portable,Wheels included; Capacity: 25; Model: SAM-COOL25PRM; Warranty Policy EN: 1 year Full Service Warranty","Brand: SAMSONIX | SKU: 1518679228_NP-12342957538 | Air Cooler Features: Portable,Wheels included | Capacity: 25 | Model: SAM-COOL25PRM | Warranty Policy EN: 1 year Full Service Warranty",https://static-01.daraz.com.np/p/fc7b9797e0d278cd80ab7724489e635b.jpg,photos\Samsung\SAM-COOL25PRM.jpg,1 Year Brand Warranty,daraz_scrape,9779765985999
Samsung,Air Cooler,air cooler,45,45 L,Samsonix  45 Ltr Honeycomb with Wheel Dual Tone Air Cooler,15200,"Stay cool and comfortable with this premium air cooler designed for powerful cooling and smart living. Featuring high-performance honeycomb cooling pads, this air cooler delivers strong and refreshing airflow perfect for hot summer days. Its large water tank ensures longer cooling performance without frequent refilling, while the 3-speed control lets you choose low, medium, or high airflow according to your comfort. The wide air throw technology spreads cool air evenly across the room, making it ideal for homes, offices, shops, and bedrooms. Built with a portable design and smooth caster wheels, it can be moved easily from one place to another. This air cooler is also energy efficient, helping you enjoy better cooling with lower power consumption and low noise operation. Highlights: Brand Name : Samsonix | | | | | | Capacity : 45 Laiters | | | | | | Powerful and fast cooling | | | | | | • Large capacity water tank | | | | • 3 adjustable fan speeds | | | | • Wide air throw for better air circulation | | | | • Honeycomb cooling pads | | | | • Low noise operation | | | | • Easy maintenance design | | | | • Eco-friendly and energy saving | | | | • Portable body with wheels | | | | | | ","Brand: SAMSONIX; SKU: 1518683111_NP-12343770826; Air Cooler Features: Portable,Wheels included; Capacity: 45; Model: 45 L; Warranty Policy EN: 1 year Full Service Warranty","Brand: SAMSONIX | SKU: 1518683111_NP-12343770826 | Air Cooler Features: Portable,Wheels included | Capacity: 45 | Model: 45 L | Warranty Policy EN: 1 year Full Service Warranty",https://static-01.daraz.com.np/p/15e25144fb0f6a95d1bce0bc1e5eca33.jpg,photos\Samsung\45-L.jpg,1 Year Brand Warranty,daraz_scrape,9779765985999
Samsung,Air Cooler,air cooler,60,SAM-COOL60PRM,Samsonix  60 Ltr Honeycomb with Wheel Dual Tone Air Cooler SAM-COOL60PRM,17400,"Stay cool and comfortable with this premium air cooler designed for powerful cooling and smart living. Featuring high-performance honeycomb cooling pads, this air cooler delivers strong and refreshing airflow perfect for hot summer days. Its large water tank ensures longer cooling performance without frequent refilling, while the 3-speed control lets you choose low, medium, or high airflow according to your comfort. The wide air throw technology spreads cool air evenly across the room, making it ideal for homes, offices, shops, and bedrooms. Built with a portable design and smooth caster wheels, it can be moved easily from one place to another. This air cooler is also energy efficient, helping you enjoy better cooling with lower power consumption and low noise operation. Highlights: Brand Name : Samsonix | | | | | | Capacity : 60Laiters | | | | | | Powerful and fast cooling | | | | | | • Large capacity water tank | | | | • 3 adjustable fan speeds | | | | • Wide air throw for better air circulation | | | | • Honeycomb cooling pads | | | | • Low noise operation | | | | • Easy maintenance design | | | | • Eco-friendly and energy saving | | | | • Portable body with wheels | | | | | | 1","Brand: SAMSONIX; SKU: 1518632271_NP-12342979171; Air Cooler Features: Portable,Wheels included; Capacity: 60; Country Of Origin: China; Fan Speed (RPM): High; Model: SAM-COOL60PRM; Warranty Policy EN: 1 Year Full Service Warranty","Brand: SAMSONIX | SKU: 1518632271_NP-12342979171 | Air Cooler Features: Portable,Wheels included | Capacity: 60 | Country Of Origin: China | Fan Speed (RPM): High | Model: SAM-COOL60PRM | Warranty Policy EN: 1 Year Full Service Warranty",https://static-01.daraz.com.np/p/fc7b9797e0d278cd80ab7724489e635b.jpg,photos\Samsung\SAM-COOL60PRM.jpg,1 Year Brand Warranty,daraz_scrape,9779765985999
Samsung,Microwave Oven,microwave oven,28 L,MC28A5145VR/TL,"SAMSUNG 28L Convention with SLIM FRY Technology (MC28A5145VR/TL, Black Rhythmic Twirl)",43990,"From the manufacturer 28 Litres, Convention Oven Ideal for Cooking, Defrosting, Grilling, Heating & Frying Controls: Tact (Buttons) & Dial Interior: Ceramic Enamel Cavity No. of Programs: 200 Auto Cook Menu, 15 Pre-set Menu Moisture Sensor, Turntable Off/On, Eco Mode Click to play video Highlights: Brand Name : Samsung | | | | | | Moddel No : MC28A5145VR/TL | | | | | | 28 Litres, Convention Oven | | | | | | Ideal for Cooking, Defrosting, Grilling, Heating &amp; Frying | | | | | | Controls: Tact (Buttons) &amp; Dial | | | | | | Interior: Ceramic Enamel Cavity | | | | | | No. of Programs: 200 Auto Cook Menu, 15 Pre-set Menu | | | | | | Moisture Sensor, Turntable Off/On, Eco Mode | | | | | | 1 Year Product Warranty, 10 Years Warranty on Ceramic Enamel Cavity","Brand: Samsung; SKU: 1542327418_NP-12352663017; Country Of Origin: India; Model: MC28A5145VR/TL; Warranty Policy EN: 1 Year Product Warranty, 10 Years Warranty on Ceramic Enamel Cavity","Brand: Samsung | SKU: 1542327418_NP-12352663017 | Country Of Origin: India | Model: MC28A5145VR/TL | Warranty Policy EN: 1 Year Product Warranty, 10 Years Warranty on Ceramic Enamel Cavity",https://static-01.daraz.com.np/p/d9b8526b15844ae6c37a5d4aa0fd6c7d.jpg,photos\Samsung\MC28A5145VR-TL.jpg,1 Year Brand Warranty,daraz_scrape,9779765985999
Samsung,Microwave Oven,microwave oven,23 L,MS23T5012UK,Samsung 23L-MS23T5012UK/TL | Solo Microwave  with Healthy Steam,33900,"Samsung 23L Solo Microwave Oven Design and Material:- Black Color Cabinet, Pure Black Color Door, Touch Control Method, Side Swing with Handle-Door Type, LED Display, Ceramic Enamel Cavity Power:- Source 230v/50Hz, Output Power : 800 watts(6-power levels), Power consumption : Microwave (1200Watts) Features:- Eco Mode, Quick Defrost, Various Auto Cook Menu, Child Safety Lock, 30s +, Steam Cook, Auto Cook, Keep Warm Highlights: Brand Name : Samsung | | | | | | Capacity : 23 Liters | | | | | | Samsung 23L Solo Microwave Oven | | | | | | Design and Material:-&nbsp;Black Color Cabinet, Pure Black Color Door, Touch Control Method, Side Swing with&nbsp;Handle-Door Type, LED Display, Ceramic Enamel Cavity | | | | | | Power:-&nbsp;Source 230v/50Hz, Output Power : 800 watts(6-power levels), Power consumption : Microwave (1200Watts) | | | | | | Features:-&nbsp;Eco Mode, Quick Defrost, Various Auto Cook Menu, Child Safety Lock, 30s +, Steam Cook, Auto Cook, Keep Warm | | | | | | 1 year Full Service Warranty &amp; 10 Years Warranty on ceramic cavity",Brand: Samsung; SKU: 1542193144_NP-12353410132; Country Of Origin: India; Model: MS23T5012UK; Warranty Policy EN: 1 year Full Service Warranty & 10years Warranty on ceramic cavity,Brand: Samsung | SKU: 1542193144_NP-12353410132 | Country Of Origin: India | Model: MS23T5012UK | Warranty Policy EN: 1 year Full Service Warranty & 10years Warranty on ceramic cavity,https://static-01.daraz.com.np/p/e88c1e9b2d37bed5d7bfca9ba541fd0e.png,photos\Samsung\MS23T5012UK.png,1 Year Brand Warranty,daraz_scrape,9779765985999
Samsung,Microwave Oven,microwave oven,21 L,CE77JD-Q,Samsung CE77JD-QB 21 Litres Convection Microwave with SlimFry™ & Curd Making,35990,"SlimFry Enjoy healthier fried food without a deep fryer. SLIM FRY technology combines a grill with warm air circulation, so food is cooked crispy inside and out using only a touch of oil. And no greasy pans or splatters! Curd/Dough Enjoy homemade dough or curd anytime of the day with the Fermentation Function, which utilizes advanced fermentation technology to set just the right temperature, providing your family with even more options for deliciously fresh meals. Indian Recipe Choose from a wide variety of pre-programmed local recipes on the Samsung app and enjoy familiar flavors with the simple touch of a button. Roti/Naan Turn your Smart Oven into a tandoor with temperatures up to 200˚C. Make crispy rotis and naan with the touch of a button. Auto Cook Menu Ever wonder just how long you should microwave something? Tired of food coming out too hot or still cold? Auto Cook takes the thought out of it: just tell your microwave what you're cooking (and how much) and it's already preprogrammed for what settings to use. Ceramic Enamel cavity The Innovative Ceramic Enamel Cavity is designed to give you a holistic cooking experience. It is durable, easy to clean, hygienic and 99.9% bacte",Brand: Samsung; SKU: 111579177_NP-1030217140; Model: CE77JD-Q,Brand: Samsung | SKU: 111579177_NP-1030217140 | Model: CE77JD-Q,https://static-01.daraz.com.np/p/dc2b9c2e7f21998739494915592ef4fe.png,photos\Samsung\CE77JD-Q.png,"1 Year Full Product Warranty ,10 Year Warranty on Ceramic Cavity",daraz_scrape,9779765985999
Samsung,Refrigerator,Single Door,192 L,RR20C2722CU/IM,Samsung 192L Single Door Refrigerator (Camellia Blue),38990,Samsung 192L floral Camellia Blue single door direct cool refrigerator.,Capacity: 192L | Single Door | Digital Inverter | Safe Clean Back | Toughened Glass,Capacity: 192L | Single Door | Digital Inverter | Safe Clean Back | Toughened Glass,https://images.samsung.com/is/image/samsung/p6pim/in/rr20c2722cu-im/gallery/in-single-door-thumb,,1 Year Comprehensive + 20 Years on Compressor,local_price_list,9779765985999
Samsung,Refrigerator,Single Door,192 L,RR20C2722CR/IM,Samsung 192L Single Door Refrigerator (Camellia Red),38990,Samsung 192L floral Camellia Red single door direct cool refrigerator.,Capacity: 192L | Single Door | Digital Inverter | Toughened Glass Shelves | Large Veg Box,Capacity: 192L | Single Door | Digital Inverter | Toughened Glass Shelves | Large Veg Box,https://images.samsung.com/is/image/samsung/p6pim/in/rr20c2722cr-im/gallery/in-single-door-thumb,,1 Year Comprehensive + 20 Years on Compressor,local_price_list,9779765985999
Samsung,Refrigerator,Single Door,192 L,RR20T282ZCU8/IM,Samsung 192L Single Door Refrigerator (Crown Door Camellia Blue),41990,"Samsung 192L single door refrigerator featuring Crown Door design, Camellia Blue floral finish and base drawer.",Capacity: 192L | Single Door Direct Cool | Digital Inverter | Grande Door Design | Base Stand Drawer | Clear View Lamp,Capacity: 192L | Single Door Direct Cool | Digital Inverter | Grande Door Design | Base Stand Drawer | Clear View Lamp,https://images.samsung.com/is/image/samsung/p6pim/in/rr20t282zcu8-im/gallery/in-single-door-thumb,,1 Year Comprehensive + 20 Years on Compressor,local_price_list,9779765985999
Samsung,Refrigerator,Single Door,192 L,RR20T282ZR8/IM,Samsung 192L Single Door Refrigerator (Crown Door Camellia Red),41990,Samsung 192L single door direct cool refrigerator with Camellia Red floral finish and base stand drawer.,Capacity: 192L | Single Door | Digital Inverter | Crown Door Design | Base Stand Drawer | Toughened Glass Shelves,Capacity: 192L | Single Door | Digital Inverter | Crown Door Design | Base Stand Drawer | Toughened Glass Shelves,https://images.samsung.com/is/image/samsung/p6pim/in/rr20t282zr8-im/gallery/in-single-door-thumb,,1 Year Comprehensive + 20 Years on Compressor,local_price_list,9779765985999
Samsung,Refrigerator,Single Door,192 L,RR20C2412S8/IM,Samsung 192L Single Door Refrigerator (Elegant Inox),37990,Samsung 192L single door refrigerator in Elegant Inox finish with Digital Inverter.,Capacity: 192L | Single Door | Digital Inverter | Toughened Glass | Stabilizer Free Operation,Capacity: 192L | Single Door | Digital Inverter | Toughened Glass | Stabilizer Free Operation,https://images.samsung.com/is/image/samsung/p6pim/in/rr20c2412s8-im/gallery/in-single-door-thumb,,1 Year Comprehensive + 20 Years on Compressor,local_price_list,9779765985999
Samsung,Refrigerator,Single Door,192 L,RR20C20C2GS/IM,Samsung 192L Single Door Refrigerator (Gray Silver),34990,Samsung 192L reliable single door refrigerator in Gray Silver finish.,Capacity: 192L | Single Door | Digital Inverter | Toughened Glass | Recess Handle,Capacity: 192L | Single Door | Digital Inverter | Toughened Glass | Recess Handle,https://images.samsung.com/is/image/samsung/p6pim/in/rr20c20c2gs-im/gallery/in-single-door-thumb,,1 Year Comprehensive + 20 Years on Compressor,local_price_list,9779765985999
Samsung,Refrigerator,Single Door,192 L,RR20C22226U/IM,Samsung 192L Single Door Refrigerator (Mystic Blue),39990,Samsung 192L direct cool single door refrigerator with Mystic Blue pattern and digital inverter.,Capacity: 192L | Single Door | Digital Inverter | Clear View Lamp | Toughened Glass | Stabilizer Free,Capacity: 192L | Single Door | Digital Inverter | Clear View Lamp | Toughened Glass | Stabilizer Free,https://images.samsung.com/is/image/samsung/p6pim/in/rr20c22226u-im/gallery/in-single-door-thumb,,1 Year Comprehensive + 20 Years on Compressor,local_price_list,9779765985999
Samsung,Refrigerator,Single Door,192 L,RR20C22226R/IM,Samsung 192L Single Door Refrigerator (Mystic Red),39990,Samsung 192L direct cool single door refrigerator with Mystic Red pattern and digital inverter.,Capacity: 192L | Single Door | Digital Inverter | Stabilizer Free | Toughened Glass | Anti-Bacterial Gasket,Capacity: 192L | Single Door | Digital Inverter | Stabilizer Free | Toughened Glass | Anti-Bacterial Gasket,https://images.samsung.com/is/image/samsung/p6pim/in/rr20c22226r-im/gallery/in-single-door-thumb,,1 Year Comprehensive + 20 Years on Compressor,local_price_list,9779765985999
Samsung,Refrigerator,Single Door,192 L,RR20C20C2RH/IM,Samsung 192L Single Door Refrigerator (Red Pattern),33990,Samsung 192L single door direct cool refrigerator with vibrant red pattern finish.,Capacity: 192L | Single Door | Digital Inverter | Energy Efficient | Toughened Glass Shelves,Capacity: 192L | Single Door | Digital Inverter | Energy Efficient | Toughened Glass Shelves,https://images.samsung.com/is/image/samsung/p6pim/in/rr20c20c2rh-im/gallery/in-single-door-thumb,,1 Year Comprehensive + 20 Years on Compressor,local_price_list,9779765985999
Samsung,Refrigerator,Single Door,192 L,RR20M282ZS8/IM,Samsung 192L Single Door Refrigerator (Silver Wave with Base Drawer),38990,Samsung 192L single door refrigerator in Elegant Silver with extra base storage drawer.,Capacity: 192L | Single Door | Digital Inverter | Base Stand Drawer | Toughened Glass | Energy Efficient,Capacity: 192L | Single Door | Digital Inverter | Base Stand Drawer | Toughened Glass | Energy Efficient,https://images.samsung.com/is/image/samsung/p6pim/in/rr20m282zs8-im/gallery/in-single-door-thumb,,1 Year Comprehensive + 20 Years on Compressor,local_price_list,9779765985999
Samsung,Refrigerator,Single Door,230 L,RR24A272ZCU/IM,Samsung 230L Single Door Direct Cool Refrigerator (Camellia Blue),44990,Samsung 230L single door direct cool refrigerator with Camellia Blue floral glass door and digital inverter.,Capacity: 230L | Single Door Direct Cool | Digital Inverter | Base Stand Drawer | Toughened Glass Shelves | Stabilizer Free,Capacity: 230L | Single Door Direct Cool | Digital Inverter | Base Stand Drawer | Toughened Glass Shelves | Stabilizer Free,https://images.samsung.com/is/image/samsung/p6pim/in/rr24a272zcu-im/gallery/in-single-door-rr24a272zcu-im-thumb,,1 Year Comprehensive + 20 Years on Compressor,local_price_list,9779765985999
Samsung,Refrigerator,Double Door,253 L,RT28C3221CU/IM,Samsung 253L Double Door Refrigerator (Camellia Blue),61990,Samsung 253L Camellia Blue floral frost-free double door refrigerator.,Capacity: 253L | Double Door | Digital Inverter | Easy Slide Shelf | Toughened Glass | LED Lighting,Capacity: 253L | Double Door | Digital Inverter | Easy Slide Shelf | Toughened Glass | LED Lighting,https://images.samsung.com/is/image/samsung/p6pim/in/rt28c3221cu-im/gallery/in-top-mount-freezer-thumb,,1 Year Comprehensive + 20 Years on Compressor,local_price_list,9779765985999
Samsung,Refrigerator,Double Door,253 L,RT28C3221CR/IM,Samsung 253L Double Door Refrigerator (Camellia Red),61990,Samsung 253L floral design Camellia Red double door refrigerator with smart inverter.,Capacity: 253L | Double Door | Digital Inverter | Cool Pack 12 Hours | Deodorizer | Stabilizer Free Operation,Capacity: 253L | Double Door | Digital Inverter | Cool Pack 12 Hours | Deodorizer | Stabilizer Free Operation,https://images.samsung.com/is/image/samsung/p6pim/in/rt28c3221cr-im/gallery/in-top-mount-freezer-thumb,,1 Year Comprehensive + 20 Years on Compressor,local_price_list,9779765985999
Samsung,Refrigerator,Double Door,253 L,RT28A3022GS/IM,Samsung 253L Double Door Refrigerator (Gray Silver),56490,Samsung 253L elegant Gray Silver double door refrigerator with Digital Inverter Technology.,Capacity: 253L | Double Door | Digital Inverter | All-around Cooling | Movable Ice Maker | Base Stand Drawer,Capacity: 253L | Double Door | Digital Inverter | All-around Cooling | Movable Ice Maker | Base Stand Drawer,https://images.samsung.com/is/image/samsung/p6pim/in/rt28a3022gs-im/gallery/in-top-mount-freezer-thumb,,1 Year Comprehensive + 20 Years on Compressor,local_price_list,9779765985999
Samsung,Refrigerator,Double Door,253 L,RT40H28WNCPIM,Samsung 253L Double Door Refrigerator Clean Steel,63990,Samsung 253L Frost Free double door refrigerator in Clean Steel finish.,Capacity: 253L | Double Door | Inverter | Toughened Glass | All Around Cooling,Capacity: 253L | Double Door | Inverter | Toughened Glass | All Around Cooling,https://images.samsung.com/is/image/samsung/p6pim/in/rt40h28wncpim/gallery/in-top-mount-freezer-thumb,,1 Year Comprehensive + 20 Years on Compressor,local_price_list,9779765985999
Samsung,Refrigerator,Double Door,253 L,RT40H28WNQIM,Samsung 253L Double Door Refrigerator Elegant Inox,62990,Samsung 253L double door refrigerator in Elegant Inox finish.,Capacity: 253L | Double Door | Digital Inverter | Cool Pack | Door Alarm,Capacity: 253L | Double Door | Digital Inverter | Cool Pack | Door Alarm,https://images.samsung.com/is/image/samsung/p6pim/in/rt40h28wnqim/gallery/in-top-mount-freezer-thumb,,1 Year Comprehensive + 20 Years on Compressor,local_price_list,9779765985999
Samsung,Refrigerator,Double Door,253 L,RT40H28WNPIM,Samsung 253L Double Door Refrigerator Platinum Inox,60990,Samsung 253L double door frost free refrigerator with energy saving inverter.,Capacity: 253L | Double Door | Digital Inverter | Moist Fresh Zone | Toughened Glass,Capacity: 253L | Double Door | Digital Inverter | Moist Fresh Zone | Toughened Glass,https://images.samsung.com/is/image/samsung/p6pim/in/rt40h28wnpim/gallery/in-top-mount-freezer-thumb,,1 Year Comprehensive + 20 Years on Compressor,local_price_list,9779765985999
Samsung,Refrigerator,refrigerator,253,RT28A3022GS,Samsung 253L Double Door Refrigerator RT28A3022GS | Digital Inverter Technology | Frost Free | Multi Flow Cooling | Silver Finish | 10 Years Warranty,59990,"Bring home reliable cooling and modern elegance with the Samsung RT28A3022GS 253L Double Door Refrigerator. Featuring Digital Inverter Technology, Frost Free Cooling, and Multi Flow Air circulation, it keeps your food fresh while ensuring efficient and quiet performance. Its spacious interior, easy slide shelf, toughened glass shelves, and elegant silver finish make it a perfect choice for modern families. With Smart Connect Inverter and stabilizer-free operation, enjoy uninterrupted cooling and long-lasting durability. Highlights: 253L Large Capacity | | | | | | Double Door Design | | | | | | Frost Free Cooling | | | | | | Digital Inverter Technology | | | | | | Multi Flow Cooling | | | | | | Smart Connect Inverter | | | | | | Stabilizer Free Operation | | | | | | Easy Slide Shelf | | | | | | Toughened Glass Shelves | | | | | | Twisted Ice Maker | | | | | | Elegant Silver Finish | | | | | | 10 Years Compressor Warranty",Brand: Samsung; SKU: 119344953_NP-1034988719; Refrigerator Type: Double Door; Net Depth (mm): 800; Refrigerator Features: Toughened Glass Shelves; Net Height (mm): 1800; Energy Rating: 3 Star; Refrigerator Capacity (L): 253; Net Width (mm): 609; Warranty Duration: 10 Years; Inverter type air-conditioner: Yes; Number of doors: 2; Fridge Configuration: Freezer on top; Nofrost system: Frost Free; Model: RT28A3022GS; Warranty Policy EN: 1 year on complete machine and 10 years on compressor,Brand: Samsung | SKU: 119344953_NP-1034988719 | Refrigerator Type: Double Door | Net Depth (mm): 800 | Refrigerator Features: Toughened Glass Shelves | Net Height (mm): 1800 | Energy Rating: 3 Star | Refrigerator Capacity (L): 253 | Net Width (mm): 609 | Warranty Duration: 10 Years | Inverter type air-conditioner: Yes | Number of doors: 2 | Fridge Configuration: Freezer on top | Nofrost system: Frost Free | Model: RT28A3022GS | Warranty Policy EN: 1 year on complete machine and 10 years on compressor,https://static-01.daraz.com.np/p/d1f13f50bbe7dd12556f55d6784c706e.png,photos\Samsung\RT28A3022GS.png,10 Years Brand Warranty,daraz_scrape,9779765985999
Samsung,Refrigerator,Double Door,275 L,RT30K3342S8/IM,Samsung 275L Double Door Frost Free Refrigerator,67990,Samsung 275L double door frost-free refrigerator with Digital Inverter Compressor and All-Around Cooling.,Capacity: 275L | Double Door Frost Free | Digital Inverter | All Around Cooling | Toughened Glass Shelves | MoistFresh Zone,Capacity: 275L | Double Door Frost Free | Digital Inverter | All Around Cooling | Toughened Glass Shelves | MoistFresh Zone,https://images.samsung.com/is/image/samsung/p6pim/in/rt30k3342s8-im/gallery/in-top-mount-freezer-thumb,,1 Year Comprehensive + 20 Years on Compressor,local_price_list,9779765985999
Samsung,Refrigerator,refrigerator,275,RT40H30WNPIN,"Samsung 275L,Digital Inverter Frost Free Double Door Refrigerator (RT40H30WNPIN, Matt Doi Metal, 2026 Model)",68990,"Twist Ice Maker Samsung Twist Ice Maker is easy to use. Simple twist is all you need to dispense ice cubes. Also comparatively less freezer area means fast ice making, which means you can have more ice cubes in short time of period. Easy Slide Shelf Reaching into a refrigerator often means navigating an obstacle course of food items. But the Easy Slide shelf is built on rolling hinges and pulls out, so you can efficiently organise and easily access your food items – and easily see exactly what you have stored in the back. Power Freeze Now never run out of ice cubes. The Power Freeze feature on this Samsung refrigerator allows up to 31%* faster ice making, thus conveniently reducing the waiting time. Have ice cubes anytime with the push of a button. * Result basis on Samsung internal lab test conditions. Individual results may vary. Power Cool Chill food 31%* faster with the Power Cool feature on this Samsung refrigerator. With faster chill, food will stay optimally fresh for longer and beverages will be quickly chilled. * Result basis on Samsung internal lab test conditions. Individual results may vary. Door Alarm Now even if you forget to shut your refrigerator door the refrigerat",Brand: Samsung; SKU: 127955508_NP-1034985603; Refrigerator Type: Double Door; Net Depth (mm): 555; Net Height (mm): 1635; Refrigerator Capacity (L): 275; Net Width (mm): 637; Warranty Duration: 1 Years Full Services Warranty & 20 Years Warranty on Compressor; Number of doors: 2; Fridge Configuration: Freezer on top; Nofrost system: Frost Free; Model: RT40H30WNPIN; Warranty Policy EN: 1 Years Full Services Warranty & 10 Years Warranty on Compressor,Brand: Samsung | SKU: 127955508_NP-1034985603 | Refrigerator Type: Double Door | Net Depth (mm): 555 | Net Height (mm): 1635 | Refrigerator Capacity (L): 275 | Net Width (mm): 637 | Warranty Duration: 1 Years Full Services Warranty & 20 Years Warranty on Compressor | Number of doors: 2 | Fridge Configuration: Freezer on top | Nofrost system: Frost Free | Model: RT40H30WNPIN | Warranty Policy EN: 1 Years Full Services Warranty & 10 Years Warranty on Compressor,https://static-01.daraz.com.np/p/69228154fc0ae7b7d16720168350f675.jpg,photos\Samsung\RT40H30WNPIN.jpg,1 Years Full Services Warranty & 20 Years Warranty on Compressor,daraz_scrape,9779765985999
Samsung,Refrigerator,5 in 1 Convertible,350 L,RT38DG5A22BS8IM,Samsung 350L 5-in-1 Convertible Refrigerator,96990,Samsung 350L double door frost free refrigerator with 5-in-1 convertible technology and digital inverter.,Capacity: 350L | 5-in-1 Modes | Digital Inverter | Easy Slide Shelf | Big Bottle Guard | Stabilizer Free,Capacity: 350L | 5-in-1 Modes | Digital Inverter | Easy Slide Shelf | Big Bottle Guard | Stabilizer Free,https://images.samsung.com/is/image/samsung/p6pim/in/rt38dg5a22bs8im/gallery/in-top-mount-freezer-thumb,,1 Year Comprehensive + 20 Years on Compressor,local_price_list,9779765985999
Samsung,Refrigerator,5 in 1 Convertible,396 L,RT41DG6A22BSLHL,Samsung 396L 5-in-1 Convertible Frost Free Refrigerator,112990,"Samsung 396L Double Door Refrigerator with 5-in-1 convertible modes, Twin Cooling Plus, smart connect inverter.",Capacity: 396L | 5-in-1 Convertible | Digital Inverter | Twin Cooling Plus | Power Freeze & Power Cool | Toughened Glass Shelves,Capacity: 396L | 5-in-1 Convertible | Digital Inverter | Twin Cooling Plus | Power Freeze & Power Cool | Toughened Glass Shelves,https://images.samsung.com/is/image/samsung/p6pim/in/rt41dg6a22bslhl/gallery/in-top-mount-freezer-rt41dg6a22bslhl-front-silver-thumb,,1 Year Comprehensive + 20 Years on Compressor,local_price_list,9779765985999
Samsung,Refrigerator,5 in 1 Convertible,396 L,RT41HG6A422SLHL,Samsung 396L 5-in-1 Smart Convertible Refrigerator,116990,Samsung 396L premium double door refrigerator with smart inverter compressor and 5 conversion modes.,Capacity: 396L | 5-in-1 Convertible | Twin Cooling Plus | LED Lighting | Anti-Bacterial Gasket,Capacity: 396L | 5-in-1 Convertible | Twin Cooling Plus | LED Lighting | Anti-Bacterial Gasket,https://images.samsung.com/is/image/samsung/p6pim/in/rt41hg6a422slhl/gallery/in-top-mount-freezer-thumb,,1 Year Comprehensive + 20 Years on Compressor,local_price_list,9779765985999
Samsung,Refrigerator,5 in 1 Convertible,419 L,RT45DG6A22BSLHL,Samsung 419L 5-in-1 Convertible Frost Free Refrigerator,120990,"Samsung 419L Double Door Refrigerator with 5-in-1 convertible modes, Twin Cooling Plus, and Digital Inverter technology.","Capacity: 419L | 5-in-1 Convertible Modes (Normal, Extra Fridge, Seasonal, Vacation, Home Alone) | Twin Cooling Plus | Digital Inverter | Toughened Glass Shelves","Capacity: 419L | 5-in-1 Convertible Modes (Normal, Extra Fridge, Seasonal, Vacation, Home Alone) | Twin Cooling Plus | Digital Inverter | Toughened Glass Shelves",https://images.samsung.com/is/image/samsung/p6pim/in/rt45dg6a22bslhl/gallery/in-top-mount-freezer-rt45dg6a22bslhl-front-black-thumb,,1 Year Comprehensive + 20 Years on Compressor,local_price_list,9779765985999
Samsung,Refrigerator,5 in 1 Convertible,419 L,RT45HG6A422SLHL,Samsung 419L 5-in-1 Smart Convertible Refrigerator,120990,Premium 419L double door refrigerator featuring AI Energy Mode and 5 customizable cooling modes.,Capacity: 419L | 5-in-1 Convertible | AI Energy Mode | Stabilizer Free Operation | Deodorizing Filter,Capacity: 419L | 5-in-1 Convertible | AI Energy Mode | Stabilizer Free Operation | Deodorizing Filter,https://images.samsung.com/is/image/samsung/p6pim/in/rt45hg6a422slhl/gallery/in-top-mount-freezer-thumb,,1 Year Comprehensive + 20 Years on Compressor,local_price_list,9779765985999
Samsung,Refrigerator,Side by Side (SBS),700 L,RS78CG8543SLIM,Samsung 700L Side-by-Side Refrigerator,222990,"Samsung 700L Side-by-Side refrigerator with SpaceMax technology, Digital Inverter Compressor, All-around Cooling, and sleek premium finish.",Capacity: 700L | Type: Side by Side | Digital Inverter Compressor | SpaceMax Technology | Multi Flow Cooling | SmartThings Connectivity | Frost Free,Capacity: 700L | Type: Side by Side | Digital Inverter Compressor | SpaceMax Technology | Multi Flow Cooling | SmartThings Connectivity | Frost Free,https://images.samsung.com/is/image/samsung/p6pim/in/rs78cg8543slim/gallery/in-side-by-side-rs78cg8543slim-front-silver-thumb-536485859,,1 Year Comprehensive + 20 Years on Digital Inverter Compressor,local_price_list,9779765985999
Samsung,Television,television,,UA55U8500F,SAMSUNG 55 Inch Crystal UHD 4K Smart TV UA55U8500F,102990,"Features Vivid crystal colors come to life Top 4 Features PurColor Fine-tuned colors for a vibrant, lifelike picture 4K Upscaling Watch your favorite content in 4K Motion Xcelerator Experience improved picture clarity Q-Symphony TV and soundbar orchestrated in perfect harmony PurColor Fine-tuned colors for a vibrant, lifelike picture PurColor expresses the content you watch in vivid colors. It enables the TV to express a huge range of colors for optimal picture performance that translates into an immersive viewing experience. 4K Upscaling Watch your favorite content in 4K Powerful 4K upscaling ensures you get up to 4K resolution for the content you love. Layered screens depict 4K Upscaling at work. Light ripples through the layered screens to optimize the picture at the forefront. The details of a palm tree, skateboard and shoes of a skateboarder in a scene are upscaled to great clarity. stop video * Viewing experience may vary according to types of content and format. * 4K upscaling may not apply to PC connection and Game Mode. Only a Samsung account can enable your smart features. Login now! What's the point of a smart TV if you can't enjoy its smart features? Log in to your Sams",Brand: Samsung; SKU: 104438584_NP-1025482763; Display Resolution: 3840 x 2160; Smart TV OS: Tizen OS; TV Technology: LED; Number of USB ports: 2; Tv Resolution: 4K Ultra HD (2160p / 3840x2160); Number of HDMI Ports: 2; Smart TV: Yes; display_size_tv: 55; Model: UA55U8500F,Brand: Samsung | SKU: 104438584_NP-1025482763 | Display Resolution: 3840 x 2160 | Smart TV OS: Tizen OS | TV Technology: LED | Number of USB ports: 2 | Tv Resolution: 4K Ultra HD (2160p / 3840x2160) | Number of HDMI Ports: 2 | Smart TV: Yes | display_size_tv: 55 | Model: UA55U8500F,https://np-live-21.slatic.net/kf/S5c4e858795db479cbd0041b6686ab8514.jpg,photos\Samsung\UA55U8500F.jpg,3 years full product warranty,daraz_scrape,9779765985999
Samsung,Television,television,,SAMSUNG,SAMSUNG 55 inch Crystal 4K UHD Smart Led Tv UA55U8500F,102990,"Features Vivid crystal colors come to life Top 4 Features PurColor Fine-tuned colors for a vibrant, lifelike picture 4K Upscaling Watch your favorite content in 4K Motion Xcelerator Experience improved picture clarity Q-Symphony TV and soundbar orchestrated in perfect harmony PurColor Fine-tuned colors for a vibrant, lifelike picture PurColor expresses the content you watch in vivid colors. It enables the TV to express a huge range of colors for optimal picture performance that translates into an immersive viewing experience. 4K Upscaling Watch your favorite content in 4K Powerful 4K upscaling ensures you get up to 4K resolution for the content you love. Layered screens depict 4K Upscaling at work. Light ripples through the layered screens to optimize the picture at the forefront. The details of a palm tree, skateboard and shoes of a skateboarder in a scene are upscaled to great clarity. stop video * Viewing experience may vary according to types of content and format. * 4K upscaling may not apply to PC connection and Game Mode. Only a Samsung account can enable your smart features. Login now! What's the point of a smart TV if you can't enjoy its smart features? Log in to your Sams",Brand: Samsung; SKU: 101742262_NP-1022496195; Smart TV OS: Tizen OS; Tv Resolution: 4K Ultra HD (2160p / 3840x2160); Smart TV: Yes; display_size_tv: 55,Brand: Samsung | SKU: 101742262_NP-1022496195 | Smart TV OS: Tizen OS | Tv Resolution: 4K Ultra HD (2160p / 3840x2160) | Smart TV: Yes | display_size_tv: 55,https://np-live-21.slatic.net/kf/Se4894a1ab46c4984aadf5fec926e0de4Y.jpg,photos\Samsung\101742262-NP-1022496195.jpg,2 Years Brand Warranty,daraz_scrape,9779765985999
Samsung,Television,television,,UA32T4340BKXXL,SAMSUNG UA32H4550 - 32 inch Smart HD LED TV,39990,"Highlights HDR Personal Computer Music System Screen Mirroring Features HD picture quality Enjoy HD TV in Digital era. Once you see high definition of TV with vivid and crisp details, you’ll never look back to standard definition or analog TVs. * Pixel representations on TV screen are simulated scene to help consumers understand. Personal Computer Mode The office in your living room. The Personal Computer mode lets you work from the cloud on presentations, Excel and Word documents. You can also mirror your laptop for a big screen convenience or remotely access your office computer. Another excuse to work from home. Content Guide Your kind of content, ready for you to watch. Discover a new movie or show, every time you turn on your TV. The Content Guide on your Smart TV recommends you the most popular movies and shows across all your apps. Now, spend less time searching for good content and more time enjoying it. Music System Music will never be the same. Play your music with an added touch of style. The Music Player feature turns your Smart TV into a stylish virtual music system. With three different colour tones to choose from, you will be in for a funbelievable visual experience ",Brand: Samsung; SKU: 104816271_NP-1026286578; Display Resolution: 720x1340; Smart TV OS: Tizen OS; TV Technology: HD; Number of USB ports: 1; Tv Resolution: HD Ready (1366 x 768); Number of HDMI Ports: 2; Smart TV: Yes; display_size_tv: 32; Model: UA32T4340BKXXL,Brand: Samsung | SKU: 104816271_NP-1026286578 | Display Resolution: 720x1340 | Smart TV OS: Tizen OS | TV Technology: HD | Number of USB ports: 1 | Tv Resolution: HD Ready (1366 x 768) | Number of HDMI Ports: 2 | Smart TV: Yes | display_size_tv: 32 | Model: UA32T4340BKXXL,https://np-live-21.slatic.net/kf/S0e026afcfc83438bae1b57fcb10b00de4.jpg,photos\Samsung\UA32T4340BKXXL.jpg,3 years full parts warranty,daraz_scrape,9779765985999
Samsung,Television,television,,UA43F5550FUXXL,Samsung 108 cm (43 inches) FHD Smart LED TV UA43F5550FUXXL,54990,"From the manufacturer Previous page Twice the clarity of regular HD TV Your favorite TV programs and movies just got real. Full HD resolution offers twice the resolution of HD TV — making it much richer and clearer Next page High Dynamic Range increases the ratio between the lightest and darkest areas on screen Click to play video Previous page The best of TV. All for free. Dive into a vast collection of shows, movies and other content on Samsung TV Plus. It comes installed for free on your TV — no payment, subscription or setup required Next page Previous page Multiple Voice Assistants Choose the voice assistant you're used to. Pick Bixby or Amazon Alexa to be the voice assistant you use to control your TV Next page Enhanced contrast with rich darkness and brilliant light Highlights: Brand: Samsung | | Model: UA43T5400ARXHE | | Screen Size : 43 (108 cm) | | Smart LED TV : Yes | | 1920 x 1080 Pixels | | Sound : 20 Watts Output | | USB : 1, HDMI : 2 | | Picture Engine: Hyper Real | | Voice Assistant with One Remote Control | | Ultra Pix &amp; HDR (High Dynamic Range) | | 3 years Full services&nbsp; Warranty&nbsp;",Brand: Samsung; SKU: 104784903_NP-1026234538; Smart TV OS: Not Specified; Curved TV: No; TV Technology: LED; Number of USB ports: 2; Tv Resolution: Full HD (1080p / 1920×1080); Smart TV: Yes; display_size_tv: 43; Cinema 3D: No; Model: UA43F5550FUXXL; Warranty Policy EN: 3 years Full Services Warranty,Brand: Samsung | SKU: 104784903_NP-1026234538 | Smart TV OS: Not Specified | Curved TV: No | TV Technology: LED | Number of USB ports: 2 | Tv Resolution: Full HD (1080p / 1920×1080) | Smart TV: Yes | display_size_tv: 43 | Cinema 3D: No | Model: UA43F5550FUXXL | Warranty Policy EN: 3 years Full Services Warranty,https://static-01.daraz.com.np/p/ce612b76be44b0b45d3f79edf892074f.jpg,photos\Samsung\UA43F5550FUXXL.jpg,3 years Full Services Warranty,daraz_scrape,9779765985999
Samsung,Television,HD Smart TV,32 Inch,UA32H4570FUXKL,"Samsung 32"" Smart HD LED TV",38990,"Samsung 32-inch Smart HD LED TV with Wide Color Enhancer Plus, Clear Motion Rate, and built-in WiFi.","Screen: 32 Inch | HD Ready (1366x768) | Smart TV Platform | Wide Color Enhancer | 2x HDMI, 1x USB | 20W Speakers","Screen: 32 Inch | HD Ready (1366x768) | Smart TV Platform | Wide Color Enhancer | 2x HDMI, 1x USB | 20W Speakers",https://images.samsung.com/is/image/samsung/p6pim/in/ua32h4570fuxkl/gallery/in-hd-thumb,,1 Year Comprehensive + 1 Year Additional on Panel,local_price_list,9779765985999
Samsung,Television,HD Smart TV,32 Inch,UA32H4550FUXKL,"Samsung 32"" Smart HD Ready TV",38990,Samsung 32-inch HD Smart TV with Indian Cinema mode and crisp sound output.,"Screen: 32 Inch | HD Ready | Smart Hub | ConnectShare Movie | 2x HDMI, 1x USB | 20W Audio","Screen: 32 Inch | HD Ready | Smart Hub | ConnectShare Movie | 2x HDMI, 1x USB | 20W Audio",https://images.samsung.com/is/image/samsung/p6pim/in/ua32h4550fuxkl/gallery/in-hd-thumb,,1 Year Comprehensive + 1 Year Additional on Panel,local_price_list,9779765985999
Samsung,Television,television,,UA43F5500FUXXL,Samsung 43 Inch Full HD Smart TV UA43F5500FUXXL | HDR 10+ | Tizen OS Smart TV | WiFi & Bluetooth | 2 HDMI 1 USB | Slim Bezel Design | Voice Control | 20W Sound | Screen Mirroring | 3 Years Warranty,68000,"Enjoy immersive entertainment with the Samsung 43 Inch Full HD Smart TV. Featuring HDR 10+ for vivid picture quality, Tizen OS for smooth smart performance, and 20W powerful sound, this TV is perfect for everyday viewing. With built-in WiFi, Bluetooth, screen mirroring, and a slim bezel design, it combines style and functionality. Comes with 3 Years Official Warranty for complete peace of mind. PurColor Fine-tuned color for vibrant, lifelike picture PurColor enables the TV to express a huge range of colors for optimal picture performance for an immersive viewing experience. Smart Hub Discover your favorite content in one place Optimize content curation and discovery, so you spend less time searching and more time streaming movies, games and shows you love. SmartThings Your best home butler Relax and let SmartThings seamlessly connect to, monitor and control all your smart devices to intuitively control your home via a built-in hub. Gaming Experience Motion Xcelerator Smooth motion for a clear picture Experience clear picture and performance. Motion Xcelerator automatically estimates and compensates frames for the source of contents. Auto Low Latency Mode (ALLM) Instantly reacts to ",Brand: Samsung; SKU: 127997331_NP-1035031505; Energy Rating: 5 Star; Display Resolution: FULL HD; Smart TV OS: Tizen OS; Speakers Config: 20 Watt; Refresh Rate: 100 Hz; Tv Resolution: Full HD (1080p / 1920×1080); Smart TV: Yes; display_size_tv: 43; Model: UA43F5500FUXXL,Brand: Samsung | SKU: 127997331_NP-1035031505 | Energy Rating: 5 Star | Display Resolution: FULL HD | Smart TV OS: Tizen OS | Speakers Config: 20 Watt | Refresh Rate: 100 Hz | Tv Resolution: Full HD (1080p / 1920×1080) | Smart TV: Yes | display_size_tv: 43 | Model: UA43F5500FUXXL,https://static-01.daraz.com.np/p/84462ac5ea7cb718563985783a0a208f.png,photos\Samsung\UA43F5500FUXXL.png,3 Years Full warranty Incliding Panel and Mother Board,daraz_scrape,9779765985999
Samsung,Television,television,,UA43U8500F,"Samsung 43 inch Crystal 4K UHD Smart TV - UA43U8500F With Crystal Display, Free Installation & Demonstration And 3 Year Full Product Warranty",74990,"ue Worth Benefit Highlights: 📺 | | 43” Ultra-Crystal 4K UHD Display | | – Cinematic brilliance with lifelike detail. | | | | | | ⚡ | | Next-Gen Crystal 4K Processor | | – AI-driven clarity &amp; flawless upscaling. | | | | | | 🌈 | | HDR10+ &amp; HDR Support | | – Deep contrasts, brighter whites &amp; richer colors. | | | | | | 🎶 | | Adaptive Sound with Q-Symphony | | – Harmonized, theater-like audio immersion. | | | | | | 🎤 | | Voice-Controlled Smart Experience | | – Bixby, Alexa &amp; Google Assistant in one. | | | | | | ☀️ | | Eco-Friendly SolarCell Remote | | – Sleek, sustainable &amp; endlessly rechargeable. | | | | | | 🎮 | | Motion Rate 100 + Auto Motion Plus | | – Ultra-smooth action for sports &amp; gaming. | | | | | | 🖼️ | | AirSlim 3-Bezel-less Design | | – Minimalist elegance that enhances any living space. | | | | | | 📡 | | Future-Ready Connectivity | | – Wi-Fi, Bluetooth 5.2, HDMI (x3), USB &amp; more. | | | | | | ✅ | | Exclusive Samsung Care | | – 3 Years Full Warranty + Free Professional Installation.","Brand: Samsung; SKU: 128174603_NP-1035286360; Display Resolution: 4K (3,840 x 2,160); Smart TV OS: Tizen OS; Tv Resolution: 4K Ultra HD (2160p / 3840x2160); Smart TV: Yes; display_size_tv: 43; Model: UA43U8500F; Warranty Policy EN: 3 years full warranty","Brand: Samsung | SKU: 128174603_NP-1035286360 | Display Resolution: 4K (3,840 x 2,160) | Smart TV OS: Tizen OS | Tv Resolution: 4K Ultra HD (2160p / 3840x2160) | Smart TV: Yes | display_size_tv: 43 | Model: UA43U8500F | Warranty Policy EN: 3 years full warranty",https://static-01.daraz.com.np/p/fec9bd65c7cd34bacf1755a3b4243223.png,photos\Samsung\UA43U8500F.png,3 Years Brand Warranty,daraz_scrape,9779765985999
Samsung,Television,Crystal UHD 4K Smart TV,43 Inch,UA43DU7700RSHE,"Samsung 43"" DU7700 Crystal UHD 4K Smart TV",74990,"Samsung 43-inch DU7700 Crystal 4K Smart TV with PurColor, 4K Upscaling, and Q-Symphony sound.","Screen: 43 Inch | 4K UHD | PurColor | Crystal Processor 4K | 4K Upscaling | Motion Xcelerator | 3x HDMI, 1x USB","Screen: 43 Inch | 4K UHD | PurColor | Crystal Processor 4K | 4K Upscaling | Motion Xcelerator | 3x HDMI, 1x USB",https://images.samsung.com/is/image/samsung/p6pim/in/ua43du7700rshe/gallery/in-uhd-4k-thumb,,1 Year Comprehensive + 1 Year Additional on Panel,local_price_list,9779765985999
Samsung,Television,Crystal UHD 4K Smart TV,43 Inch,UA43DU8500FRSHE,"Samsung 43"" DU8500 Crystal UHD 4K Smart TV",74990,Samsung 43-inch DU8500 Crystal UHD 4K Smart TV with crystal clear colors and ultra slim profile.,Screen: 43 Inch | 4K UHD | Dynamic Crystal Color | Crystal Processor 4K | AirSlim | Solar Remote | Tizen OS,Screen: 43 Inch | 4K UHD | Dynamic Crystal Color | Crystal Processor 4K | AirSlim | Solar Remote | Tizen OS,https://images.samsung.com/is/image/samsung/p6pim/in/ua43du8500frshe/gallery/in-uhd-4k-thumb,,1 Year Comprehensive + 1 Year Additional on Panel,local_price_list,9779765985999
Samsung,Television,Full HD Smart TV,43 Inch,UA43F5550FUXKL,"Samsung 43"" Full HD Smart LED TV",54990,Samsung 43-inch Full HD Smart LED TV with vibrant colors and rich streaming apps.,"Screen: 43 Inch | Full HD | Smart TV Apps | Screen Mirroring | 2x HDMI, 1x USB | Dolby Audio","Screen: 43 Inch | Full HD | Smart TV Apps | Screen Mirroring | 2x HDMI, 1x USB | Dolby Audio",https://images.samsung.com/is/image/samsung/p6pim/in/ua43f5550fuxkl/gallery/in-fhd-thumb,,1 Year Comprehensive + 1 Year Additional on Panel,local_price_list,9779765985999
Samsung,Television,Full HD Smart TV,43 Inch,UA43T5400ARSHE,"Samsung 43"" T5400 Full HD Smart LED TV",63990,"Samsung 43-inch Full HD Smart TV with Ultra Clean View, PurColor, and Personal Computer mode.","Screen: 43 Inch | Full HD (1920x1080) | PurColor | Hyper Real Engine | 20W Dolby Digital Plus Audio | 2x HDMI, 1x USB | Tizen OS","Screen: 43 Inch | Full HD (1920x1080) | PurColor | Hyper Real Engine | 20W Dolby Digital Plus Audio | 2x HDMI, 1x USB | Tizen OS",https://images.samsung.com/is/image/samsung/p6pim/in/ua43t5400arshe/gallery/in-fhd-thumb,,1 Year Comprehensive + 1 Year Additional on Panel,local_price_list,9779765985999
Samsung,Television,Crystal UHD 4K Smart TV,55 Inch,UA55DU8500FRSHE,"Samsung 55"" DU8500 Crystal UHD 4K Smart TV",99990,Samsung 55-inch DU8500 Crystal UHD 4K TV with Dynamic Crystal Color and SolarCell remote.,Screen: 55 Inch | 4K Ultra HD | Dynamic Crystal Color | Crystal Processor 4K | SolarCell Remote | Tizen OS | 3x HDMI,Screen: 55 Inch | 4K Ultra HD | Dynamic Crystal Color | Crystal Processor 4K | SolarCell Remote | Tizen OS | 3x HDMI,https://images.samsung.com/is/image/samsung/p6pim/in/ua55du8500frshe/gallery/in-uhd-4k-thumb,,1 Year Comprehensive + 1 Year Additional on Panel,local_price_list,9779765985999
Samsung,Television,QLED 4K Smart TV,55 Inch,QA55Q60DARSHE,"Samsung 55"" Q60D QLED 4K Smart TV",179990,Samsung 55-inch Q60D 4K QLED Smart TV with 100% Color Volume by Quantum Dot and ultra-slim profile.,Screen: 55 Inch | 4K QLED | Quantum HDR | AirSlim Design | Multi View | Dual LED | SmartThings Hub Built-in,Screen: 55 Inch | 4K QLED | Quantum HDR | AirSlim Design | Multi View | Dual LED | SmartThings Hub Built-in,https://images.samsung.com/is/image/samsung/p6pim/in/qa55q60darshe/gallery/in-qled-4k-thumb,,1 Year Comprehensive + 1 Year Additional on Panel,local_price_list,9779765985999
Samsung,Television,QLED 4K Smart TV,55 Inch,QA55Q8FAARSHE,"Samsung 55"" Q8F QLED 4K Smart TV",182990,"Samsung 55-inch QLED 4K TV with Quantum HDR, Quantum Processor 4K, and immersive OTS sound.",Screen: 55 Inch | 4K QLED | Quantum Processor 4K | OTS Lite | Real Depth Enhancer | SolarCell Remote | Tizen OS,Screen: 55 Inch | 4K QLED | Quantum Processor 4K | OTS Lite | Real Depth Enhancer | SolarCell Remote | Tizen OS,https://images.samsung.com/is/image/samsung/p6pim/in/qa55q8faarshe/gallery/in-qled-4k-thumb,,1 Year Comprehensive + 1 Year Additional on Panel,local_price_list,9779765985999
Samsung,Television,Crystal UHD 4K Smart TV,65 Inch,UA65DU8000RSHE,"Samsung 65"" DU8000 Crystal UHD 4K Smart TV",145990,Samsung 65-inch DU8000 Crystal UHD 4K Smart TV with 1 Billion True Colors and AirSlim aesthetic.,Screen: 65 Inch | 4K Ultra HD | Crystal Processor 4K | Dynamic Crystal Color | HDR10+ | Motion Xcelerator | 20W 2CH Audio,Screen: 65 Inch | 4K Ultra HD | Crystal Processor 4K | Dynamic Crystal Color | HDR10+ | Motion Xcelerator | 20W 2CH Audio,https://images.samsung.com/is/image/samsung/p6pim/in/ua65du8000rshe/gallery/in-uhd-4k-thumb,,1 Year Comprehensive + 1 Year Additional on Panel,local_price_list,9779765985999
Samsung,Television,QLED 4K Smart TV,65 Inch,QA65Q60DARSHE,"Samsung 65"" Q60D QLED 4K Smart TV",250990,"Samsung 65-inch Q60D 4K QLED TV with 100% Color Volume, AirSlim Design, and Solar Remote.",Screen: 65 Inch | 4K QLED (3840x2160) | Quantum HDR | Quantum Processor Lite 4K | Dual LED | Object Tracking Sound Lite | Tizen Smart TV,Screen: 65 Inch | 4K QLED (3840x2160) | Quantum HDR | Quantum Processor Lite 4K | Dual LED | Object Tracking Sound Lite | Tizen Smart TV,https://images.samsung.com/is/image/samsung/p6pim/in/qa65q60darshe/gallery/in-qled-4k-thumb,,1 Year Comprehensive + 1 Year Additional on Panel,local_price_list,9779765985999
Samsung,Television,QLED 4K Smart TV,65 Inch,QA65Q8FAARSHE,"Samsung 65"" Q8F QLED 4K Smart TV",255990,"Samsung 65-inch QLED 4K Smart TV with Direct Full Array, Quantum Processor 4K, and 120Hz Motion Xcelerator Turbo+.",Screen: 65 Inch | 4K QLED | 120Hz Refresh Rate | Direct Full Array | Quantum HDR+ | FreeSync Premium Pro Gaming | Dolby Atmos | 4x HDMI 2.1,Screen: 65 Inch | 4K QLED | 120Hz Refresh Rate | Direct Full Array | Quantum HDR+ | FreeSync Premium Pro Gaming | Dolby Atmos | 4x HDMI 2.1,https://images.samsung.com/is/image/samsung/p6pim/in/qa65q8faarshe/gallery/in-qled-4k-thumb,,1 Year Comprehensive + 1 Year Additional on Panel,local_price_list,9779765985999
Samsung,Television,Crystal UHD 4K Smart TV,75 Inch,UA75DU8000RSHE,"Samsung 75"" DU8000 Crystal UHD 4K Smart TV",286990,Samsung 75-inch Crystal UHD 4K TV with lifelike color realism and ultra thin bezel-less frame.,Screen: 75 Inch | Crystal 4K UHD | Dynamic Crystal Color | AirSlim Design | OTS Lite | Q-Symphony | Tizen Smart Hub,Screen: 75 Inch | Crystal 4K UHD | Dynamic Crystal Color | AirSlim Design | OTS Lite | Q-Symphony | Tizen Smart Hub,https://images.samsung.com/is/image/samsung/p6pim/in/ua75du8000rshe/gallery/in-uhd-4k-thumb,,1 Year Comprehensive + 1 Year Additional on Panel,local_price_list,9779765985999
Samsung,Television,QLED 4K Smart TV,75 Inch,QA75Q7FAARSHE,"Samsung 75"" Q7F QLED 4K Smart TV",289990,"Samsung 75-inch QLED 4K TV featuring Quantum Dot color brilliance, AirSlim profile, and Tizen smart hub.",Screen: 75 Inch | 4K QLED | Quantum HDR | Dual LED Backlight | Object Tracking Sound (OTS Lite) | Q-Symphony | Voice Assistant | Tizen OS,Screen: 75 Inch | 4K QLED | Quantum HDR | Dual LED Backlight | Object Tracking Sound (OTS Lite) | Q-Symphony | Voice Assistant | Tizen OS,https://images.samsung.com/is/image/samsung/p6pim/in/qa75q7faarshe/gallery/in-qled-4k-thumb,,1 Year Comprehensive + 1 Year Additional on Panel,local_price_list,9779765985999
Samsung,Television,Crystal UHD 4K Smart TV,85 Inch,UA85DU8000RSHE,"Samsung 85"" DU8000 Crystal UHD 4K Smart TV",393990,"Samsung 85-inch Crystal UHD 4K TV with Dynamic Crystal Color, Crystal Processor 4K, and AirSlim design.","Screen: 85 Inch | Crystal UHD 4K (3840x2160) | Dynamic Crystal Color | Crystal Processor 4K | HDR10+ | OTS Lite | 3x HDMI, 2x USB","Screen: 85 Inch | Crystal UHD 4K (3840x2160) | Dynamic Crystal Color | Crystal Processor 4K | HDR10+ | OTS Lite | 3x HDMI, 2x USB",https://images.samsung.com/is/image/samsung/p6pim/in/ua85du8000rshe/gallery/in-uhd-4k-thumb,,1 Year Comprehensive + 1 Year Additional on Panel,local_price_list,9779765985999
Samsung,Television,QLED 4K Smart TV,85 Inch,QA85Q7FAARSHE,"Samsung 85"" Q7F QLED 4K Smart TV",399990,"Massive 85-inch Samsung QLED 4K TV with 100% Color Volume with Quantum Dot, Quantum Processor Lite 4K, AirSlim design, and SolarCell Remote.","Screen: 85 Inch | Resolution: 4K Ultra HD (3840x2160) | Quantum HDR | Quantum Processor 4K | Dual LED | OTS Lite Audio | Tizen OS | 3x HDMI, 2x USB","Screen: 85 Inch | Resolution: 4K Ultra HD (3840x2160) | Quantum HDR | Quantum Processor 4K | Dual LED | OTS Lite Audio | Tizen OS | 3x HDMI, 2x USB",https://images.samsung.com/is/image/samsung/p6pim/in/qa85q7faarshe/gallery/in-qled-4k-qa85q7faarshe-thumb,,1 Year Comprehensive + 1 Year Additional on Panel,local_price_list,9779765985999
Samsung,Washing Machine,Front Load Washer Dryer (AI EcoBubble),11 KG Washer / 7 KG Dryer,WD11TP34DSX/FQ,Samsung 11KG AI EcoBubble Front Load Washer Dryer Combo,151990,"Samsung 11KG/7KG Front Load Washer Dryer with AI Control, EcoBubble technology, Hygiene Steam, and Digital Inverter.",Capacity: 11kg Wash / 7kg Dry | AI Control & SmartThings WiFi | EcoBubble Foam Wash | Hygiene Steam 99.9% Sanitization | 1400 RPM | Digital Inverter Motor,Capacity: 11kg Wash / 7kg Dry | AI Control & SmartThings WiFi | EcoBubble Foam Wash | Hygiene Steam 99.9% Sanitization | 1400 RPM | Digital Inverter Motor,https://images.samsung.com/is/image/samsung/p6pim/in/wd11tp34dsx-fq/gallery/in-combo-front-loading-wd11tp34dsx-fq-thumb,,1 Year Comprehensive + 20 Years on Motor,local_price_list,9779765985999
Samsung,Washing Machine,Front Load (AI EcoBubble),12 KG,WW12DG6B24ABIM,Samsung 12KG AI EcoBubble Front Load Washing Machine,120990,"High capacity 12KG Front Load washing machine with AI EcoBubble, SpaceMax, and super speed wash.",Capacity: 12KG | AI EcoBubble | SpaceMax Design | Super Speed 39 Min Wash | Hygiene Steam | 1400 RPM | Digital Inverter,Capacity: 12KG | AI EcoBubble | SpaceMax Design | Super Speed 39 Min Wash | Hygiene Steam | 1400 RPM | Digital Inverter,https://images.samsung.com/is/image/samsung/p6pim/in/ww12dg6b24abim/gallery/in-front-loading-thumb,,1 Year Comprehensive + 20 Years on Motor,local_price_list,9779765985999
Samsung,Washing Machine,Front Load (AI EcoBubble),12 KG,WW12DG5B24AXIM,Samsung 12KG EcoBubble Front Load Washing Machine,114990,Samsung 12KG premium front load washing machine with AI energy management and EcoBubble gentle deep clean.,Capacity: 12KG | EcoBubble | SmartThings Energy Mode | Hygiene Steam | Drum Clean+ | 1400 RPM | Digital Inverter,Capacity: 12KG | EcoBubble | SmartThings Energy Mode | Hygiene Steam | Drum Clean+ | 1400 RPM | Digital Inverter,https://images.samsung.com/is/image/samsung/p6pim/in/ww12dg5b24axim/gallery/in-front-loading-thumb,,1 Year Comprehensive + 20 Years on Motor,local_price_list,9779765985999
Samsung,Washing Machine,Semi-Automatic Top Load,7 KG,WT70C3200LL/TL,Samsung 7KG Semi-Automatic Washing Machine,25990,Samsung 7KG Semi-Automatic Top Load Washing Machine with Air Turbo Drying System and rust-proof body.,Capacity: 7KG | Semi-Automatic | Air Turbo Drying System | Rust-Proof Body | Center Jet Pulsator | Castor Wheels for Mobility,Capacity: 7KG | Semi-Automatic | Air Turbo Drying System | Rust-Proof Body | Center Jet Pulsator | Castor Wheels for Mobility,https://images.samsung.com/is/image/samsung/p6pim/in/wt70c3200ll-tl/gallery/in-semi-automatic-thumb,,1 Year Comprehensive + 5 Years on Motor,local_price_list,9779765985999
Samsung,Washing Machine,Top Load Fully Automatic,8 KG,WA80BG4545BVIM,Samsung 8KG EcoBubble Fully Automatic Top Load Washer,56990,"Samsung 8KG Top Load Washer with EcoBubble, Dual Storm pulsator, and digital inverter.",Capacity: 8KG | EcoBubble | Dual Storm Pulsator | Super Clean Cycle | Smart Check | Soft Close Glass Lid,Capacity: 8KG | EcoBubble | Dual Storm Pulsator | Super Clean Cycle | Smart Check | Soft Close Glass Lid,https://images.samsung.com/is/image/samsung/p6pim/in/wa80bg4545bvim/gallery/in-top-loading-thumb,,1 Year Comprehensive + 20 Years on Motor,local_price_list,9779765985999
Samsung,Washing Machine,Top Load Fully Automatic,8 KG,WA80BG4441BDIM,Samsung 8KG EcoBubble Top Load Washer Dark Grey,49990,"Samsung 8KG Top Load Washer with EcoBubble, Intensive Wash, and Magic Filter.",Capacity: 8KG | EcoBubble | Intensive Wash | Magic Filter | Child Lock | Stainless Steel Tub,Capacity: 8KG | EcoBubble | Intensive Wash | Magic Filter | Child Lock | Stainless Steel Tub,https://images.samsung.com/is/image/samsung/p6pim/in/wa80bg4441bdim/gallery/in-top-loading-thumb,,1 Year Comprehensive + 20 Years on Motor,local_price_list,9779765985999
Samsung,Washing Machine,Top Load Fully Automatic,8 KG,WA80F08S2BIM,Samsung 8KG Top Load Washing Machine Black Inox,56990,Samsung 8KG Fully Automatic Top Load Washing Machine with Wobble technology and soft closing glass door.,Capacity: 8KG | Fully Automatic Top Load | Wobble Technology (Tangle-Free) | Magic Filter | Soft Close Door | Diamond Drum | Digital Inverter,Capacity: 8KG | Fully Automatic Top Load | Wobble Technology (Tangle-Free) | Magic Filter | Soft Close Door | Diamond Drum | Digital Inverter,https://images.samsung.com/is/image/samsung/p6pim/in/wa80f08s2bim/gallery/in-top-loading-thumb,,1 Year Comprehensive + 10 Years on Motor,local_price_list,9779765985999
Samsung,Washing Machine,Top Load Fully Automatic,8 KG,WA40F08D1CIM,Samsung 8KG Top Load Washing Machine Grey,49990,Samsung 8KG fully automatic top load washing machine with Magic Dispenser and Air Turbo drying.,Capacity: 8KG | Top Load Fully Automatic | Magic Dispenser | Air Turbo Drying | Diamond Drum | 6 Wash Programs,Capacity: 8KG | Top Load Fully Automatic | Magic Dispenser | Air Turbo Drying | Diamond Drum | 6 Wash Programs,https://images.samsung.com/is/image/samsung/p6pim/in/wa40f08d1cim/gallery/in-top-loading-thumb,,1 Year Comprehensive + 10 Years on Motor,local_price_list,9779765985999
Samsung,Washing Machine,Front Load (AI EcoBubble),9 KG,WD90T634DBN/SP,Samsung 9KG AI EcoBubble Front Load Washing Machine,132990,"Samsung 9KG Front Load Washing Machine with AI Control, Auto Dispense, and EcoBubble technology in Inox finish.",Capacity: 9KG | AI Control | EcoBubble | Hygiene Steam | Auto Dispense Detergent | 1400 RPM | Digital Inverter,Capacity: 9KG | AI Control | EcoBubble | Hygiene Steam | Auto Dispense Detergent | 1400 RPM | Digital Inverter,https://images.samsung.com/is/image/samsung/p6pim/in/wd90t634dbn-sp/gallery/in-front-loading-thumb,,1 Year Comprehensive + 20 Years on Motor,local_price_list,9779765985999
Samsung,Washing Machine,Front Load (AI EcoBubble),9 KG,WW90DG6U24AXIM,Samsung 9KG AI EcoBubble Front Load Washing Machine Inox,105990,"Samsung 9KG front load washer with AI intelligence, personalized cycles, and EcoBubble foam power.",Capacity: 9KG | AI Control | EcoBubble | Hygiene Steam | Smart Check | Diamond Drum | 1400 RPM,Capacity: 9KG | AI Control | EcoBubble | Hygiene Steam | Smart Check | Diamond Drum | 1400 RPM,https://images.samsung.com/is/image/samsung/p6pim/in/ww90dg6u24axim/gallery/in-front-loading-thumb,,1 Year Comprehensive + 20 Years on Motor,local_price_list,9779765985999
Samsung,Washing Machine,Front Load (AI EcoBubble),9 KG,WW90DG5U24AXIM,Samsung 9KG EcoBubble Front Load Washer,101990,Samsung 9KG Front Load Washing Machine with EcoBubble and Hygiene Steam sanitization.,Capacity: 9KG | EcoBubble | Hygiene Steam | Bubble Soak | Delay End | Child Lock | 1400 RPM,Capacity: 9KG | EcoBubble | Hygiene Steam | Bubble Soak | Delay End | Child Lock | 1400 RPM,https://images.samsung.com/is/image/samsung/p6pim/in/ww90dg5u24axim/gallery/in-front-loading-thumb,,1 Year Comprehensive + 20 Years on Motor,local_price_list,9779765985999
Samsung,Washing Machine,washing machine,9,WW90DG6U24AX/IM,Samsung 9kg AI Wifi Eco bubble Super Spped Front Loading Washing Machine WW90DG5U24AXIM  - Big Digital+Free Air Fryer,101990,"Innovative Features for Hassle-Free Laundry: - Bubble Soak and Bubble Technology: Say goodbye to stubborn stains. The Bubble Soak feature soaks your laundry in bubbles, loosening and removing tough stains effectively. - Child Lock: Keep your little ones safe by activating the Child Lock, preventing accidental button presses during a wash cycle. - Delay End: Enjoy flexibility in your laundry schedule. The Delay End feature lets you set the wash to finish at a time that suits you Versatile Washing Cycles for Every Fabric: - Eco 40-60: Save energy while maintaining washing efficiency with this eco-friendly cycle. - 15-min Quick Wash: When time is of the essence, refresh your clothes in just 15 minutes. - Bedding, Cotton, Colours, Delicates: Tailored cycles for specific fabric types to ensure optimal cleaning and care. - Hygiene Steam: Achieve a deeper clean with the power of steam, perfect for maintaining hygiene in your laundry. - Wool, Synthetics, Intense Cold: Specialized cycles for delicate fabrics and cold-water washing, preserving the integrity of your clothes. Convenience at Your Fingertips: - Smart Check: Diagnose and troubleshoot issues using your smartphone for quick and eff","Brand: Samsung; SKU: 105076943_NP-1026712756; Washing features: Large Capacity,Quick Wash,Extra rinse cycle,Automatic dispenser,Automatic temperature control,Fuzzy Logic,Cotton,Spin dry,Steam washing; Washing Capacity (kg): 9; Drum Type: Diamond; Type of Washing Machine: Front Load; Maximum Spin Speed (RPM): 1400; Top Type: Front Load; Model Name/Number: WW90DG6U24AX/IM; Washing Mode: Energy Saving","Brand: Samsung | SKU: 105076943_NP-1026712756 | Washing features: Large Capacity,Quick Wash,Extra rinse cycle,Automatic dispenser,Automatic temperature control,Fuzzy Logic,Cotton,Spin dry,Steam washing | Washing Capacity (kg): 9 | Drum Type: Diamond | Type of Washing Machine: Front Load | Maximum Spin Speed (RPM): 1400 | Top Type: Front Load | Model Name/Number: WW90DG6U24AX/IM | Washing Mode: Energy Saving",https://static-01.daraz.com.np/p/a6b3c9ea7eb7156250e6c0dff5bbc5d9.png,photos\Samsung\WW90DG6U24AX-IM.png,10 Years Brand Warranty,daraz_scrape,9779765985999
Samsung,Water Dispenser,water dispenser,,USB,Portable Automatic USB Electric Rechargeable Water Dispenser Machine,600,"Product material: ABS plastic +304 stainless steel hard pipeProduct Color: White/Black Product size: 14*8*8cm/5.51*3.15*3.15"" Product weight: 200gPower supply mode: USB power supplyPipe length: 55cm/21.65""The length of the hard pipe of the effluent: 12cm/4.72""Scope of application: automatic extraction of mineral water, beverages and so on by children, elderly people and pregnant women.Applicable occasions: families, hospitals, banks, restaurants, hotels, schools, offices and other high-end establishmentsBPA free drinking water dispenser, food grade silicone hose, 304 stainless steel, high density ABS plastic, no toxic, and no smell.Built in rechargeable 1200mAh battery. Can used for 30-40 days or around 4-6 bottles of 5 gallon water once full charged.The electric pumping device suitable for pure bottled drinking water, suitable for a variety of models gallon barrel without pry the lid. Includes : 1 Piece Water Dispenser Highlights: Product material: ABS plastic +304 stainless steel hard pipe | | Product Color: White/Black | | Product size: 14*8*8cm/5.51*3.15*3.15"" | | Product weight: 200g | | Power supply mode: USB power supply | | Pipe length: 55cm/21.65"" | | The length of the har",Brand: No Brand; SKU: 127668141_NP-1034612698; Number of Filters: 1,Brand: No Brand | SKU: 127668141_NP-1034612698 | Number of Filters: 1,https://np-live-21.slatic.net/kf/S7a7331f8b12d460ca0b2e30e973fdd55h.jpg,photos\Samsung\127668141-NP-1034612698.jpg,"If your product does not come with any warranty, then you can still benefit from our return policy. Please read the return policy conditions here .",daraz_scrape,9779765985999
Samsung,Water Purifier,water purifier,8 L,ALKALINE,"8 Liter RO+UV+UF+ALKALINE+TDS Controller Water Purifier, Model SAPPHIRE-B, 1 Year Warranty",46690,"Brand Kent Capacity 8 Liter VOLTAGE 100–250 V AC Frequency 50–60 Hz Purification Production Rate 20L/hr* Weight Net: 9.4 Kg | Gross: 10 Kg Color Black Highlights: Multi-stage purification: RO + UF + Inline UV + Alkaline + TDS Control + UV LED in tank | | | | | | RO membrane (0.0001 micron) removes heavy metals, salts, pesticides, contaminants | | | | | | TDS controller retains essential natural minerals | | | | | | Alkaline technology increases pH up to ~9.5 for healthier water | | | | | | UV LED keeps stored water bacteria-free | | | | | | Storage capacity: 8 litres; Purification rate: ~20 LPH | | | | | | Works with tap, borewell, tanker, municipal water | | | | | | Fully automatic operation with auto-flush to protect RO membrane | | | | | | Digital indicators for filter life, purity status, and maintenance | | | | | | Wall-mountable, space-saving, sleek ABS body | | | | | | Low power consumption (~60W) | | | | | | Removes bacteria, viruses, dissolved impurities, chemicals, heavy metals; retains natural minerals for taste and health | | | | | | 1 Year Warranty",Brand: kent; SKU: 1511747606_NP-12293259782; Number of Filters: 6; Return Policy: Any return request should be made within 48 hours after the product is delivered.; Warranty Policy EN: 1 year warranty,Brand: kent | SKU: 1511747606_NP-12293259782 | Number of Filters: 6 | Return Policy: Any return request should be made within 48 hours after the product is delivered. | Warranty Policy EN: 1 year warranty,https://static-01.daraz.com.np/p/e5e488dd206c80fb99c67e7947c6ef69.jpg,photos\Samsung\1511747606-NP-12293259782.jpg,1 Year Brand Warranty,daraz_scrape,9779765985999
Samsung,Water Purifier,water purifier,12 L,Samsung-Aqua-Crystal-Plus-Wa,Aqua Crystal Plus Water Purifier/ 12 Ltr Per Hour,25000,"The Aqua Crystal Plus Water Purifier is a high-performance filtration system designed to deliver clean and safe drinking water at a rate of 12 liters per hour . Equipped with advanced purification technology, it effectively removes impurities, sediments, chlorine, and harmful microorganisms to ensure pure, great-tasting water for your home or office. With user-friendly features and low maintenance requirements, this purifier is ideal for everyday use in families of all sizes. Highlights: 💧 | | 12 liters per hour | | purification capacity | | | | | | 🛡 Multi-stage filtration for safer drinking water | | | | | | 🚰 Removes sediments, chlorine &amp; harmful microbes | | | | | | 🧼 Easy to install and maintain | | | | | | 🏠 Suitable for home &amp; office use | | | | | | 💡 Energy-efficient performance | | | | | | ✔ Reliable and consistent water quality",Brand: No Brand; SKU: 1518080522_NP-12339964842; Number of Filters: Not Specified,Brand: No Brand | SKU: 1518080522_NP-12339964842 | Number of Filters: Not Specified,https://np-live-21.slatic.net/kf/S55296294b3234fc5baeb1f3c8c7be12eD.jpg,photos\Samsung\1518080522-NP-12339964842.jpg,"If your product does not come with any warranty, then you can still benefit from our return policy. Please read the return policy conditions here .",daraz_scrape,9779765985999
Skyworth,Air Conditioner,air conditioner,2 Ton / 24000 BTU,SKYWORTH (SMVH24B-5A2A3NN),SKYWORTH Split Inverter 1 ton Air Conditioner (SMVH24B-5A2A3NN),116000,Product details of SKYWORTH Split Inverter 1 ton Air Conditioner (SMVH12B-5A2A3NN) 2.0 Ton Split Air Conditioner Inverter Compressor 10 Years Warranty on Compressor R-32 Ecofriendly Refrigerant Turbo Heating &amp; Cooling Delfin Panel Hidden LED Display Dry Anti-Mildew Design Moisture Protection Intelligent Defrosting Dimensions- Indoor (WxHxD) (mm): 884 x 298 x 205 | Outdoor (WxHxD) (mm): 830 x 540 x 325 Highlights: 2.0 Ton Split Air Conditioner | | Inverter Compressor | | 10 Years Warranty on Compressor | | R-32 Ecofriendly Refrigerant | | Turbo Heating &amp; Cooling | | Delfin Panel | | Hidden LED Display | | Dry Anti-Mildew Design | | Moisture Protection | | Intelligent Defrosting | | Dimensions- Indoor (WxHxD) (mm): 884 x 298 x 205 | Outdoor (WxHxD) (mm): 830 x 540 x 325,Brand: No Brand; SKU: 132753051_NP-1047414422; Power Consumption: 240; Model: SKYWORTH (SMVH24B-5A2A3NN); Inverter: Yes; Kit Included: Yes; type_air_conditioner: Split system 2; air_conditioner_rated_capacity: 2 Ton / 24000 BTU; Connecting Wire: Yes; Room Size: Not Specified,Brand: No Brand | SKU: 132753051_NP-1047414422 | Power Consumption: 240 | Model: SKYWORTH (SMVH24B-5A2A3NN) | Inverter: Yes | Kit Included: Yes | type_air_conditioner: Split system 2 | air_conditioner_rated_capacity: 2 Ton / 24000 BTU | Connecting Wire: Yes | Room Size: Not Specified,https://static-01.daraz.com.np/p/9c9522aebc6639f7fecdcddb86376ff1.jpg,photos\Skyworth\SKYWORTH-SMVH24B-5A2A3NN.jpg,"If your product does not come with any warranty, then you can still benefit from our return policy. Please read the return policy conditions here .",daraz_scrape,9779765985999
Skyworth,Air Conditioner,air conditioner,1 Ton / 12000 BTU,SMFH12B,SKYWORTH Split Non-Inverter 1 ton Air Conditioner (SMFH12B),69000,"Cold in summer, hot in winter Highlights: 1.0 Ton Split Air Conditioner | | On/Off Compressor | | 3 Years&nbsp; Warranty on Compressor | | Turbo Heating &amp; Cooling | | Delfin Panel | | Hidden LED Display | | Dry Anti-Mildew Design | | Moisture Protection | | Intelligent Defrosting | | | | | | Dimensions-&nbsp;Indoor (WxHxD) (mm):&nbsp;792 x 279 x 195 |&nbsp;Outdoor (WxHxD) (mm):&nbsp;830 x 540 x 325",Brand: skyworth; SKU: 124647910_NP-1033854370; Power Consumption: 240; Model: SMFH12B; Inverter: No; Kit Included: Yes; type_air_conditioner: Single Split System; air_conditioner_rated_capacity: 1 Ton / 12000 BTU; Connecting Wire: Yes; Room Size: Not Specified,Brand: skyworth | SKU: 124647910_NP-1033854370 | Power Consumption: 240 | Model: SMFH12B | Inverter: No | Kit Included: Yes | type_air_conditioner: Single Split System | air_conditioner_rated_capacity: 1 Ton / 12000 BTU | Connecting Wire: Yes | Room Size: Not Specified,https://static-01.daraz.com.np/p/9f746ad813d00ccbeae87209a0686cf2.png,photos\Skyworth\SMFH12B.png,1 Year Seller Warranty,daraz_scrape,9779765985999
Skyworth,Air Conditioner,air conditioner,1 Ton / 12000 BTU,SW-AC-SMVH12B-BI,Skyworth 1 Ton Inverter Split Air Conditioner,85000,HIGHLIGHTS Cooling Capacity (W) 3500 Heating Capacity (W) 3500 Compressor Inverter Power Supply (Volt/Hz.) 220-240/ 50 Power Input (Watts) Heating/ Cooling 950/ 1300 Current (Amps) Heating/ Cooling 4.2/ 5.8 Hot & Cold Cooling & Heating PERFORMANCE EER Value 2.7 COP Value 3.7 OPERATION Panel Display Magic Display AIR SWING Auto Air Swing Vertical OTHER FUNCTIONS Moisture Protection Yes I Feel Yes Intelligent Defrosting Yes Eco Mode Yes Auto Restart Yes Auto Clean Yes Dehumidify Yes Dry Anti-Mildew Design Yes DIMENSIONS Indoor (WxHxD) (mm) 792 x 195 x 279 Outdoor (WxHxD) (mm) 729 x 431 x 318 NET WEIGHT Indoor (Kg) 9.0 Outdoor (Kg) 20.0 Highlights: * 1.0 Ton Split Air Conditioner | | * Inverter Compressor | | * Turbo Heating &amp; Cooling | | * I Feel Function | | * LED Display | | * Auto Clean | | * Moisture Protection | | * Intelligent Defrosting | | * 1 Year Full Parts Warranty | | * 10 Years Warranty on Compressor,Brand: skyworth; SKU: 106324023_NP-1028040106; Connecting Wire: Yes; air_conditioner_rated_capacity: 1 Ton / 12000 BTU; type_air_conditioner: Split system 1; Kit Included: Yes; Inverter: Yes; Room Size: 130 SqFt; Power Consumption: 1180; Model: SW-AC-SMVH12B-BI,Brand: skyworth | SKU: 106324023_NP-1028040106 | Connecting Wire: Yes | air_conditioner_rated_capacity: 1 Ton / 12000 BTU | type_air_conditioner: Split system 1 | Kit Included: Yes | Inverter: Yes | Room Size: 130 SqFt | Power Consumption: 1180 | Model: SW-AC-SMVH12B-BI,https://np-live-21.slatic.net/kf/S7b94617676ac4f1598abd4a2f052dc22p.jpg,photos\Skyworth\SW-AC-SMVH12B-BI.jpg,1 Year Brand Warranty,daraz_scrape,9779765985999
Skyworth,Air Conditioner,Budget Inverter Split AC,1.0 Ton,SMVH12B-BI,Skyworth 1.0 Ton Budget Inverter Split AC,85000,Skyworth 1.0 Ton Budget Inverter Split AC with high performance and energy saving.,"Capacity: 1.0 Ton (12,000 BTU) | Smart Inverter | Copper Condenser | Fast Cooling | Eco Mode","Capacity: 1.0 Ton (12,000 BTU) | Smart Inverter | Copper Condenser | Fast Cooling | Eco Mode",https://skyworthnepal.com/wp-content/uploads/2023/08/SMVH12B-BI.jpg,,1 Year Comprehensive + 5 Years on Compressor,local_price_list,9779765985999
Skyworth,Air Conditioner,Inverter Split AC (Hot & Cold),1.0 Ton,SMVH12B-R32,Skyworth 1.0 Ton Inverter Split Air Conditioner (R32),87500,"Skyworth 1.0 Ton Inverter AC with R32, ideal for bedrooms and small offices.","Capacity: 1.0 Ton (12,000 BTU) | Inverter Hot & Cold | R32 Eco Gas | Low Noise 22dB | Sleep Mode","Capacity: 1.0 Ton (12,000 BTU) | Inverter Hot & Cold | R32 Eco Gas | Low Noise 22dB | Sleep Mode",https://skyworthnepal.com/wp-content/uploads/2023/08/SMVH12B-R32.jpg,,1 Year Comprehensive + 5 Years on Inverter Compressor,local_price_list,9779765985999
Skyworth,Air Conditioner,Inverter Split AC (Hot & Cold),1.5 Ton,SMVH18B-R32,Skyworth 1.5 Ton Inverter Split Air Conditioner (R32),121490,"Skyworth 1.5 Ton Full DC Inverter Split AC with R32 refrigerant, high energy savings, and silent operation.","Capacity: 1.5 Ton (18,000 BTU) | Inverter Hot & Cold | R32 | Golden Fin Coils | PM 2.5 Filter | Turbo Mode","Capacity: 1.5 Ton (18,000 BTU) | Inverter Hot & Cold | R32 | Golden Fin Coils | PM 2.5 Filter | Turbo Mode",https://skyworthnepal.com/wp-content/uploads/2023/08/SMVH18B-R32.jpg,,1 Year Comprehensive + 5 Years on Inverter Compressor,local_price_list,9779765985999
Skyworth,Air Conditioner,air conditioner,1.5 Ton / 18000 BTU,AS-18UR4RMSKB00,Skyworth 1.5 Ton Inverter Wall Mount Split Type Air Conditioner,127900,"HIGHLIGHTS Cooling Capacity (W) 5130 Heating Capacity (W) 5270 Compressor Inverter/R-32 Power Supply (Volt/Hz.) 220-240/ 50 Power Input (Watts) Heating/ Cooling 1420/ 1580 Current (Amps) Heating/ Cooling 6.3/ 7.0 Hot & Cold Cooling & Heating PERFORMANCE EER Value 3.25 COP Value 3.71 OPERATION Panel Display Magic Display AIR SWING Auto Air Swing Vertical OTHER FUNCTIONS Moisture Protection Yes Filter Cleaning Reminder Yes Intelligent Defrosting Yes Turbo Cooling/ Heating Yes Auto Restart Yes Self Diagnosis Yes DIMENSIONS Indoor (WxHxD) (mm) 1003 x 310 x 222 Outdoor (WxHxD) (mm) 960 × 700 × 396 NET WEIGHT Indoor (Kg) 14.0 Outdoor (Kg) 43.0 Highlights: FREE INSTALLATION (Extra cost for extra pipe and angle) | | Model - &nbsp; AS-18UR4RNSKB02 | | 1.5 Ton Capacity | | Split Type With Inverter Compressor | | 18000BTU | | Ultra-Wide Frequency Control | | Ultra Quiet, Fast Cooling | | High Efficiency and Energy Saving | | Works in upto 50 Degrees&nbsp; | | TG deluxe panel,&nbsp; | | Works in Low Voltage | | 3m copper pipe | | R32 Gas | | 1 Year Full Product Warranty | | 5 Years Compressor Warranty | | Weight Indoor Unit - 10 kg (12 Kg) | | Weight Outdoor Unit - 30 kg (32 Kg) | | Dimen Indo",Brand: hisense; SKU: 127148416_NP-1034481589; Connecting Wire: Yes; air_conditioner_rated_capacity: 1.5 Ton / 18000 BTU; type_air_conditioner: Split system 1; Kit Included: Yes; Inverter: Yes; Room Size: <30 sq meters; Power Consumption: 1400; Model: AS-18UR4RMSKB00,Brand: hisense | SKU: 127148416_NP-1034481589 | Connecting Wire: Yes | air_conditioner_rated_capacity: 1.5 Ton / 18000 BTU | type_air_conditioner: Split system 1 | Kit Included: Yes | Inverter: Yes | Room Size: <30 sq meters | Power Consumption: 1400 | Model: AS-18UR4RMSKB00,https://np-live-21.slatic.net/kf/S32f6d33e3b6c44b385bf387cab8c89ea4.jpg,photos\Skyworth\AS-18UR4RMSKB00.jpg,1 year,daraz_scrape,9779765985999
Skyworth,Air Conditioner,Non-Inverter Split AC,1.5 Ton,SMFH18B,Skyworth 1.5 Ton Non-Inverter Split AC,97990,Skyworth 1.5 Ton Non-Inverter Split AC with fast cooling and copper condenser.,"Capacity: 1.5 Ton (18,000 BTU) | Non-Inverter | 100% Copper | Turbo Cooling | Anti-Dust Filter","Capacity: 1.5 Ton (18,000 BTU) | Non-Inverter | 100% Copper | Turbo Cooling | Anti-Dust Filter",https://skyworthnepal.com/wp-content/uploads/2023/08/SMFH18B.jpg,,1 Year Comprehensive + 5 Years on Compressor,local_price_list,9779765985999
Skyworth,Air Conditioner,Inverter Split AC (Hot & Cold),2.0 Ton,SMVH24B-R32,Skyworth 2.0 Ton Inverter Split Air Conditioner (R32),155480,"Skyworth 2.0 Ton Full DC Inverter AC with R32 eco refrigerant, 4-way swing, gold fin anti-corrosion, and rapid cooling/heating.","Capacity: 2.0 Ton (24,000 BTU) | Full DC Inverter | Hot & Cold | R32 Eco Gas | Gold Fin Condenser | Self Cleaning | Hidden LED Display","Capacity: 2.0 Ton (24,000 BTU) | Full DC Inverter | Hot & Cold | R32 Eco Gas | Gold Fin Condenser | Self Cleaning | Hidden LED Display",https://skyworthnepal.com/wp-content/uploads/2023/08/SMVH24B-R32.jpg,,1 Year Comprehensive + 5 Years on Inverter Compressor,local_price_list,9779765985999
Skyworth,Air Conditioner,Non-Inverter Split AC,2.0 Ton,SMFH24B,Skyworth 2.0 Ton Non-Inverter Split AC,123490,Skyworth 2.0 Ton heavy-duty Non-Inverter Split AC with high ambient cooling.,"Capacity: 2.0 Ton (24,000 BTU) | Non-Inverter | 100% Copper Tubes | Auto Restart | Blue Fin","Capacity: 2.0 Ton (24,000 BTU) | Non-Inverter | 100% Copper Tubes | Auto Restart | Blue Fin",https://skyworthnepal.com/wp-content/uploads/2023/08/SMFH24B.jpg,,1 Year Comprehensive + 5 Years on Compressor,local_price_list,9779765985999
Skyworth,Air Cooler,air cooler,1 Ton / 12000 BTU,SCVH12AA1NA,SKYWORTH 1 Ton Inverter Ceiling Cassette Air Conditioner,135990,Power supply V/N/Hz 220-240/1/50 Type cassette Power Supply Mode Indoor Control type Remote Cooling Capacity W 3500(600~4200) Power Input W 1250 Rated Current A 5.8 EER W/W 2.8 Heating Capacity W 3600(650~4500) Power Input W 1200 Rated Current A 5.6 COP W/W 3 Max. Input W 2000 Max. Current A 11.5 Compressor Type Rotary Indoor Unit Unit dimension (W*H*D) mm 590×242×590 Outdoor Unit Unit dimension (W*H*D) mm 730×545×255 Ambient temperature range Cooling ℃ 18~48 Heating ℃ -7~24 Warranty 1 Year Full Warranty and 7 Years in Compressor Highlights: 1.0 Ton | | | | | | Inverter Compressor | | | | | | 7 Years Warranty on Compressor | | | | | | 4-Way Airflow Distribution | | | | | | Compact &amp; Space-Saving Design | | | | | | Powerful Cooling &amp; Heating | | | | | | Whisper-Quiet Operation | | | | | | Energy-Efficient Performance | | | | | | Smart Remote Control | | | | | | Eco-Friendly Refrigerant | | | | | | Flexible Installation &amp; Long Piping Reach,"Brand: skyworth; SKU: 396496390_NP-1716376601; Air Conditioner Features: Silent Mode,Fast Cooling,Inverter,Timer,Dehumidifier,Air Direction Control,Auto Cleaning; Connecting Wire: Yes; air_conditioner_rated_capacity: 1 Ton / 12000 BTU; type_air_conditioner: Ceiling (Ducted); Kit Included: Yes; Inverter: Yes; Room Size: Not Specified; Power Consumption: 1200; Model: SCVH12AA1NA","Brand: skyworth | SKU: 396496390_NP-1716376601 | Air Conditioner Features: Silent Mode,Fast Cooling,Inverter,Timer,Dehumidifier,Air Direction Control,Auto Cleaning | Connecting Wire: Yes | air_conditioner_rated_capacity: 1 Ton / 12000 BTU | type_air_conditioner: Ceiling (Ducted) | Kit Included: Yes | Inverter: Yes | Room Size: Not Specified | Power Consumption: 1200 | Model: SCVH12AA1NA",https://static-01.daraz.com.np/p/ec7359059c7acd474fbecd1fdd864ace.png,photos\Skyworth\SCVH12AA1NA.png,1 Year Seller Warranty,daraz_scrape,9779765985999
Skyworth,Air Cooler,air cooler,1.5 Ton / 18000 BTU,SCVH18AA1NA,SKYWORTH 1.5 Ton Inverter Ceiling Cassette Air Conditioner,164990,Power supply V/N/Hz 220-240/1/50 Type cassette Power Supply Mode Indoor Control type Remote Cooling Capacity W 5200(900~6200) Power Input W 1700 Rated Current A 8.0 EER W/W 3.06 Heating Capacity W 5800(1000~7100) Power Input W 1750 Rated Current A 8.2 COP W/W 3.31 Max. Input W 3000 Max. Current A 16 Compressor Type Rotary Indoor Unit Unit dimension (W*H*D) mm 590×242×590 Outdoor Unit Unit dimension (W*H*D) mm 790×560×290 Ambient temperature range Cooling ℃ 18~48 Heating ℃ -7~24 Warranty 1 Year Full Warranty and 7 Years in Compressor Highlights: 1.5 Ton | | | | | | Inverter Compressor | | | | | | 7 Years Warranty on Compressor | | | | | | 4-Way Airflow Distribution | | | | | | Compact &amp; Space-Saving Design | | | | | | Powerful Cooling &amp; Heating | | | | | | Whisper-Quiet Operation | | | | | | Energy-Efficient Performance | | | | | | Smart Remote Control | | | | | | Eco-Friendly Refrigerant | | | | | | Flexible Installation &amp; Long Piping Reach,"Brand: skyworth; SKU: 396518488_NP-1716449166; Air Conditioner Features: Silent Mode,Fast Cooling,Inverter,Timer,Dehumidifier,Air Direction Control,Auto Cleaning; Connecting Wire: Yes; air_conditioner_rated_capacity: 1.5 Ton / 18000 BTU; type_air_conditioner: Ceiling (Ducted); Kit Included: Yes; Inverter: Yes; Room Size: Not Specified; Power Consumption: 1750; Model: SCVH18AA1NA","Brand: skyworth | SKU: 396518488_NP-1716449166 | Air Conditioner Features: Silent Mode,Fast Cooling,Inverter,Timer,Dehumidifier,Air Direction Control,Auto Cleaning | Connecting Wire: Yes | air_conditioner_rated_capacity: 1.5 Ton / 18000 BTU | type_air_conditioner: Ceiling (Ducted) | Kit Included: Yes | Inverter: Yes | Room Size: Not Specified | Power Consumption: 1750 | Model: SCVH18AA1NA",https://static-01.daraz.com.np/p/ec7359059c7acd474fbecd1fdd864ace.png,photos\Skyworth\SCVH18AA1NA.png,1 Year Seller Warranty,daraz_scrape,9779765985999
Skyworth,Air Cooler,air cooler,2 Ton / 24000 BTU,SCVH24AA1NA,SKYWORTH 2 Ton Inverter Ceiling Cassette Air Conditioner,185990,Power supply V/N/Hz 220-240/1/50 Type cassette Power Supply Mode Indoor Control type Remote Cooling Capacity W 7200(1100~8000) Power Input W 2400 Rated Current A 11.6 EER W/W 3.0 Heating Capacity W 8000(1200~9500) Power Input W 2350 Rated Current A 11.3 COP W/W 3.4 Max. Input W 3800 Max. Current A 20.5 Compressor Type Rotary Indoor Unit Unit dimension (W*H*D) mm 830x230x830 Outdoor Unit Unit dimension (W*H*D) mm 790×560×290 Ambient temperature range Cooling ℃ 18~48 Heating ℃ -7~24 Warranty 1 Year Full Warranty and 7 Years in Compressor Highlights: 2.0 Ton | | | | | | Inverter Compressor | | | | | | 7 Years Warranty on Compressor | | | | | | 360 | | ° | | Airflow Distribution | | | | | | Compact &amp; Space-Saving Design | | | | | | Powerful Cooling &amp; Heating | | | | | | Whisper-Quiet Operation | | | | | | Energy-Efficient Performance | | | | | | Smart Remote Control | | | | | | Eco-Friendly Refrigerant | | | | | | Flexible Installation &amp; Long Piping Reach,"Brand: skyworth; SKU: 396535424_NP-1716461256; Air Conditioner Features: Silent Mode,Fast Cooling,Inverter,Timer,Dehumidifier,Air Direction Control,Auto Cleaning; Connecting Wire: Yes; air_conditioner_rated_capacity: 2 Ton / 24000 BTU; type_air_conditioner: Ceiling (Ducted); Kit Included: Yes; Inverter: Yes; Room Size: Not Specified; Power Consumption: 2400; Model: SCVH24AA1NA","Brand: skyworth | SKU: 396535424_NP-1716461256 | Air Conditioner Features: Silent Mode,Fast Cooling,Inverter,Timer,Dehumidifier,Air Direction Control,Auto Cleaning | Connecting Wire: Yes | air_conditioner_rated_capacity: 2 Ton / 24000 BTU | type_air_conditioner: Ceiling (Ducted) | Kit Included: Yes | Inverter: Yes | Room Size: Not Specified | Power Consumption: 2400 | Model: SCVH24AA1NA",https://static-01.daraz.com.np/p/ec7359059c7acd474fbecd1fdd864ace.png,photos\Skyworth\SCVH24AA1NA.png,1 Year Seller Warranty,daraz_scrape,9779765985999
Skyworth,Air Cooler,air cooler,2 Ton / 24000 BTU,SMVH24B-WiFi,SKYWORTH 2 ton Inverter Split Air Conditioner with WiFi,157480,"Cold in Summer, Hot in Winter Highlights: 2.0 Ton Split Air Conditioner | | 10 Years Warranty on Compressor | | WiFi Control | | Inverter Compressor | | R-32 Ecofriendly Refrigerant | | | Turbo Heating &amp; Cooling | | Delfin Panel | | Hidden LED Display | | Dry Anti-Mildew Design | | Moisture Protection | | Intelligent Defrosting",Brand: skyworth; SKU: 133219115_NP-1052614285; Connecting Wire: Yes; air_conditioner_rated_capacity: 2 Ton / 24000 BTU; type_air_conditioner: Single Split System; Kit Included: Yes; Inverter: Yes; Room Size: Not Specified; Power Consumption: 1670; Model: SMVH24B-WiFi,Brand: skyworth | SKU: 133219115_NP-1052614285 | Connecting Wire: Yes | air_conditioner_rated_capacity: 2 Ton / 24000 BTU | type_air_conditioner: Single Split System | Kit Included: Yes | Inverter: Yes | Room Size: Not Specified | Power Consumption: 1670 | Model: SMVH24B-WiFi,https://static-01.daraz.com.np/p/078d59ffa2e01eca15d4bb7498644780.jpg,photos\Skyworth\SMVH24B-WiFi.jpg,1 Year Seller Warranty,daraz_scrape,9779765985999
Skyworth,Microwave Oven,microwave oven,420,SRD-495WTD,SKYWORTH Shiny Steel Color Double Door 420 Ltr Refrigerator Model No. SRD-495WTD,90900,Water Dispenser | | | | | | 10Years Compressor Warranty | | | | | | Multi Air Flow | | | | | | Fresh Room | | | | | | Twist Ice Tray | | | | | | Big Veg Box | | | | | | LED Light,Brand: skyworth; SKU: 119102478_NP-1034409096; Refrigerator Type: Double Door; Net Depth (mm): 678; Net Height (mm): 1750; Refrigerator Capacity (L): 420; Net Width (mm): 724; Inverter type air-conditioner: No; Number of doors: 2; Model: SRD-495WTD,Brand: skyworth | SKU: 119102478_NP-1034409096 | Refrigerator Type: Double Door | Net Depth (mm): 678 | Net Height (mm): 1750 | Refrigerator Capacity (L): 420 | Net Width (mm): 724 | Inverter type air-conditioner: No | Number of doors: 2 | Model: SRD-495WTD,https://static-01.daraz.com.np/p/7d9b3367d183b72d0e5765b67607fb68.jpg,photos\Skyworth\SRD-495WTD.jpg,1 Year Seller Warranty,daraz_scrape,9779765985999
Skyworth,Refrigerator,refrigerator,360 L,SCF 390,SKYWORTH Chest Freezer 360 Liters - SCF 390_Dark Silver,67300,"SKYWORTH 360 Liter Hard Top Chest Freezer (SCF-390) A chest freezer is mainly designed for&nbsp;stocking frozen food products in massive quantities. If you are looking to buy a freezer to store frozen food for days, a chest freezer is all you need a large container operated by electricity, with a lid that opens at the top, that stores food at a very cold temperature so that it freezes and can be kept safely for a long time. Skyworth 360 Ltr Hard Top Chest Freezer is good choice of option. To make it simple, a freezer works by&nbsp;absorbing heat from the food and circulating cold air inside the appliance to keep the temperature conducive for the long-term storage of food. Chest freezers, also known as deep freezers, are less likely to have door storage since the door opens up rather than to the side. With chest freezers, you reach down into the unit to access food items; with upright freezers, you typically access food items on shelves while standing. Highlights: Brand Name : Skyworth&nbsp; | | Model no : SCF 390 | | Anti Scratch Body | | | Dark Silver Body | | Adjustable Thermostat | | Sliding Glass | | Basket | | Handle | | Lock &amp; Key | | Lamp | | Super Thick Foam Layer | | 1",Brand: skyworth; SKU: 133322672_NP-1053291934; Model: SCF 390; Auto Defrost: Not Specified; Freezer Features: Adjustable Shelves; Warranty Policy EN: 1 year Full Service Warranty & 3 Yrs Warranty on Compressor,Brand: skyworth | SKU: 133322672_NP-1053291934 | Model: SCF 390 | Auto Defrost: Not Specified | Freezer Features: Adjustable Shelves | Warranty Policy EN: 1 year Full Service Warranty & 3 Yrs Warranty on Compressor,https://static-01.daraz.com.np/p/c59e412ab98a9a70455f6246a217a7e7.jpg,photos\Skyworth\SCF-390.jpg,1 year Full Service Warranty & 3 Yrs Warranty on Compressor,daraz_scrape,9779765985999
Skyworth,Refrigerator,refrigerator,430,SRM-500CGG,SKYWORTH Multi Door 505 Ltr Refrigerator,155500,Product details of SKYWORTH Multi Door 505 Ltr Refrigerator | | | 10 Years Warranty on Compressor | | Gross:505L | | Multi Door | | Black Glass | | Inverter Compressor | | 4 Star Rating | | High Humidity Preservation System | | Computer Temperature Control | | Glass Shelves | | Rotate Tray | | Smart LED Light,Brand: skyworth; SKU: 129926048_NP-1037779242; Refrigerator Type: Display; Net Depth (mm): 650; Net Height (mm): 1890; Energy Rating: A++; Refrigerator Capacity (L): 430; Net Width (mm): 833; Inverter type air-conditioner: Yes; Warranty Duration: 1Years Full Warranty 10 Years Compresser Warranty; Number of doors: 4 or more; Nofrost system: Frost Free; Model: SRM-500CGG; Warranty Policy EN: 1 Years Full Warranty 10 Years Compresser Warranty,Brand: skyworth | SKU: 129926048_NP-1037779242 | Refrigerator Type: Display | Net Depth (mm): 650 | Net Height (mm): 1890 | Energy Rating: A++ | Refrigerator Capacity (L): 430 | Net Width (mm): 833 | Inverter type air-conditioner: Yes | Warranty Duration: 1Years Full Warranty 10 Years Compresser Warranty | Number of doors: 4 or more | Nofrost system: Frost Free | Model: SRM-500CGG | Warranty Policy EN: 1 Years Full Warranty 10 Years Compresser Warranty,https://static-01.daraz.com.np/p/02f02e8a04ea10de1a5d890b995d1cfc.jpg,photos\Skyworth\SRM-500CGG.jpg,1 Years Full Warranty 10 Years Compresser Warranty,daraz_scrape,9779765985999
Skyworth,Refrigerator,Double Door Frost Free,265 L,SRD-265WTA,Skyworth 265L Double Door Frost Free Refrigerator,55995,Skyworth 265L double door frost free refrigerator with fast chilling compartment and LED lighting.,Capacity: 265L | Double Door | Inverter | Frost Free | Fresh Zone Drawer | Toughened Glass,Capacity: 265L | Double Door | Inverter | Frost Free | Fresh Zone Drawer | Toughened Glass,https://skyworthnepal.com/wp-content/uploads/2023/08/SRD-265WTA.jpg,,1 Year Comprehensive + 10 Years on Compressor,local_price_list,9779765985999
Skyworth,Refrigerator,Double Door Frost Free,325 L,SRD-325WTA,Skyworth 325L Double Door Frost Free Refrigerator,65900,Skyworth 325L double door frost-free refrigerator with inverter compressor and electronic temp control.,Capacity: 325L | Double Door Frost Free | Inverter Compressor | Multi Air Flow | Toughened Glass,Capacity: 325L | Double Door Frost Free | Inverter Compressor | Multi Air Flow | Toughened Glass,https://skyworthnepal.com/wp-content/uploads/2023/08/SRD-325WTA.jpg,,1 Year Comprehensive + 10 Years on Compressor,local_price_list,9779765985999
Skyworth,Refrigerator,refrigerator,430,SRM 510WPB,Skyworth 476 Litres Multi Door Refrigerator With Inverter Compressor,155444,Model - SRM 500CBG | | 430 Litres Capacity | | Black Glass Door Finish | | Multi Door Refrigerator | | Fully Touch Temperature Control | | Smart LED Light | | i-Geek Edge Design | | High Humidity Preservation System | | Inverter Compressor | | Energy Saving | | 1 Year Full Product Warranty | | 10 Years Compressor Warranty,Brand: skyworth; SKU: 124550012_NP-1033830003; Refrigerator Type: French door; Net Depth (mm): 688; Net Height (mm): 1845; Refrigerator Capacity (L): 430; Net Width (mm): 753; Number of doors: 4 or more; Model: SRM 510WPB,Brand: skyworth | SKU: 124550012_NP-1033830003 | Refrigerator Type: French door | Net Depth (mm): 688 | Net Height (mm): 1845 | Refrigerator Capacity (L): 430 | Net Width (mm): 753 | Number of doors: 4 or more | Model: SRM 510WPB,https://np-live-21.slatic.net/kf/S7cc7ab47dd424a41837acd76720d7427p.jpg,photos\Skyworth\SRM-510WPB.jpg,1 Year Brand Warranty,daraz_scrape,9779765985999
Skyworth,Refrigerator,refrigerator,430,SRM 476 WPI,Skyworth 476 Litres Multi Door Refrigerator With Invertor Compressor,145444,* Model - SRM 500CGG | | * 430 Litres Capacity | | * Gold Glass Finish | | * Multi Door Refrigerator | | * Fully Touch Temperature Control | | * Smart LED Light | | * i-Greek Edge Design | | *High Humidity Presservation System | | * Inverter Compressor | | * Energy Saving | | * 1 Year Full Product &amp; 10 Years Compressor Warranty,Brand: skyworth; SKU: 124552034_NP-2214184161; Refrigerator Type: French door; Net Depth (mm): 688; Net Height (mm): 1845; Refrigerator Capacity (L): 430; Net Width (mm): 753; Number of doors: 4 or more; Model: SRM 476 WPI,Brand: skyworth | SKU: 124552034_NP-2214184161 | Refrigerator Type: French door | Net Depth (mm): 688 | Net Height (mm): 1845 | Refrigerator Capacity (L): 430 | Net Width (mm): 753 | Number of doors: 4 or more | Model: SRM 476 WPI,https://np-live-21.slatic.net/kf/S7f846c8f9942486aa37e1d8731a3c17aE.jpg,photos\Skyworth\SRM-476-WPI.jpg,1 Year Brand Warranty,daraz_scrape,9779765985999
Skyworth,Refrigerator,Multi Door Refrigerator,476 L,SRM-476WPB,Skyworth 476L Multi-Door French Inverter Refrigerator (Black Glass),139900,Skyworth 476L 4-Door French Inverter Refrigerator in luxury Black Glass finish with convertible humidity zones.,Capacity: 476L | 4-Door Multi Door | Inverter Compressor | Black Toughened Glass | Dual Cooling Systems | Smart Temperature Sensor,Capacity: 476L | 4-Door Multi Door | Inverter Compressor | Black Toughened Glass | Dual Cooling Systems | Smart Temperature Sensor,https://skyworthnepal.com/wp-content/uploads/2023/08/SRM-476WPB.jpg,,1 Year Comprehensive + 10 Years on Compressor,local_price_list,9779765985999
Skyworth,Refrigerator,Multi Door Refrigerator,476 L,SRM-476WPI,Skyworth 476L Multi-Door French Refrigerator (Inox Silver),139900,Skyworth 476L 4-Door French Refrigerator in Premium Inox finish with metal cooling back.,Capacity: 476L | Multi Door | Inverter | Inox Silver | Metal Tech Cooling | Triple LED Interior Lights,Capacity: 476L | Multi Door | Inverter | Inox Silver | Metal Tech Cooling | Triple LED Interior Lights,https://skyworthnepal.com/wp-content/uploads/2023/08/SRM-476WPI.jpg,,1 Year Comprehensive + 10 Years on Compressor,local_price_list,9779765985999
Skyworth,Refrigerator,Side by Side Refrigerator,501 L,SBS-501WPB,Skyworth 501L Side-by-Side Inverter Refrigerator,130990,"Skyworth 501L Side-by-Side Inverter Refrigerator with Multi Air Flow, external LED touch display, and frost-free cooling.",Capacity: 501L | Side by Side | Inverter Compressor | Multi Air Flow 3D | LED Touch Display | Glass Finish | Super Freeze Mode,Capacity: 501L | Side by Side | Inverter Compressor | Multi Air Flow 3D | LED Touch Display | Glass Finish | Super Freeze Mode,https://skyworthnepal.com/wp-content/uploads/2023/08/SBS-501WPB.jpg,,1 Year Comprehensive + 10 Years on Compressor,local_price_list,9779765985999
Skyworth,Refrigerator,refrigerator,430,SBS500WIM,Skyworth SBS 500WIM 473 Litres Side By Side Inverter Refrigerator,129900,Model - SBS 500WBG | | 430 Litres Capacity | | Black Glass Finish | | Side by Side Refrigerator | | Fully Touch Temperature Control | | High Humidity Preservation System | | Inverter Compressor | | Energy Saving | | Weight - 90 Kg (95 Kg) | | Dimension - 836 x 620 x 1800 | | Package - 90 x 70 x 188,Brand: skyworth; SKU: 125765064_NP-12361585567; Refrigerator Type: Side-by-Side; Net Depth (mm): 620; Net Height (mm): 1800; Refrigerator Capacity (L): 430; Net Width (mm): 836; Number of doors: 2; Model: SBS500WIM,Brand: skyworth | SKU: 125765064_NP-12361585567 | Refrigerator Type: Side-by-Side | Net Depth (mm): 620 | Net Height (mm): 1800 | Refrigerator Capacity (L): 430 | Net Width (mm): 836 | Number of doors: 2 | Model: SBS500WIM,https://np-live-21.slatic.net/kf/S0f3c31c394364f638127f7ff13ed6b1cq.jpg,photos\Skyworth\SBS500WIM.jpg,1 Year Brand Warranty,daraz_scrape,9779765985999
Skyworth,Television,television,,SKYWORTH,SKYWORTH 65 inch 4K UHD Google TV - 65G6500G,146900,"Dimensions (WidthXHeightXDepth):&nbsp;1445 x 840 x 99 (mm) - Without Stand | | | | | | Dimensions (WidthXHeightXDepth):&nbsp;1445 x 923 x 280 (mm) - With Stand | | | | | | 65"" 4K UHD TV | | | | | | Operating System - Google TV&nbsp; | | | | | | 2GB RAM + 16GB ROM | | | | | | HDR 10 &amp; HLG | | | | | | Game Mode | | | | | | Dolby Audio | | | | | | 24W Sound Output | | | | | | Dolby Digital and Digital Plus (Decoder) | | | | | | Find-my Remote | | | | | | Remote Voice Control | | | | | | Bidirectional Bluetooth 5.1 | | | | | | Chrome cast built-in | | | | | | Netflix | | | | | | Prime Video | | | | | | Google Play Store",Brand: skyworth; SKU: 291966057_NP-1349462874; tv_resolution: 4K Ultra HD (2160p / 3840x2160); smart_tv: Yes; smart_tv_os: Android OS; display_size_tv: 65,Brand: skyworth | SKU: 291966057_NP-1349462874 | tv_resolution: 4K Ultra HD (2160p / 3840x2160) | smart_tv: Yes | smart_tv_os: Android OS | display_size_tv: 65,https://static-01.daraz.com.np/p/361df7a2c9a6a55cf70527e732be2c8d.png,photos\Skyworth\291966057-NP-1349462874.png,1 Year Seller Warranty,daraz_scrape,9779765985999
Skyworth,Television,television,,SKYWORTH-2,"SKYWORTH 65SUE9500 QLED 4K/UHD Google Smart TV - 65""",225000,"Model No : 65SUE9500 | | 65"" QLED 4K UHD TV | | Google TV | | Dual Picture Quality Enhancer | | Skyworth 30+ Picture Quality Tuning | | Chameleon Extreme 2.0 | | DOLBY VISION and HDR 10+ | | DOLBY ATMOS Cinematic Sound | | Hands Free Voice Control | | Bidirectional Bluetooth 5.1 | | Dimensions (WidthXHeightXDepth): 1445 x 838 x 98 (mm) | | Flicker Free | | | Boundless Screen | | | Google Assistant [AI] | | Hands-free Voice Control | | 2GB+16GB | | Chromecast built-in | | YouTube | | Netflix | | Prime Video | | Cast Play | | 1 years Full Services Warranty&nbsp;",Brand: skyworth; SKU: 128115369_NP-1035186595; smart_tv_os: Android OS; tv_resolution: 4K Ultra HD (2160p / 3840x2160); smart_tv: Yes; display_size_tv: 65; Warranty Policy EN: 1 years Full Services Warranty,Brand: skyworth | SKU: 128115369_NP-1035186595 | smart_tv_os: Android OS | tv_resolution: 4K Ultra HD (2160p / 3840x2160) | smart_tv: Yes | display_size_tv: 65 | Warranty Policy EN: 1 years Full Services Warranty,https://static-01.daraz.com.np/p/136b042fe2655af07897cb707264f906.jpg,photos\Skyworth\128115369-NP-1035186595.jpg,1 years Full Services Warranty,daraz_scrape,9779765985999
Skyworth,Television,television,,32STD2000,"SKYWORTH HD Television 32""( 32 inch LED TV ) 32STD2000",30900,"Product details of SKYWORTH HD Television 32""( 32 inch LED TV ) 32STD2000 | | | Product Type: LED TV | | Brand: Skyworth | | Model No: 32STD2000 | | Display Size: 32” | | Resolution: 1366 × 768 pixels | | Frameless Design LED TV | | 2 HDMI, 1 USB | | Brightness -200 nits refresh rate 60HZ | | Parental control ON/OFF/Sleep timer | | TV Receiving System ATV/DVB-T/T2 | | Audio Power Output 2 x 6W | | Dimensions: H732 x W498 x D122mm | | Weight: 4.74Kg",Brand: skyworth; SKU: 129955806_NP-1037829670; Tv Resolution: HD Ready (1366 x 768); Display Size (inches): 32; Number of USB ports: 1; Number of HDMI Ports: 2; Model: 32STD2000; Refresh Rate: 60 Hz; Smart TV: No; smart_tv_os: Not Specified; Warranty Policy EN: 1 YEAR FULL WARRANTY AND 1 YEAR SERVICE WARRANTY,Brand: skyworth | SKU: 129955806_NP-1037829670 | Tv Resolution: HD Ready (1366 x 768) | Display Size (inches): 32 | Number of USB ports: 1 | Number of HDMI Ports: 2 | Model: 32STD2000 | Refresh Rate: 60 Hz | Smart TV: No | smart_tv_os: Not Specified | Warranty Policy EN: 1 YEAR FULL WARRANTY AND 1 YEAR SERVICE WARRANTY,https://static-01.daraz.com.np/p/6c08e65110e892d50c38555ba42c41ce.jpg,photos\Skyworth\32STD2000.jpg,1 YEAR FULL WARRANTY AND 1 YEAR SERVICE WARRANTY,daraz_scrape,9779765985999
Skyworth,Television,Full HD Smart TV,43 Inch,43STE6600 / 43E6600H,"Skyworth 43"" Full HD Google Smart TV",69900,Skyworth 43-inch FHD Google Smart TV with Trochilus Extreme picture engine and Dolby Audio.,"Screen: 43 Inch | Full HD (1920x1080) | Google TV OS | Boundless Screen | 2x HDMI, 2x USB","Screen: 43 Inch | Full HD (1920x1080) | Google TV OS | Boundless Screen | 2x HDMI, 2x USB",https://skyworthnepal.com/wp-content/uploads/2023/08/43STE6600.jpg,,1 Year Comprehensive + 2 Years on Panel,local_price_list,9779765985999
Skyworth,Television,television,,50SUE9350F,Skyworth 50 Inch  4K UHD Smart Google TV LED - 50SUE9350F,104500,"From the manufacturer Highlights: Model - 50SCU9350F | | 50"" Full Screen Smart 4K UHD TV | | The Latest Android OS Android 10 | | Boundless Screen | | Chromecast Built-in | | Infinity Screen | | 4K AIPQ image quality adjustment | | Infinity screen 3 | | HDR10+ Colorful vision | | Chameleon Extreme 2.0 | | | HDR 10+ Colorful Vision | | Dolby Audio | | Game Mode Sports Mode | | Google Play, Netflix, YouTube, Amazon Prime | | Dual-Band Wifi 2.4G+5G | | 2GB RAM 8GB ROM | | HDR Bluetooth 3 HDMI 2 USB | | Product Dimensions ‏ : ‎&nbsp;111.3 x 23.7 x 71.2 cm; 9 kg | | 1 years Full Services Warranty&nbsp; &amp; 2 years Warranty on TV panel&nbsp;",Brand: No Brand; SKU: 133226165_NP-1052622486; tv_resolution: 4K Ultra HD (2160p / 3840x2160); display_size_tv: 50; Model: 50SUE9350F; smart_tv_os: Android OS; smart_tv: Yes; Warranty Policy EN: 1 years Full Services Warranty  & 2 years Warranty on TV panel,Brand: No Brand | SKU: 133226165_NP-1052622486 | tv_resolution: 4K Ultra HD (2160p / 3840x2160) | display_size_tv: 50 | Model: 50SUE9350F | smart_tv_os: Android OS | smart_tv: Yes | Warranty Policy EN: 1 years Full Services Warranty  & 2 years Warranty on TV panel,https://static-01.daraz.com.np/p/62f69297007bd9205fade173db4f4cf3.jpg,photos\Skyworth\50SUE9350F.jpg,1 years Full Services Warranty & 2 years Warranty on TV panel,daraz_scrape,9779765985999
Skyworth,Television,4K UHD Smart TV,55 Inch,55SUE9350F / 55G6400G,"Skyworth 55"" 4K UHD Google TV",100900,Skyworth 55-inch 4K Google TV with Eye Care Flicker-Free technology and HDR10.,Screen: 55 Inch | 4K UHD | Google TV | Eye Care / Low Blue Light | Dolby Audio | 3x HDMI,Screen: 55 Inch | 4K UHD | Google TV | Eye Care / Low Blue Light | Dolby Audio | 3x HDMI,https://skyworthnepal.com/wp-content/uploads/2023/08/55G6400G.jpg,,1 Year Comprehensive + 2 Years on Panel,local_price_list,9779765985999
Skyworth,Television,QLED 4K Smart TV,55 Inch,55Q6500G,"Skyworth 55"" QLED 4K Google Smart TV",124900,"Skyworth 55-inch QLED 4K Google TV with vivid colors, Dolby Atmos acoustics, and Google Assistant.",Screen: 55 Inch | 4K QLED | Google TV | Dolby Vision | Chameleon Extreme AI | 3x HDMI | Bluetooth 5.1,Screen: 55 Inch | 4K QLED | Google TV | Dolby Vision | Chameleon Extreme AI | 3x HDMI | Bluetooth 5.1,https://skyworthnepal.com/wp-content/uploads/2023/08/55Q6500G.jpg,,1 Year Comprehensive + 2 Years on Panel,local_price_list,9779765985999
Skyworth,Television,4K UHD Smart TV,65 Inch,65G6500G,"Skyworth 65"" 4K UHD Google Smart TV",139900,Skyworth 65-inch 4K Ultra HD Google Smart TV with boundless screen and rich app ecosystem.,Screen: 65 Inch | 4K UHD | Google TV | Dolby Audio | Chromecast | 2GB RAM / 16GB ROM,Screen: 65 Inch | 4K UHD | Google TV | Dolby Audio | Chromecast | 2GB RAM / 16GB ROM,https://skyworthnepal.com/wp-content/uploads/2023/08/65G6500G.jpg,,1 Year Comprehensive + 2 Years on Panel,local_price_list,9779765985999
Skyworth,Television,QLED 4K Smart TV,65 Inch,65Q6500G,"Skyworth 65"" QLED 4K Google Smart TV",185000,"Skyworth 65-inch QLED 4K Smart Google TV with Quantum Dot color, 120Hz DLG gaming mode, and studio sound.",Screen: 65 Inch | 4K QLED | Google TV | 120Hz DLG | Dolby Atmos | Eye Care Display | Dual Band WiFi,Screen: 65 Inch | 4K QLED | Google TV | 120Hz DLG | Dolby Atmos | Eye Care Display | Dual Band WiFi,https://skyworthnepal.com/wp-content/uploads/2023/08/65Q6500G.jpg,,1 Year Comprehensive + 2 Years on Panel,local_price_list,9779765985999
Skyworth,Television,television,,75SUE9500,Skyworth 75 Inch QLED Google TV UHD 4K HDR10+ Dolby Vision Smart TV - 75SUE9500,325000,"SKYWORTH SUE9500 QLED SERIES Enjoy the world of natural colours The Skyworth SUE9500 QLED Series Smart TV delivers stunning picture quality with its Quantum Dot technology. Enjoy a smooth and responsive viewing experience with Skyworth Google TV and noise Free technology. Upgrade your audio experience with Bidirectional Bluetooth 5.1, and see every detail in your favorite HDR content with HDR10+ and Dolby Vision support. And with Dolby Atmos, you'll be transported to the center of the action with immersive surround sound. The SUE9500 QLED Series' 4.0 Boundless Screen maximizes your viewing area, providing a truly cinematic experience. Capture Nature's Essence with Stunning Clarity Magnify the Beauty of Nature Cinematic Masterpiece: Quantum Dot, Google TV, HDR10+, Dolby Vision, Dolby Atmos, Boundless Screen Make-up Artist for Picture Enhancing QLED Pro is a new generation of QLED TV with dual picture quality enhancer. Like a make-up artist, SUE9500's superb picture-enhancing engine display every moment of the beauty. Experience Precise Reality Powered by the new generation of QD technology, SUE9500 with 1.05 billion colors, 93% DCI-P3 &amp; 47% color refiner improves each frame accu",Brand: skyworth; SKU: 133194696_NP-1052576606; tv_resolution: 4K Ultra HD (2160p / 3840x2160); display_size_tv: 75; Model: 75SUE9500; Electronics Features: QLED; smart_tv_os: Tizen OS; smart_tv: Yes; Warranty Policy EN: 1 year Full Service Warranty & 2 years Warranty on Tv Panel,Brand: skyworth | SKU: 133194696_NP-1052576606 | tv_resolution: 4K Ultra HD (2160p / 3840x2160) | display_size_tv: 75 | Model: 75SUE9500 | Electronics Features: QLED | smart_tv_os: Tizen OS | smart_tv: Yes | Warranty Policy EN: 1 year Full Service Warranty & 2 years Warranty on Tv Panel,https://static-01.daraz.com.np/p/0677942d39a2374164ee0a482ae548ac.jpg,photos\Skyworth\75SUE9500.jpg,1 year Full Service Warranty & 2 years Warranty on Tv Panel,daraz_scrape,9779765985999
Skyworth,Television,4K UHD Smart TV,75 Inch,75G6500G,"Skyworth 75"" 4K UHD Google Smart TV",237000,Skyworth 75-inch 4K Google TV with Boundless 4.0 frame and HDR10+ support.,"Screen: 75 Inch | 4K UHD (3840x2160) | Google TV | HDR10+ | Dolby Digital | 3x HDMI, 2x USB","Screen: 75 Inch | 4K UHD (3840x2160) | Google TV | HDR10+ | Dolby Digital | 3x HDMI, 2x USB",https://skyworthnepal.com/wp-content/uploads/2023/08/75G6500G.jpg,,1 Year Comprehensive + 2 Years on Panel,local_price_list,9779765985999
Skyworth,Television,QLED 4K Smart TV,75 Inch,75Q6500G,"Skyworth 75"" QLED 4K Google Smart TV",275000,"Skyworth 75-inch QLED 4K Google TV with Chameleon Extreme 2.0 AI picture engine, Dolby Vision & Atmos, and Far-field voice control.","Screen: 75 Inch | 4K QLED | Google TV | Dolby Vision & Dolby Atmos | Boundless Screen 4.0 | 2GB RAM / 16GB ROM | 3x HDMI, 2x USB","Screen: 75 Inch | 4K QLED | Google TV | Dolby Vision & Dolby Atmos | Boundless Screen 4.0 | 2GB RAM / 16GB ROM | 3x HDMI, 2x USB",https://skyworthnepal.com/wp-content/uploads/2023/08/75Q6500G.jpg,,1 Year Comprehensive + 2 Years on Panel,local_price_list,9779765985999
Skyworth,Washing Machine,washing machine,8,F80465VB,SKYWORTH 8 KG Front Loading Fully Automatic Washing Machine with Inverter Motor (F80465VB),69900,HIGHLIGHTS Capacity (Kg) 8.0 Display Touch LED Display Pause and Add Yes Color Silver GENERAL SPECIFICATIONS Temperature Range Cold/20/40/60/90℃ Auto Restart Yes Spin Speeds (rpm) 1400 Water Feed (Hot/Cold) Cold Only Door Switch Type Auto Door Door Cover Glass WASH PROGRAMS Cotton Yes Mix Yes Eco 40-60 Yes Storm Wash Yes Sports Yes Baby Care Yes Steam Yes Quick 15 Yes Wool Yes Quick 42 Yes Rinse+Spin Yes Duvet Yes Tub Clean Yes Spin Yes Delicate Yes 20℃ Yes DIMENSIONS Height (mm) 850 Width (mm) 595 Depth (mm) 510 Highlights: Product details of SKYWORTH 8 KG Front Loading Fully Automatic Washing Machine with Inverter Motor (F80465VB) | | | 8.0Kg Front Load Washing Machine | | 10 Years Warranty on Motor | | Touch LED Display | | 1400 RPM | | BLDC Inverter Motor | | Intelligent Washing System | | Auto Balance | | Load Detection | | Foam Sensing and Removal,Brand: skyworth; SKU: 130001678_NP-1037871862; Washing Capacity (kg): 8; Drum Type: Steel; Type of Washing Machine: Front Load; Maximum Spin Speed (RPM): 1400; Top Type: Front Load; Model Name/Number: F80465VB; Warranty Policy EN: 1 YEAR FULL WARRANTY AND 10 YEARS ON MOTOR,Brand: skyworth | SKU: 130001678_NP-1037871862 | Washing Capacity (kg): 8 | Drum Type: Steel | Type of Washing Machine: Front Load | Maximum Spin Speed (RPM): 1400 | Top Type: Front Load | Model Name/Number: F80465VB | Warranty Policy EN: 1 YEAR FULL WARRANTY AND 10 YEARS ON MOTOR,https://static-01.daraz.com.np/p/17e506ea8a6ac7ad46dad7203931ddca.jpg,photos\Skyworth\F80465VB.jpg,1 YEAR FULL WARRANTY AND 10 YEARS ON MOTOR,daraz_scrape,9779765985999
Skyworth,Washing Machine,washing machine,8,WM F8014DSDN,SKYWORTH 8 Kg Direct Drive Front Loading Washing Machine F8014DSDN,82990,Model - F8014GRD | | Capacity - 8 Kg&nbsp; | | Shinning Grey Color | | 1400 RPM | | 7 Motion Wash Technology | | Inverter Direct Drive Motor | | Full Touch Led Display | | 1 Year Full Product Warranty | | 10 Years Motor Warranty | | Weight - 63 Kg (66 kg) | | Dimension - 60 x 62 x 80 | | Package - 60 x 64 x 86,Brand: skyworth; SKU: 121802621_NP-2214187695; Washing Capacity (kg): 8; Drum Type: Steel; Type of Washing Machine: Front Load; Maximum Spin Speed (RPM): 1400; Top Type: Front Load; Model Name/Number: WM F8014DSDN,Brand: skyworth | SKU: 121802621_NP-2214187695 | Washing Capacity (kg): 8 | Drum Type: Steel | Type of Washing Machine: Front Load | Maximum Spin Speed (RPM): 1400 | Top Type: Front Load | Model Name/Number: WM F8014DSDN,https://np-live-21.slatic.net/kf/Sb8b1f6ff9afb450ead63145137aa5b50t.jpg,photos\Skyworth\WM-F8014DSDN.jpg,1 Year Brand Warranty,daraz_scrape,9779765985999
Skyworth,Washing Machine,washing machine,8,F8012GRD,Skyworth  F8012GRD 8 Kg Direct Drive Front Loading Washing Machine,86500,HIGHLIGHTS Capacity (Kg) 8.0 Inverter Direct Drive Motor Yes 7 Motion Yes Pause and Add Yes Display Digital LED Display Color Silver GENERAL SPECIFICATIONS Temperature Range Cold/20/40/60/90 Auto Restart Yes Spin Speeds (rpm) 1200 Water Feed (Hot/Cold) Cold Only Door Switch Type Auto Door Door Cover Plastic WASH PROGRAMS Cotton Yes Mix Yes Eco Yes Synthetic Yes Sports Yes Baby Care Yes Delicate Yes Quick 15' Yes Quick 42' Yes Wool Yes Duvet Yes Rinse+Spin Yes Spin Yes Tub Clean Yes WARRANTY Motor Warranty 10 Years DIMENSIONS Height (mm) 850 Width (mm) 595 Depth (mm) 600 Highlights: Model No : F8012GRD | | 7 Motion Wash Technology | | | Inverter Direct Drive Motor | | 1200 RPM | | Auto Restart | | Digital LED Display | | Black Control Panel | | Tub Clean | | Start/Pause Indication | | Full Touch Led Display | | Free Installation | | You can call this Number 5005004/9869258898 to install the product | | 1 Year Full Product Warranty | | 10 Years Motor Warranty | | Weight - 63 Kg (66 kg) | | Dimension - 60 x 62 x 80 | | Package - 60 x 64 x 86,"Brand: skyworth; SKU: 128111004_NP-1035184119; Model Name/Number: F8012GRD; Type of Washing Machine: Front Load; Top Type: Front Load; Drum Type: Steel; Maximum Spin Speed (RPM): 1200; Washing Capacity (kg): 8; Washing features: Cotton,Spin dry,Quick Wash; Washing Mode: Spin; Warranty Policy EN: 1 Year Full Product Warranty &10 Years Motor Warranty","Brand: skyworth | SKU: 128111004_NP-1035184119 | Model Name/Number: F8012GRD | Type of Washing Machine: Front Load | Top Type: Front Load | Drum Type: Steel | Maximum Spin Speed (RPM): 1200 | Washing Capacity (kg): 8 | Washing features: Cotton,Spin dry,Quick Wash | Washing Mode: Spin | Warranty Policy EN: 1 Year Full Product Warranty &10 Years Motor Warranty",https://static-01.daraz.com.np/p/79dadf867d7dc1ad95a39339b422819f.png,photos\Skyworth\F8012GRD.png,1 Year Full Product Warranty &10 Years Motor Warranty,daraz_scrape,9779765985999
Skyworth,Washing Machine,washing machine,10,WM F10262RB,Skyworth 10 Kg BLDC Inverter Front Loading Fully Automatic Washing Machine,87900,Model - F1026 2RB | | 10 Kg Capacity | | Elegant Gre Color | | 1400 RPM Max Spinning | | Touch LED Screen Display | | BLDC Inverter Motor | | 7 Motion Wash Technology | | Intelligent Washing System | | Auto Balance | | Load Detection | | Foam Sensing and Removal | | Temp Range Cold 20/40/60/90℃ | | Auto Restart | | 15 Wash Programmes | | Water Feed Hot &amp; Cold | | 1 Year Full Product Warranty | | 10 Years Motor Warranty,"Brand: skyworth; SKU: 463179456_NP-2076355190; Washing features: Cotton,Large Capacity,Spin dry,Quick Wash,Ultra White,Automatic temperature control,Fuzzy Logic; Washing Capacity (kg): 10; Drum Type: Steel; Type of Washing Machine: Front Load; Maximum Spin Speed (RPM): 1400; Top Type: Front Load; Model Name/Number: WM F10262RB","Brand: skyworth | SKU: 463179456_NP-2076355190 | Washing features: Cotton,Large Capacity,Spin dry,Quick Wash,Ultra White,Automatic temperature control,Fuzzy Logic | Washing Capacity (kg): 10 | Drum Type: Steel | Type of Washing Machine: Front Load | Maximum Spin Speed (RPM): 1400 | Top Type: Front Load | Model Name/Number: WM F10262RB",https://np-live-21.slatic.net/kf/S0394603f77114d5fb5cc4e1396269dd3G.jpg,photos\Skyworth\WM-F10262RB.jpg,1 Year Brand Warranty,daraz_scrape,9779765985999
Skyworth,Washing Machine,Front Load BLDC Inverter,10 KG,F10262RB,Skyworth 10KG BLDC Inverter Front Load Washer,87900,Skyworth 10KG Inverter Front Load Washing Machine with quick wash and anti-wrinkle cycle.,Capacity: 10KG | BLDC Inverter | 1200 RPM | 15 Min Quick Wash | Delay Start,Capacity: 10KG | BLDC Inverter | 1200 RPM | 15 Min Quick Wash | Delay Start,https://skyworthnepal.com/wp-content/uploads/2023/08/F10262RB.jpg,,1 Year Comprehensive + 10 Years on Motor,local_price_list,9779765985999
Skyworth,Washing Machine,Front Load Direct Drive,10 KG,F1014GRDN,Skyworth 10KG Direct Drive Front Load Washing Machine,113835,"Skyworth 10KG Direct Drive Front Load Washer with BLDC Inverter Motor, steam wash sanitization, and 1400 RPM spin.",Capacity: 10KG | Direct Drive BLDC Inverter Motor | 1400 RPM | Steam Wash | Drum Clean | 16 Wash Programs,Capacity: 10KG | Direct Drive BLDC Inverter Motor | 1400 RPM | Steam Wash | Drum Clean | 16 Wash Programs,https://skyworthnepal.com/wp-content/uploads/2023/08/F1014GRDN.jpg,,1 Year Comprehensive + 10 Years on Direct Drive Motor,local_price_list,9779765985999
Skyworth,Washing Machine,Front Load BLDC Inverter,12 KG,F12462GB,Skyworth 12KG BLDC Inverter Front Load Washer,99900,Skyworth 12KG Large Capacity Front Load Washer with BLDC Inverter motor and honeycomb drum.,Capacity: 12KG | BLDC Inverter Motor | 1400 RPM | High Efficiency Energy Rating | Child Lock,Capacity: 12KG | BLDC Inverter Motor | 1400 RPM | High Efficiency Energy Rating | Child Lock,https://skyworthnepal.com/wp-content/uploads/2023/08/F12462GB.jpg,,1 Year Comprehensive + 10 Years on Motor,local_price_list,9779765985999
Skyworth,Washing Machine,Front Load Washer,7 KG,F70265AB-2,Skyworth 7KG Front Load Automatic Washer,58700,Skyworth 7KG front load automatic washing machine with multiple fabric care programs.,Capacity: 7KG | Front Load | 1000 RPM | 12 Wash Cycles | Stainless Steel Drum,Capacity: 7KG | Front Load | 1000 RPM | 12 Wash Cycles | Stainless Steel Drum,https://skyworthnepal.com/wp-content/uploads/2023/08/F70265AB.jpg,,1 Year Comprehensive + 5 Years on Motor,local_price_list,9779765985999
Skyworth,Washing Machine,Front Load BLDC Inverter,8 KG,F80465VB / F80465EB,Skyworth 8KG BLDC Inverter Front Load Washer,67990,Skyworth 8KG front load automatic washer with silent inverter drive and pearl drum.,Capacity: 8KG | BLDC Inverter | 1200 RPM | Temperature Selection | Self Clean,Capacity: 8KG | BLDC Inverter | 1200 RPM | Temperature Selection | Self Clean,https://skyworthnepal.com/wp-content/uploads/2023/08/F80465VB.jpg,,1 Year Comprehensive + 10 Years on Motor,local_price_list,9779765985999
Skyworth,Washing Machine,Front Load Direct Drive,8 KG,F8014DSDN,Skyworth 8KG Direct Drive Front Load Washer,86500,Skyworth 8KG Direct Drive Front Load Washer with ultra-quiet operation and intelligent load balancing.,Capacity: 8KG | Direct Drive BLDC Motor | 1400 RPM | Steam Allergy Care | LED Touch Control,Capacity: 8KG | Direct Drive BLDC Motor | 1400 RPM | Steam Allergy Care | LED Touch Control,https://skyworthnepal.com/wp-content/uploads/2023/08/F8014DSDN.jpg,,1 Year Comprehensive + 10 Years on Motor,local_price_list,9779765985999
Videocon,Air Conditioner,air conditioner,1 Ton / 12000 BTU,KAC-12GHA_N,Videocon  KAC-12GHA_N 1ton  Cooling &  Heating Split Wall Mount  Air Conditioner,60000,Videocon Air Conditioner 1 Ton Type Heating and Cooling Rated Capacity Cooling Btu 12000 Rated Capacity Heating Btu 12000 Rated Power Consumption Cooling W 1280 Rated Power Consumption Heating W 1110 Rated Running Current Cooling A 5.6 Rated Running Current Heating A 4.9 Max. Input Power W 2000 Max. Input Current A 10.5 EER Cooling W/W 2.75 COP Heating W/W 3.17 Power supply source V/Ph/Hz 220-240/1/50 Refrigerant R410a Refrigerant Charged g 800 Max. Discharge Pressure Mpa 4.15 Max. Suction Pressure Mpa 1.15 Air Flow Volume m3/h 580 Noise level dB ≤44 Noise level dB ≤55 Indoor unit weight （Net ) Kg 9.5 Outdoor unit weight (Net ) Kg 28 Evaporator Inner-grooved copper Indoor Fan Air circulation (H/M/L) m3/h 620 Indoor Fan Type Cross Flow Indoor Unit Dimension (WxDxH) 800x190x292 Compressor Model /Brand Toshiba Outdoor Dimension (WxDxH) mm 780*245*555 Highlights: Brand Name : Videocon&nbsp; | | Model No : KAC-12GHA_N | | Color: White with Chrome Strip and Carved Design | | Heat &amp; Cold Function | | Toshiba Compressor | | Extreme Silent Working | | Eco &amp; Energy Saving Mode | | Quick Start &amp; Quick cooling/heating | | Dehumidification | | Eco Active Series | | 1 years Full Serv,Brand: videocon; SKU: 127682244_NP-1034627291; Air Conditioner Features: Timer; Connecting Wire: Yes; air_conditioner_rated_capacity: 1 Ton / 12000 BTU; type_air_conditioner: Not Specified; Kit Included: Not Specified; Inverter: No; Room Size: Not Specified; Power Consumption: 2000; Model: KAC-12GHA_N; Warranty Policy EN: 1 years Full Services Warranty   & 3 Year Warranty on  Compressor,Brand: videocon | SKU: 127682244_NP-1034627291 | Air Conditioner Features: Timer | Connecting Wire: Yes | air_conditioner_rated_capacity: 1 Ton / 12000 BTU | type_air_conditioner: Not Specified | Kit Included: Not Specified | Inverter: No | Room Size: Not Specified | Power Consumption: 2000 | Model: KAC-12GHA_N | Warranty Policy EN: 1 years Full Services Warranty   & 3 Year Warranty on  Compressor,https://static-01.daraz.com.np/p/386601030af77f79e16cdd7a6f855b5d.jpg,photos\Videocon\KAC-12GHA-N.jpg,1 years Full Services Warranty & 3 Year Warranty on Compressor,daraz_scrape,9779765985999
Videocon,Air Conditioner,air conditioner,1 Ton / 12000 BTU,AAC-12GHA,"Videocon 1.00 Ton Air Conditioner Cooling + Heating with WIFI , 4D Swing, Golden Fin, R32 Gas",70000,Color: White with Chrome Strip and Carved Design | | Heat &amp; Cold Function | | Stabilizer Free | | &nbsp;Low Noise Operation 18dB | | Vertical &amp; Horizontal Swing | | Heat &amp; Cool Operation | | 7 Stage Filtration with Blue Fin / Gold Fin | | High Efficiency Compressor | | Extreme Silent Working | | Eco &amp; Energy Saving Mode | | Quick Start &amp; Quick cooling/heating | | Dehumidification | | Eco Active Series | | 5 Year Compressor &amp; 1 Year complete Warranty,Brand: videocon; SKU: 103994869_NP-1024768337; Connecting Wire: Yes; air_conditioner_rated_capacity: 1 Ton / 12000 BTU; type_air_conditioner: Single Split System; Kit Included: Yes; Inverter: No; Room Size: 180 SqFt; Power Consumption: 1; Model: AAC-12GHA,Brand: videocon | SKU: 103994869_NP-1024768337 | Connecting Wire: Yes | air_conditioner_rated_capacity: 1 Ton / 12000 BTU | type_air_conditioner: Single Split System | Kit Included: Yes | Inverter: No | Room Size: 180 SqFt | Power Consumption: 1 | Model: AAC-12GHA,https://static-01.daraz.com.np/p/2ef49a8301c4d89dabc5c082d2136c29.jpg,photos\Videocon\AAC-12GHA.jpg,5 Years Compressor & 1 Year Full,daraz_scrape,9779765985999
Videocon,Air Conditioner,air conditioner,1 Ton / 12000 BTU,KAC-12IHA,Videocon 1.00 Ton Dual Inverter Air Conditioner Heat + Cool with Wifi,80000,No. Videocon Inverter AC 12K 1 Type Cooling &amp; Heating 2 Control type Remote 3 Power supply 220V~/50Hz/1P 4 Rated cooling capacity Btu/h 12000（3200~12600） 5 Rated Heating capacity Btu/h 12000（3200~13600） 6 Rated current Cooling A 6.6(1.3~7.3) Heating A 6.7(1.3~7.7) 8 Rated input Cooling W 1450(290～1550) Heating W 1480(290～1650) 10 11 Indoor noise level at cooling High dB(A) 18 12 Outdoor noise level dB(A) 20 13 Connecting Pipe Gas Inches 3/8&#x27;&#x27; Liquid Inches 1/4&#x27;&#x27; 15 Connecting Wiring Size x Core number 4×1.5MM ² 16 Suitable area m 2 17-25 17 Net dimensions (W x H x D) Indoor mm 786×255×199 Outdoor mm 700×287×545 19 Net weight Indoor kg 8 Outdoor kg 25.5 21 Packing dimensions (W x H x D) Indoor mm 860×322×267 Outdoor mm 796×357×592 23 Gross weight Indoor kg 10 Outdoor kg 29.5 27 Motor Rotating Speed RPM Cooling RPM 1200 heating RPM 1150 29 Indoor air circulation/Hi m 3 /h 580 30 Tube Type Triangular inner groove 31 Tube Diameter OD mm mm 7 32 34 Compressor Model 35W26PU (Inverter) 35 Tube Type Triangular inner groove 36 Tube Diameter OD mm mm 7 37 Controlling Refrigerant R410A/650g Highlights: Color: White with Chrome Strip and Carved Design | | | | | | Heat &,Brand: videocon; SKU: 122031516_NP-1033163974; Inverter: Yes; Connecting Wire: Yes; air_conditioner_rated_capacity: 1 Ton / 12000 BTU; Room Size: 150-250 sq meters; type_air_conditioner: Single Split System; Kit Included: Yes; Power Consumption: 1200; Model: KAC-12IHA; Warranty Policy EN: AS PER WARRANTY CARD,Brand: videocon | SKU: 122031516_NP-1033163974 | Inverter: Yes | Connecting Wire: Yes | air_conditioner_rated_capacity: 1 Ton / 12000 BTU | Room Size: 150-250 sq meters | type_air_conditioner: Single Split System | Kit Included: Yes | Power Consumption: 1200 | Model: KAC-12IHA | Warranty Policy EN: AS PER WARRANTY CARD,https://static-01.daraz.com.np/p/4b54eb1e1c586cd042a1a9eec3607aa7.jpg,photos\Videocon\KAC-12IHA.jpg,10 Years Brand Warranty,daraz_scrape,9779765985999
Videocon,Air Conditioner,air conditioner,1.5 Ton / 18000 BTU,1.5 Ton,Videocon 1.5 Ton Air Conditioner Non Inverter Cooling + Heating,85000,Item&nbsp; Product&nbsp; 18K Model No KAC-18GHA-N &nbsp; 1.5 TON &nbsp; &nbsp; Cool/Heat Heaat Pump Climate T1 Power 220-240V/50HZ/1P Type On/Off General&nbsp; &nbsp;Cooling Rated Capacity&nbsp; Btu/h 18000 Power Input&nbsp; W 1840 Rated Current&nbsp; A 8.21 Rated EER&nbsp; W/W 2.78 Heating Rated Capacity&nbsp; Btu/h 18000 Power Input&nbsp; W 1780 Rated Current&nbsp; A 7.94 Rated EER&nbsp; W/W 3 Max Input Consumption&nbsp; W 2550 Max current&nbsp; A 13.55 Refrigerant Type/ Charge&nbsp;&nbsp;&nbsp; g R410A Air Flow Volume&nbsp; (Hi/Mi/Lo)&nbsp;&nbsp; m 3 /h 760 Indoor Noise level (Hi/Mi/Lo)&nbsp;&nbsp; dB(A) 46 Outdoor Noise level&nbsp;&nbsp;&nbsp; dB(A) 55 &nbsp; Indoor coil b.Tube pitch(a)x row pitch(b)&nbsp;&nbsp; mm 21x12.7 c.Fin spacing&nbsp;&nbsp; mm 1.5 d.Fin type (code)&nbsp; &nbsp; BLUE FIN e.Tube outside dia.and type&nbsp; mm BLUE FIN &nbsp; Outdoor coil b.Tube pitch(a)x row pitch(b)&nbsp;&nbsp; mm 21x18.19 c.Fin spacing&nbsp; mm 1.5 d.Fin type (code)&nbsp;&nbsp; &nbsp; BLUE FIN e.Tube outside dia.and type&nbsp; mm 内螺纹管 Function&nbsp; Compressor Model&nbsp; &nbsp; 50A403VL-51KG Type&nbsp; &nbsp; R410A Brand&nbsp; &nbsp; RECHI Refrigerant piping Size Material Type &nbsp; BL,Brand: videocon; SKU: 131778851_NP-1038983630; Power Consumption: 2000; Model: 1.5 Ton; Inverter: No; Kit Included: Yes; type_air_conditioner: Single Split System; air_conditioner_rated_capacity: 1.5 Ton / 18000 BTU; Connecting Wire: Yes; Room Size: 250> sq meters,Brand: videocon | SKU: 131778851_NP-1038983630 | Power Consumption: 2000 | Model: 1.5 Ton | Inverter: No | Kit Included: Yes | type_air_conditioner: Single Split System | air_conditioner_rated_capacity: 1.5 Ton / 18000 BTU | Connecting Wire: Yes | Room Size: 250> sq meters,https://static-01.daraz.com.np/p/1f1044dfdddf407137c5268d69e26d6f.jpg,photos\Videocon\1-5-Ton.jpg,3 Years Compressor & 1 Year Full,daraz_scrape,9779765985999
Videocon,Air Cooler,air cooler,250,VD250SC,Videocon 250Ltrs VISI Chiller (VD250SC),68500,"Product Description: Introducing the Videocon 250Ltrs VISI Chiller (VD250SC), a spacious and efficient freezer designed for modern kitchens. With a generous capacity of 250 litres, this freezer offers ample storage space for all your frozen goods. The auto defrost feature ensures hassle-free maintenance, while the sleek design complements any kitchen decor. Ideal for households seeking a reliable and spacious freezer, the Videocon VISI Chiller is a must-have for keeping your frozen items fresh and organized. Highlights: Videocon 250ltrs VISI Cooler Chiller | | Model no. VD250SC | | Capacity 250ltrs | | Mechanical Temp. Control | | Low Noise Working | | Internal Fan Circulation | | Advertisement Display | | Side LED Light&nbsp; | | Lock&nbsp; | | Bottle Opener | | Castor Wheel | | Double Layer Temper Glass",Brand: videocon; SKU: 129941270_NP-1037808316; Model: VD250SC; Auto Defrost: YES; Capacity: 250,Brand: videocon | SKU: 129941270_NP-1037808316 | Model: VD250SC | Auto Defrost: YES | Capacity: 250,https://static-01.daraz.com.np/p/56d0b6449698bfcba06509348c90d750.jpg,photos\Videocon\VD250SC.jpg,2 Years Brand Warranty,daraz_scrape,9779765985999
Videocon,Air Cooler,Desert Air Cooler,60 Ltr,VC-60DESERT,Videocon 60 Litre Desert Air Cooler,14500,"Videocon 60L Desert Air Cooler with honeycomb cooling pads, motorized swing, and ice chamber.",Tank Capacity: 60L | Honeycomb Pads | Ice Chamber | 3-Speed Fan | Powerful Air Throw 35ft,Tank Capacity: 60L | Honeycomb Pads | Ice Chamber | 3-Speed Fan | Powerful Air Throw 35ft,https://static-01.daraz.com.np/p/videocon-60l-desert-cooler.jpg,,1 Year Motor Warranty,daraz_market,9779765985999
Videocon,Air Cooler,air cooler,80,VD-RUBY 80,Videocon Life Ruby  80 Ltr Turbocool Honeycomb Desert Air Cooler with Wheel,20300,"Videocon Ruby 80: The Powerhouse Desert Cooler When the temperature soars, the Videocon Ruby 80 stands as your ultimate defense against the heat. Engineered for heavy-duty cooling, this desert cooler combines a massive water reservoir with an extraordinary air throw, making it the ideal choice for large halls, expansive bedrooms, and open-plan living areas. Key Features & Benefits Massive 80L Tank Capacity: Designed for endurance. The extra-large tank provides extended cooling cycles, allowing you to enjoy a chilled atmosphere all day or night without the hassle of constant refilling. Incredible 55FT Air Throw: Experience the breeze from across the room. With a powerful air delivery system and a 16-inch heavy-duty fan blade , the Ruby 80 ensures a reach of up to 55 feet . 3-Sided Honeycomb Cooling: High-density honeycomb pads on three sides maximize the evaporation surface area, ensuring the air is not just circulated, but significantly cooled. Dedicated Top Ice Chamber: For those blistering afternoons, the top-loading ice chamber allows you to add ice cubes directly to the water flow for an instant, icy-cold blast of air. Smart Humidity Control: Stay comfortable, not clammy. The b","Brand: videocon; SKU: 1517685230_NP-12336463887; Air Cooler Features: Portable,Timer,Wheels included; Capacity: 80; Country Of Origin: India; Fan Speed (RPM): High; Model: VD-RUBY 80","Brand: videocon | SKU: 1517685230_NP-12336463887 | Air Cooler Features: Portable,Timer,Wheels included | Capacity: 80 | Country Of Origin: India | Fan Speed (RPM): High | Model: VD-RUBY 80",https://static-01.daraz.com.np/p/ce3dffe9edb962abc7761fb4144b9e14.png,photos\Videocon\VD-RUBY-80.png,1 Year Brand Warranty,daraz_scrape,9779765985999
Videocon,Air Cooler,air cooler,100,VD-MAHARAJA 100,Videocon Maharaja 100 Ltr Honeycomb Desert Cooler with Wheel,30000,"Videocon Maharaja 100: Powerful Cooling for Large Spaces Description: Experience exceptional cooling comfort with the powerful Videocon Maharaja 100 Commercial Air Cooler. Designed for large commercial areas, this heavy-duty cooler boasts a massive 100L tank capacity for extended, uninterrupted cooling. It's built for durability and performance, keeping your workspace, showroom, or even outdoor events comfortable even in scorching temperatures. Key Features & Benefits: Superior Cooling: Utilizing large and durable 16-inch fan blades rotating at 1350 RPM, the Maharaja 100 delivers a powerful and consistent air throw. The efficient Honeycomb Cooling Pads ensure long-lasting cooling performance with less frequent refills compared to traditional wood wool pads. Large Coverage: With its high airflow and powerful motor (195W), this cooler is ideal for large commercial spaces up to 75 square meters (800 sq ft). Note: The cooling area is an estimate and can vary depending on environmental conditions like humidity and ventilation. Uninterrupted Comfort: The immense 100-liter water tank minimizes refill frequency, allowing you to enjoy hours of cooling relief. A convenient water level indica","Brand: videocon; SKU: 129464446_NP-1037455046; Air Cooler Features: Portable,Remote control,Timer,Wheels included; Capacity: 100; Country Of Origin: India; Fan Speed (RPM): High; Model: VD-MAHARAJA 100","Brand: videocon | SKU: 129464446_NP-1037455046 | Air Cooler Features: Portable,Remote control,Timer,Wheels included | Capacity: 100 | Country Of Origin: India | Fan Speed (RPM): High | Model: VD-MAHARAJA 100",https://static-01.daraz.com.np/p/0c0896ba0c5415c7aa24c0fe0bb1ec5a.png,photos\Videocon\VD-MAHARAJA-100.png,1 Year Brand Warranty,daraz_scrape,9779765985999
Videocon,Air Cooler,air cooler,60,VD-SNOWCOOL 60,Videocon Snowcool 60 Ltr Honeycomb Desert Air Cooler with Wheel & Ice Chamber,19500,"Videocon SnowCool 60L: The Ultimate Desert Cooler for Summer Comfort Beat the scorching heat with the Videocon SnowCool 60L , a powerhouse designed to deliver high-performance cooling for large spaces. Combining a sleek design with heavy-duty engineering, this air cooler ensures your room stays fresh and breezy even during peak summer months. Key Performance Highlights Massive Air Delivery: With a powerful air delivery of 3800 cu.m/hr , this cooler can effectively circulate air across large living rooms, bedrooms, or office spaces. Superior Cooling Pads: Equipped with 3-sided Honeycomb cooling pads , it offers better water retention and faster evaporation compared to traditional wool pads, ensuring a consistent drop in temperature. Ice Chamber for Instant Chill: For those extra-hot days, the dedicated Ice Chamber allows you to add ice cubes, providing an instant blast of icy-cool air. Large 16-Inch Fan Blade: The 45.7cm (18-inch) fan blade is engineered for maximum throw, driven by a high-speed motor running at 1350 RPM . Smart & Efficient Features Inverter Compatible: Don't let power cuts ruin your comfort. The SnowCool is optimized to run efficiently on home inverters. Smart Humi","Brand: videocon; SKU: 290528356_NP-1341041744; Air Cooler Features: Portable,Timer,Wheels included; Capacity: 60; Country Of Origin: India; Fan Speed (RPM): High; Model: VD-SNOWCOOL 60","Brand: videocon | SKU: 290528356_NP-1341041744 | Air Cooler Features: Portable,Timer,Wheels included | Capacity: 60 | Country Of Origin: India | Fan Speed (RPM): High | Model: VD-SNOWCOOL 60",https://static-01.daraz.com.np/p/0f392a64c8a14f2d40060058a3a1ef27.png,photos\Videocon\VD-SNOWCOOL-60.png,1 Year Brand Warranty,daraz_scrape,9779765985999
Videocon,Air Cooler,air cooler,70,VD-THUNDER 70G,Videocon Thunder 70 Ltr Glass Top Honeycomb Desert Air Cooler with Wheel,20000,"Videocon Thunder 70G: Powerful Cooling Meets Elegant Design Beat the sweltering heat with the Videocon Thunder 70G , a high-performance desert air cooler engineered for large spaces and maximum comfort. Combining a massive 70L capacity with a sleek, modern aesthetic, this cooler is the perfect companion for those long summer afternoons. Key Features & Performance Superior Cooling Efficiency: Equipped with high-density Honeycomb Cooling Pads on 3 sides , the Thunder 70G ensures rapid evaporation and consistent chilling. Massive Air Delivery: With a powerful 16-inch fan blade and an impressive air throw of 5000 CU.M/HR , this unit can easily cool large rooms, keeping the air fresh and circulating. Ice Gel Technology: Includes 2 Ice Gel Packets to provide an extra boost of ""arctic"" air when the temperature peaks. Smart Humidity Control: Take command of your environment. The humidity control feature allows you to adjust moisture levels, preventing that ""sticky"" feeling common with standard coolers. Premium Build: Features a sophisticated Soft Close Glass Lid , adding a touch of luxury and durability to your home appliance. Highlights: VIDEOCON THUNDER 70G&nbsp; | | | | | | | | | | Tank","Brand: videocon; SKU: 129855721_NP-1037705832; Air Cooler Features: Portable,Timer,Wheels included; Capacity: 70; Country Of Origin: India; Fan Speed (RPM): High; Model: VD-THUNDER 70G","Brand: videocon | SKU: 129855721_NP-1037705832 | Air Cooler Features: Portable,Timer,Wheels included | Capacity: 70 | Country Of Origin: India | Fan Speed (RPM): High | Model: VD-THUNDER 70G",https://static-01.daraz.com.np/p/785cd9d9ce584633c6f76bb7130c4230.png,photos\Videocon\VD-THUNDER-70G.png,1 Year Brand Warranty,daraz_scrape,9779765985999
Videocon,Air Cooler,air cooler,65,VD-TOOFAN 65G,Videocon Toofan 65 Ltr Glass Top Honeycomb Desert Air Cooler with Wheel,19600,"Videocon Toofan 65G: Ultimate Desert Air Cooler Beat the scorching summer heat with the Videocon Toofan 65G , a high-performance desert cooler designed for those who demand powerful airflow and premium aesthetics. Whether it’s a large living room or an open office space, the Toofan 65G delivers a refreshing breeze that transforms your environment. Key Features & Benefits Massive 65L Tank Capacity: Enjoy uninterrupted cooling for hours. The large tank ensures you don't have to worry about frequent refills, making it perfect for overnight use. 3-Side Honeycomb Cooling: Equipped with high-efficiency honeycomb pads on three sides, this cooler provides superior water retention and faster evaporation for a significant drop in temperature. Superior Air Delivery: With an air throw of 5000 CU.M/HR and a powerful 16-inch fan blade , this unit ensures every corner of the room stays chilled. Premium Soft-Close Glass Lid: A touch of elegance for your home. The durable glass lid closes gently, protecting the ice chamber while adding a modern, sleek look. Ice Gel Packets Included: For those extra-hot days, the 2 included Ice Gel packets provide an ""Arctic blast"" effect, chilling the water instant","Brand: videocon; SKU: 1517675652_NP-12337028251; Air Cooler Features: Portable,Timer,Wheels included; Capacity: 65; Country Of Origin: India; Fan Speed (RPM): High; Model: VD-TOOFAN 65G","Brand: videocon | SKU: 1517675652_NP-12337028251 | Air Cooler Features: Portable,Timer,Wheels included | Capacity: 65 | Country Of Origin: India | Fan Speed (RPM): High | Model: VD-TOOFAN 65G",https://static-01.daraz.com.np/p/50ecc1aa0efdc8209493119c29560092.png,photos\Videocon\VD-TOOFAN-65G.png,1 Year Brand Warranty,daraz_scrape,9779765985999
Videocon,Microwave Oven,microwave oven,20 L,MH2044DB,"LG Brand 20 Liter Grill Microwave, Model-MH2044DB, 1 Year Warranty",17890,"Brand LG Combi Power (MW+Grill) 2000 W Watts Grill (Input) 980 W Watts Microwave (Output) 700 W Microwave Frequency(MHZ) 2450 No. Of Power Levels 5 Auto Defrost Yes Auto Cook Menu Yes Control (Manual/Digital) Membrane Type Capacity (Ltrs) 20 Dimensions 45.5 x 26 x 34 cm Highlights: Healthy &amp; Tasty Cooking | | | | Quartz Heater | | | | i-wave | | | | Auto Cook Menu | | | | Anti Bacteria Cavity | | | | Energy Saving | | | | Net Weight = 9.6 Kg | | | | Gross Weight =&nbsp;10.6 Kg | | | | 1 Year Warranty | [ Excluding Main Door, Door Plastic, Cooking Glass, Accessories ]","Brand: LG; SKU: 128174634_NP-1035290010; Return Policy: Any return request should be made within 48 hours after the product is delivered.; Model: MH2044DB; Warranty Policy EN: 1 Year Warranty [ Excluding Main Door, Door Plastic, Cooking Glass, Accessories ]","Brand: LG | SKU: 128174634_NP-1035290010 | Return Policy: Any return request should be made within 48 hours after the product is delivered. | Model: MH2044DB | Warranty Policy EN: 1 Year Warranty [ Excluding Main Door, Door Plastic, Cooking Glass, Accessories ]",https://static-01.daraz.com.np/p/befb0d3430ef4550b25c4a643ea95371.jpg,photos\Videocon\MH2044DB.jpg,"1 Year Warranty [ Excluding Main Door, Door Plastic, Cooking Glass, Accessories ]",daraz_scrape,9779765985999
Videocon,Microwave Oven,microwave oven,350,VD350SC,Videocon 350Ltrs VISI Chiller (VD350SC),80500,"Product Description: Introducing the Videocon 350Ltrs VISI Chiller (VD350SC), an upright freezer with a capacity of 350 litres. This freezer is designed for efficient storage and easy access to frozen goods. With auto defrost functionality, it ensures hassle-free maintenance. Ideal for home and commercial use, it offers ample space for storing a variety of frozen items. The sleek design and upright configuration make it a space-saving addition to any kitchen or storage area. Highlights: Videocon 350ltrs VISI Cooler Chiller | | Model no. VD350SC | | Capacity 350ltrs | | Mechanical Temp. Control | | Low Noise Working | | Internal Fan Circulation | | Advertisement Display | | Side LED Light&nbsp; | | Lock&nbsp; | | Bottle Opener | | Castor Wheel | | Double Layer Temper Glass",Brand: videocon; SKU: 129933857_NP-1037807220; Model: VD350SC; Auto Defrost: YES; Capacity: 350; Freezer Type: Upright,Brand: videocon | SKU: 129933857_NP-1037807220 | Model: VD350SC | Auto Defrost: YES | Capacity: 350 | Freezer Type: Upright,https://static-01.daraz.com.np/p/66c9e39ccbacf0177b4b3d0608276774.jpg,photos\Videocon\VD350SC.jpg,2 Years Brand Warranty,daraz_scrape,9779765985999
Videocon,Small Home Appliance,microwave oven,,VD-INF2200X,Videocon VD-INF2200X Infrared Stove (2200W),9000,"MODEL: VD-INF2200X WATTAGE: 2200 WATT FUNCTION- 8 PRESETS CERAMIC GLASS SURFACE GRILL PLATE INCLUDED WITH HANDLES DOUBLE LAYER COIL STIR-FRY, BBQ, PRESSURE COOKER, CURRY FUNCTON CHAPATI, SAUTE, MILK/TEA, DEEP FRY FUNCTION TIMER, SAFETY LOCK FEATHER TOUCH CONTROL 1 YEAR WARRANTY ON PRODUCT SIZE: 280X360X68 mm Highlights: MODEL: VD-INF2200X | | | | | | | | WATTAGE: 2200 WATT | | | | | | FUNCTION- 8 PRESETS | | | | | | CERAMIC GLASS SURFACE | | | | | | GRILL PLATE INCLUDED | | | | | | WITH HANDLES | | | | | | DOUBLE LAYER COIL | | | | | | STIR-FRY, BBQ, PRESSURE COOKER, CURRY FUNCTON | | | | | | CHAPATI, SAUTE, MILK/TEA, DEEP FRY FUNCTION | | | | | | TIMER, SAFETY LOCK | | | | | | FEATHER TOUCH CONTROL | | | | | | 1 YEAR WARRANTY ON PRODUCT | | | | | | SIZE: 280X360X68 mm",Brand: videocon; SKU: 1514758121_NP-12313700415; Country Of Origin: India; Cooktop Type: Free-standing; Wattage: 2200W; Type of infrared cooktops: Free-standing; Cooktop Surface: Induction; Type of induction cooktops: Free-standing; Number of hobs: 1; Model: VD-INF2200X,Brand: videocon | SKU: 1514758121_NP-12313700415 | Country Of Origin: India | Cooktop Type: Free-standing | Wattage: 2200W | Type of infrared cooktops: Free-standing | Cooktop Surface: Induction | Type of induction cooktops: Free-standing | Number of hobs: 1 | Model: VD-INF2200X,https://static-01.daraz.com.np/p/d317f7a605bf382c277eb0a5f8c35793.jpg,photos\Videocon\VD-INF2200X.jpg,1 Year Brand Warranty,daraz_scrape,9779765985999
Videocon,Refrigerator,refrigerator,185,2052TRBTV/TRWTV,Gem Refrigerator - 185 Ltr - Direct Cool - Trisha,33000,Gem Refrigerator Trisha | | | 185 LTR Refrigerator | | Toughened Glass Shelf | | Anti Bacterial Gasket | | LED Lights | | LOCK | | Large Vegetable Box | | Direct Cool | | 12 Years Compressor Warranty | | Large Handle&nbsp; | | 5 Star Energy Rating,"Brand: GEM; SKU: 128151886_NP-1035261043; Net Width (mm): 600; Refrigerator Capacity (L): 185; Refrigerator Type: Single Door; Number of doors: 1; Model: 2052TRBTV/TRWTV; Net Height (mm): 1150; Net Depth (mm): 700; Fridge Configuration: Freezer on top; Nofrost system: Direct Cool; Warranty Duration: 12 YEARS; Refrigerator Features: Adjustable Shelves,Built-in Filter,Toughened Glass Shelves; Inverter type air-conditioner: No; Energy Rating: 5 STAR","Brand: GEM | SKU: 128151886_NP-1035261043 | Net Width (mm): 600 | Refrigerator Capacity (L): 185 | Refrigerator Type: Single Door | Number of doors: 1 | Model: 2052TRBTV/TRWTV | Net Height (mm): 1150 | Net Depth (mm): 700 | Fridge Configuration: Freezer on top | Nofrost system: Direct Cool | Warranty Duration: 12 YEARS | Refrigerator Features: Adjustable Shelves,Built-in Filter,Toughened Glass Shelves | Inverter type air-conditioner: No | Energy Rating: 5 STAR",https://static-01.daraz.com.np/p/8d225cb9a1a9fd5cafc32e64d67f46c4.png,photos\Videocon\2052TRBTV-TRWTV.png,12 Years Brand Warranty,daraz_scrape,9779765985999
Videocon,Refrigerator,refrigerator,275,RD-31DC4SA,HISENSE 275 Liters  Bottom Mount Refrigerator - (RD-31DC4SA) Black,63990,"Hisense double door refrigerator Introduction The HISENSE Double Door Refrigerator 275 Ltr Bottom Mount Defrost (RD-31DC4SA) is an outstanding appliance designed for those who seek both functionality and modern aesthetics in their kitchen. With its ample storage capacity, innovative features, and sleek design, this Hisense model is perfect for medium to large households. Available at Electrosewa in Nepal at the best price, this refrigerator is engineered to enhance your kitchen experience while keeping your food fresh and organized. Key Features 275-Liter Capacity The Hisense Double Door Refrigerator provides a spacious 275 liters of storage capacity, accommodating the needs of medium to large families. This generous space ensures you have ample room to store all your groceries, beverages, and frozen items, making it ideal for busy households. Double Door Design Featuring a stylish double door design with a bottom mount freezer, this refrigerator enhances accessibility and convenience. The refrigerator compartment is positioned at eye level, making it easy to access fresh food items, while the freezer is located at the bottom for efficient use of space. Bottom Mount Freezer The bot","Brand: hisense; SKU: 129809619_NP-1037653819; Refrigerator Type: Double Door; Net Depth (mm): 625; Refrigerator Features: Adjustable Shelves,Toughened Glass Shelves; Net Height (mm): 1560; Energy Rating: A+; Refrigerator Capacity (L): 275; Net Width (mm): 715; Warranty Duration: 1 year Full Service Warranty & 10 Years Warranty on Compressor; Inverter type air-conditioner: No; Number of doors: 2; Fridge Configuration: Freezer on bottom; Country Of Origin: China; Nofrost system: Frost Free; Model: RD-31DC4SA; Warranty Policy EN: 1 year Full Service Warranty & 10 Years Warranty on Compressor","Brand: hisense | SKU: 129809619_NP-1037653819 | Refrigerator Type: Double Door | Net Depth (mm): 625 | Refrigerator Features: Adjustable Shelves,Toughened Glass Shelves | Net Height (mm): 1560 | Energy Rating: A+ | Refrigerator Capacity (L): 275 | Net Width (mm): 715 | Warranty Duration: 1 year Full Service Warranty & 10 Years Warranty on Compressor | Inverter type air-conditioner: No | Number of doors: 2 | Fridge Configuration: Freezer on bottom | Country Of Origin: China | Nofrost system: Frost Free | Model: RD-31DC4SA | Warranty Policy EN: 1 year Full Service Warranty & 10 Years Warranty on Compressor",https://static-01.daraz.com.np/p/b83bda9deab60e5859bdb8fb79fce7ea.jpg,photos\Videocon\RD-31DC4SA.jpg,1 year Full Service Warranty & 10 Years Warranty on Compressor,daraz_scrape,9779765985999
Videocon,Refrigerator,Single Door Direct Cool,190 L,VR-190SD,Videocon 190L Single Door Direct Cool Refrigerator (Floral),28990,Videocon 190L Direct Cool single door refrigerator with floral finish and high-efficiency compressor.,Capacity: 190L | Single Door Direct Cool | Floral Toughened Glass Door | Fast Freezing Chamber | Anti-Bacterial Gasket,Capacity: 190L | Single Door Direct Cool | Floral Toughened Glass Door | Fast Freezing Chamber | Anti-Bacterial Gasket,https://static-01.daraz.com.np/p/videocon-190l-single-door-fridge.jpg,,1 Year Comprehensive + 5 Years on Compressor,daraz_market,9779765985999
Videocon,Refrigerator,refrigerator,120,VD70SH,Videocon Life 70 LTR Single Door Direct Cool Refrigerator Mini Bar 5 Star Steel Color VCM,22500,"Videocon Life 70 LTR Direct Cool Refrigerator – Stabilizer Free with Toughened Glass Shelves & Ice Freezer Product Overview: Experience efficient cooling and long-lasting freshness with the Videocon Life 70 LTR Direct Cool Refrigerator . Designed proudly in India, this refrigerator combines durability with smart storage solutions.With Stabilizer Free Operation , it is built to withstand voltage fluctuations, ensuring your food stays safe and fresh. Key Features: Capacity: 70 Liters (Ideal for Office, Bedroom, Hote lroom, Shop). Smart Storage: Features Adjustable Toughened Glass Shelves capable of holding heavy utensils. Extended Freshness: The Crisper Humidity Controller maintains optimal moisture levels to keep vegetables crisp for longer. Freezer: Extra space for ice cream, frozen foods, and ice. Hygiene & Safety: Equipped with an Anti-Bacterial Gasket to prevent germ build-up and a Door Lock for security. Convenience: Includes a bright LED Light , Chiller Zone , and Ice Tray . Reliability: Stabilizer Free Operation protects the motor during power fluctuations. Origin: Made in India . Highlights: Videocon Life 70 LTR Direct Cool Refrigerator | | | | | | Model: VD-70SH | | | | | |","Brand: videocon; SKU: 511140882_NP-2289460850; Refrigerator Type: Single Door; Net Depth (mm): 490; Refrigerator Features: Adjustable Shelves,Door in Door,Built-in Filter; Net Height (mm): 554; Energy Rating: 5 STAR; Refrigerator Capacity (L): 120; Net Width (mm): 465; Warranty Duration: 10 YEARS ON COMPRESSOR, 2 YEARS COMPLETE; Number of doors: 1; Fridge Configuration: Compact; Country Of Origin: INDIA; Nofrost system: Direct Cool; Model: VD70SH","Brand: videocon | SKU: 511140882_NP-2289460850 | Refrigerator Type: Single Door | Net Depth (mm): 490 | Refrigerator Features: Adjustable Shelves,Door in Door,Built-in Filter | Net Height (mm): 554 | Energy Rating: 5 STAR | Refrigerator Capacity (L): 120 | Net Width (mm): 465 | Warranty Duration: 10 YEARS ON COMPRESSOR, 2 YEARS COMPLETE | Number of doors: 1 | Fridge Configuration: Compact | Country Of Origin: INDIA | Nofrost system: Direct Cool | Model: VD70SH",https://static-01.daraz.com.np/p/2858a27d51a812dbf5453fdfeb889650.png,photos\Videocon\VD70SH.png,"If your product does not come with any warranty, then you can still benefit from our return policy. Please read the return policy conditions here .",daraz_scrape,9779765985999
Videocon,Refrigerator,refrigerator,100,VCM VD-120SH,Videocon Single Door Direct Cool 120 LTR Refrigerator 5 Star Steel Color VCM VD-120SH,24000,Model: VD-120SH | | | | | | SILVER HAIRLINE | | | | | | Freezer Zone | | | | | | BEE RATING: 5 STAR | | | | | | Fresh Vegetable Box | | | | | | LED Light | | | | | | Door Lock | | | | | | | | Crisper Humidity Controller | | | | | | Adjustable Toughened Glass Shelves -2PC | | | | | | Anti Bacterial Gasket | | | | | | Stabilizer Free Operation | | | | | | Ice Tray | | | | | | Made in India | | | | | | 1 year Full Service Warranty &amp; 10 Years Warranty on Compressor | | | | | | | | Dimension : 465x510x890,"Brand: videocon; SKU: 117403590_NP-1032174085; Refrigerator Type: Single Door; Net Depth (mm): 510; Refrigerator Features: Adjustable Shelves,Toughened Glass Shelves; Net Height (mm): 890; Energy Rating: 5; Refrigerator Capacity (L): 100; Net Width (mm): 445; Warranty Duration: 1 year Full Service Warranty & 10 Years Warranty on Compressor; Inverter type air-conditioner: Yes; Number of doors: 1; Fridge Configuration: Freezer on top; Country Of Origin: India; Nofrost system: Direct Cool; Model: VCM VD-120SH; Warranty Policy EN: 1 year  Full Service Warranty & 10 Years Warranty on Compressor","Brand: videocon | SKU: 117403590_NP-1032174085 | Refrigerator Type: Single Door | Net Depth (mm): 510 | Refrigerator Features: Adjustable Shelves,Toughened Glass Shelves | Net Height (mm): 890 | Energy Rating: 5 | Refrigerator Capacity (L): 100 | Net Width (mm): 445 | Warranty Duration: 1 year Full Service Warranty & 10 Years Warranty on Compressor | Inverter type air-conditioner: Yes | Number of doors: 1 | Fridge Configuration: Freezer on top | Country Of Origin: India | Nofrost system: Direct Cool | Model: VCM VD-120SH | Warranty Policy EN: 1 year  Full Service Warranty & 10 Years Warranty on Compressor",https://static-01.daraz.com.np/p/072395b787bc345e2ed2af2b8d75df95.png,photos\Videocon\VCM-VD-120SH.png,"1 years Full service warranty, 5 years compression warranty",daraz_scrape,9779765985999
Videocon,Television,HD Smart TV,32 Inch,VD-32HD-SM,"Videocon 32"" HD Smart LED TV (Frameless)",21990,"Videocon 32-inch frameless HD Smart TV with Android operating system, YouTube, and Netflix.","Screen: 32 Inch | HD Ready (1366x768) | Android Smart TV | Frameless Design | 2x HDMI, 2x USB | 20W Speakers","Screen: 32 Inch | HD Ready (1366x768) | Android Smart TV | Frameless Design | 2x HDMI, 2x USB | 20W Speakers",https://static-01.daraz.com.np/p/videocon-32-hd-smart-tv.jpg,,1 Year Comprehensive + 2 Years on Panel,daraz_market,9779765985999
Videocon,Television,television,14.00 L,VD-43S OR VD-43FA12,Videocon 43 Full Hd Smart Android 14.00 LED TV Bezel Less,65000,"Specification Type BEZELLESS Display Full HD Non Smart / Smart Smart SIZE 43 Model name VD43S Open cell SAMSUNG /BOE Panel Grade (W/O Bright Dot A+ Contrast ratio (CR) typ. ≥1000 Response time (G to G) 8ms Viewing angle R/L 178, U/D 178 Maximum Resolution 1920 X 1080 B/L Type (DLED or ELED) DLED Brightness(cd/m2) 300±10% Brightness uniformity ≥60% CPU Processor / Frequency ARM Cortex-A55/1.9GHz CPU Core (No.)（CPU Quad-core GPU / Frequency（GPU Mali31*2/800MHz ROM(Flash,eMMC)） 8GB RAM/DDR 1GB DDR OSD language English(default),Russian,French,German,Arabic Linux/Android(Ver.) Android 14.0 Netflix/YouTube Yes App-Solution Yes Web Browsing Yes Wi-Fi(801.11/a/b/g/n/ac) Yes Bluetooth Bezel Depth (Top/Bottom/Side) 10/16.1/10 Type(System/Box/Unit) Box Impedance(4/6/8 OHM) 8 OHM Sound output Watts 10W+ 10W Digital Sound Yes HDMI 2.0 (Quantity) Yes(3) RF Yes USB 2.0 (Quantity) Yes(2) AV In Yes(2) Earphone Out Yes S/PDIF Out (Optical/Coaxial) Yes(Coaxial) Network In (RJ45) Yes Power Input 100-240V~,50/60Hz w/o stand 966.5(mm) x558.7(mm) x89.2(mm) w/t stand 966.5(mm) x592.4(mm) x216.1(mm) Packing 1025(mm) x125(mm) x660(mm) Net ( w/o stand / w/t stand ) 7.2 Gross 9.5 R/C Battery Yes Wall Mount, T",Brand: videocon; SKU: 104960062_NP-1026514297; Energy Rating: A+; Display Resolution: 1080; Smart TV OS: Android OS; Speakers Config: 20W; Refresh Rate: 60 Hz; TV Technology: Full HD; Electronics Features: SMART; Number of USB ports: 2; Tv Resolution: Full HD (1080p / 1920×1080); Number of HDMI Ports: 2; Smart TV: Yes; display_size_tv: 43; Model: VD-43S OR VD-43FA12,Brand: videocon | SKU: 104960062_NP-1026514297 | Energy Rating: A+ | Display Resolution: 1080 | Smart TV OS: Android OS | Speakers Config: 20W | Refresh Rate: 60 Hz | TV Technology: Full HD | Electronics Features: SMART | Number of USB ports: 2 | Tv Resolution: Full HD (1080p / 1920×1080) | Number of HDMI Ports: 2 | Smart TV: Yes | display_size_tv: 43 | Model: VD-43S OR VD-43FA12,https://static-01.daraz.com.np/p/54f489cd264e8a275f6b78f9f8c66827.jpg,photos\Videocon\VD-43S-OR-VD-43FA12.jpg,INCLUDING PANEL,daraz_scrape,9779765985999
Videocon,Television,television,,VD-TZ43UHD,Videocon 43 inch 4K Ultra HD Smart LED TV,49500,"Brand: Videocon Model: VD-TZ43UHD 43″ Ultra HD (3840 x 2160p) A+ Grade Zero Dot Panel TizenOS Dolby Atmos/Dolby Audio Voice Command Remote Bluetooth Refresh Rate: 60 Hz WiFi inbuilt 2 USB ports, 3 HDMI ports High contrast ratio Enhanced picture & sound quality 36 months warranty with home service Highlights: Brand: Videocon | | Model: VD-TZ43UHD | | 43″ Ultra HD (3840 x 2160p) | | Bluetooth | | A+ Grade Zero Dot Panel | | TizenOS | | Dolby Atmos/Dolby Audio | | Voice Command Remote | | Refresh Rate: 60 Hz | | WiFi inbuilt | | 2 USB ports, 3 HDMI ports | | High contrast ratio | | Enhanced picture &amp; sound quality | | 36 months warranty with home service",Brand: videocon; SKU: 100810488_NP-1021310579; Display Resolution: 2160p; Smart TV OS: Tizen OS; Curved TV: No; Speakers Config: 20w; Refresh Rate: 60 Hz; TV Technology: LED; Country Of Origin: india; Number of USB ports: 2; Tv Resolution: 4K Ultra HD (2160p / 3840x2160); Number of HDMI Ports: 2; Smart TV: Yes; display_size_tv: 43; Cinema 3D: No; Model: VD-TZ43UHD,Brand: videocon | SKU: 100810488_NP-1021310579 | Display Resolution: 2160p | Smart TV OS: Tizen OS | Curved TV: No | Speakers Config: 20w | Refresh Rate: 60 Hz | TV Technology: LED | Country Of Origin: india | Number of USB ports: 2 | Tv Resolution: 4K Ultra HD (2160p / 3840x2160) | Number of HDMI Ports: 2 | Smart TV: Yes | display_size_tv: 43 | Cinema 3D: No | Model: VD-TZ43UHD,https://np-live-21.slatic.net/kf/Sdcf6b0fbd70c403588a869002408c4bbi.jpg,photos\Videocon\VD-TZ43UHD.jpg,Warranty shall not coverpanel,daraz_scrape,9779765985999
Videocon,Television,FHD Smart LED TV,43 Inch,VD-43FHD-SM,"Videocon 43"" Full HD Smart Android TV",42990,Videocon 43-inch Full HD Smart Android TV with vibrant IPS panel and built-in WiFi.,"Screen: 43 Inch | Full HD 1080p | Android TV OS | 20W Stereo Sound | Screen Mirroring | 2x HDMI, 2x USB","Screen: 43 Inch | Full HD 1080p | Android TV OS | 20W Stereo Sound | Screen Mirroring | 2x HDMI, 2x USB",https://static-01.daraz.com.np/p/videocon-43-fhd-smart-tv.jpg,,1 Year Comprehensive + 2 Years on Panel,daraz_market,9779765985999
Videocon,Television,4K Smart Google TV,55 Inch,VD-55U4K,"Videocon 55"" 4K UHD Smart Google TV (Frameless)",72990,"Videocon 55-inch 4K UHD Google Smart TV with HDR10, Bezel-less design, and surround sound.","Screen: 55 Inch | 4K UHD (3840x2160) | Google TV OS | Frameless Metal Frame | 24W Box Speakers | 3x HDMI, 2x USB","Screen: 55 Inch | 4K UHD (3840x2160) | Google TV OS | Frameless Metal Frame | 24W Box Speakers | 3x HDMI, 2x USB",https://static-01.daraz.com.np/p/videocon-55-4k-google-tv.jpg,,1 Year Comprehensive + 2 Years on Panel,daraz_market,9779765985999
Videocon,Washing Machine,Semi-Automatic Top Load,7.5 KG,VT-75SA,Videocon 7.5KG Semi-Automatic Washing Machine,19990,Videocon 7.5KG Semi-Automatic Top Load Washing Machine with tough plastic body and high-torque wash motor.,Capacity: 7.5KG | Semi-Automatic | Magic Filter | Collar Scrubber | Rust Free Fiber Body | Castor Wheels,Capacity: 7.5KG | Semi-Automatic | Magic Filter | Collar Scrubber | Rust Free Fiber Body | Castor Wheels,https://static-01.daraz.com.np/p/videocon-75kg-semi-automatic-washer.jpg,,1 Year Comprehensive + 5 Years on Motor,daraz_market,9779765985999
Videocon,Washing Machine,washing machine,8,VWMFL8.5-CNOP,Videocon 8 Kg Inverter Front Loading Washing Machine Fully Automatic,70000,Moddel No :&nbsp;VWMFL8.5-CNOP | | Inverter Motor- A+++ Energy Ssaving | | 90* Heat Wash | | Add Garment | | 85% Spin Dry | | 1400 RPM Powerful Motor | | Spary wash | | Auto Drum Clean | | Sound off function | | 24 hour delay | | Child Safty lock | | Memory backup | | Honeycumb drum | | Dark Grey Color | | 1 years Full Service Warranty&nbsp; | | 10 Years Motor Warranty | | Installation cost extra | | Dimension(W*D*H)(mm): 595*560*850,Brand: videocon; SKU: 119817977_NP-1032770701; Washing Capacity (kg): 8; Drum Type: Steel; Type of Washing Machine: Front Load; Maximum Spin Speed (RPM): 1400; Top Type: Front Load; Model Name/Number: VWMFL8.5-CNOP; Warranty Policy EN: 1 years Full Service Warranty &   10 Years Motor Warranty,Brand: videocon | SKU: 119817977_NP-1032770701 | Washing Capacity (kg): 8 | Drum Type: Steel | Type of Washing Machine: Front Load | Maximum Spin Speed (RPM): 1400 | Top Type: Front Load | Model Name/Number: VWMFL8.5-CNOP | Warranty Policy EN: 1 years Full Service Warranty &   10 Years Motor Warranty,https://static-01.daraz.com.np/p/542f8cfdb7a5f3489c0d4271b5f7fa38.jpg,photos\Videocon\VWMFL8-5-CNOP.jpg,1 years Full Service Warranty & 10 Years Motor Warranty,daraz_scrape,9779765985999
Videocon,Washing Machine,washing machine,8,VWM-8.0SAR,Videocon 8 Kg Semi Automatic Washing Machine,23500,Brand: Videocon Model: VWM-8.0SAR Capacity: 8 kg Type: Top Load Semi Automatic Collar Scrubber Turbo Wash Super Fast Motion Gentle Fabric Care Removes toughest of stains End Cycle Buzzer Anti Rat Design Lint Filter Spin Shower Thermal Protection for Motor Large Capacity Tub Anti Rust Body 24 months full warranty with home service 5 years warranty on motor Highlights: Brand: Videocon | | | | | | | | Model: VWM-8.0SAR | | | | | | Capacity: 8 kg | | | | | | Type: Top Load Semi Automatic | | | | | | Collar Scrubber | | | | | | Turbo Wash | | | | | | Super Fast Motion | | | | | | Gentle Fabric Care | | | | | | Removes toughest of stains | | | | | | End Cycle Buzzer | | | | | | Anti Rat Design | | | | | | Lint Filter | | | | | | Spin Shower | | | | | | Thermal Protection for Motor | | | | | | Large Capacity Tub | | | | | | Anti Rust Body | | | | | | 24 months full warranty with home service | | | | | | 5 years warranty on motor,Brand: videocon; SKU: 437659131_NP-1911811990; Washing Capacity (kg): 8; Drum Type: Plastic; Type of Washing Machine: Twin Tub; Maximum Spin Speed (RPM): 800; Top Type: Top Load; Model Name/Number: VWM-8.0SAR; Washing Mode: Energy Saving,Brand: videocon | SKU: 437659131_NP-1911811990 | Washing Capacity (kg): 8 | Drum Type: Plastic | Type of Washing Machine: Twin Tub | Maximum Spin Speed (RPM): 800 | Top Type: Top Load | Model Name/Number: VWM-8.0SAR | Washing Mode: Energy Saving,https://static-01.daraz.com.np/p/7b5bb824139b12bc8de0673dbd61898e.png,photos\Videocon\VWM-8-0SAR.png,2 Years Brand Warranty,daraz_scrape,9779765985999
Videocon,Washing Machine,washing machine,8,VD-8.0 PRO+,Videocon 8kg Fully Automatic Top Load Washing Machine (VD-8.0 PRO+),33000,Brand: Videocon | | Model no. VD-8.0 PRO+ | | 8KG Wash Capacity | | 8KG Spin Capacity | | Diamond Tub | | Ai Technology | | Air Damping Suspension | | PCB Waterproof | | Anti-Explosion Capacitance | | Child Lock | | Magic Filter | | Rat Proof | | 2 years full/ 10 years motor warranty,"Brand: videocon; SKU: 509809282_NP-2280478306; Washing features: Quick Wash,Quiet Operation,Spin dry,Cotton,Other,Extra rinse cycle,Fuzzy Logic; Country Of Origin: INDIA; Washing Capacity (kg): 8; Drum Type: Diamond; Type of Washing Machine: Top Load; Maximum Spin Speed (RPM): 740; Top Type: Top Load; Model Name/Number: VD-8.0 PRO+; Washing Mode: Energy Saving","Brand: videocon | SKU: 509809282_NP-2280478306 | Washing features: Quick Wash,Quiet Operation,Spin dry,Cotton,Other,Extra rinse cycle,Fuzzy Logic | Country Of Origin: INDIA | Washing Capacity (kg): 8 | Drum Type: Diamond | Type of Washing Machine: Top Load | Maximum Spin Speed (RPM): 740 | Top Type: Top Load | Model Name/Number: VD-8.0 PRO+ | Washing Mode: Energy Saving",https://np-live-21.slatic.net/kf/Sbe629d6eab094061b896356cddc1d412c.jpg,photos\Videocon\VD-8-0-PRO.jpg,10 years motor warranty,daraz_scrape,9779765985999
Videocon,Water Dispenser,water dispenser,,17NT,Electron  El-17NT Hot & Normal Water Dispenser,3190,"Electron EL-17NT Hot &amp; Normal Water Dispenser | | &nbsp;Brand: Electron, Model: EL-17NT | | &nbsp;Dispenses hot and normal water | | Suitable for home and office use | | &nbsp;Category: Home Appliances&gt;Kitchen Appliances&gt;Water Dispenser | | | V | ertical Hot and Normal Water Dispenser | | Glossy Finish | | Stainless Inner Tank | | Power Cuts Off Automatically When The Tank Is Empty | | Compact design",Brand: Electron; SKU: 128476786_NP-1035969674; Number of Filters: Not Specified,Brand: Electron | SKU: 128476786_NP-1035969674 | Number of Filters: Not Specified,https://static-01.daraz.com.np/p/46b0effd5ca8ddf7b88ea395c60f1d1a.jpg,photos\Videocon\128476786-NP-1035969674.jpg,1 Year Brand Warranty,daraz_scrape,9779765985999
Videocon,Water Dispenser,water dispenser,,USB-2,Portable Automatic USB Electric Rechargeable Water Dispenser Machine,499,"Product material: ABS plastic +304 stainless steel hard pipe | | Product Color: White/Black | | Product size: 14*8*8cm/5.51*3.15*3.15"" | | Product weight: 200g | | Power supply mode: USB power supply | | Pipe length: 55cm/21.65"" | | The length of the hard pipe of the effluent: 12cm/4.72"" | | Scope of application: automatic extraction of mineral water, beverages and so on by children, elderly people and pregnant women. | | Applicable occasions: families, hospitals, banks, restaurants, hotels, schools, offices and other high-end establishments | | | BPA free drinking water dispenser, food grade silicone hose, 304 stainless steel, high density ABS plastic, no toxic, and no smell. | | | Built in rechargeable 1200mAh battery. Can used for 30-40 days or around 4-6 bottles of 5 gallon water once full charged. | | The electric pumping device suitable for pure bottled drinking water, suitable for a variety of models gallon barrel without pry the lid. | | Includes : 1 Piece Water Dispenser",Brand: No Brand; SKU: 122612736_NP-1033340266,Brand: No Brand | SKU: 122612736_NP-1033340266,https://static-01.daraz.com.np/p/480c5fd63eb9bb3e51d90704cb27bd54.jpg,photos\Videocon\122612736-NP-1033340266.jpg,"If your product does not come with any warranty, then you can still benefit from our return policy. Please read the return policy conditions here .",daraz_scrape,9779765985999
Videocon,Small Home Appliance,water dispenser,25 L,COMFORT 25,Videocon 25 Litters Electric Geyser with Temperature Display & Temperature Control,20000,"Introducing the VIDEOCON COMFORT 25 Liters Electric Gyser, the perfect addition to your home appliances collection. This electric water heater boasts a powerful 2000W wattage, ensuring quick and efficient heating of water. The Neo Series is designed to provide you with a reliable and long-lasting performance, thanks to its high-quality build and advanced features. With a 25 liters capacity, this electric gyser is perfect for small to medium-sized families. The Videocon Series is easy to install and use, making it a convenient choice for anyone looking for a hassle-free water heating solution. Whether you need hot water for your morning shower or for washing dishes, the Videocon Series 25 Liters Electric Gyser has got you covered. Highlights: Brand: VIDEOCON | | | | | | Capacity : 25L | | | | | | 2000 Watt | | | | | | 5 Star Rated Energy Efficient | | | | | | Heavy Duty Magnesium Anode Rod To Prevent Rust And Corrosion On Tank | | | | | | High Quality Thermostat | | | | | | Thermal Cut Out | | | | | | Anti Vacuum System | | | | | | High Pressure Resistance Suitable For High Rise Buildings (8 Bar Pressure) | | | | | | SS304 Grade Tank Which Can Withstand The Operating Pressure Upto14",Brand: videocon; SKU: 169225273_NP-1185182534; Power Consumption (W): 2000; Water Heater Type: Electric; Model: COMFORT 25; Warranty Policy EN: 5 YEARS ON TANK & 1 YEAR COMPLETE,Brand: videocon | SKU: 169225273_NP-1185182534 | Power Consumption (W): 2000 | Water Heater Type: Electric | Model: COMFORT 25 | Warranty Policy EN: 5 YEARS ON TANK & 1 YEAR COMPLETE,https://static-01.daraz.com.np/p/32bf0d89c4b8fdcc1a27bc4954770938.png,photos\Videocon\COMFORT-25.png,5 YEARS ON TANK & 1 YEAR COMPLETE,daraz_scrape,9779765985999
Videocon,Water Purifier,water purifier,8 L,ALKALINE-2,"8 Liter RO+UV+UF+ALKALINE+TDS Controller Water Purifier, Model SAPPHIRE-B, 1 Year Warranty",46690,"Brand Kent Capacity 8 Liter VOLTAGE 100–250 V AC Frequency 50–60 Hz Purification Production Rate 20L/hr* Weight Net: 9.4 Kg | Gross: 10 Kg Color Black Highlights: Multi-stage purification: RO + UF + Inline UV + Alkaline + TDS Control + UV LED in tank | | | | | | RO membrane (0.0001 micron) removes heavy metals, salts, pesticides, contaminants | | | | | | TDS controller retains essential natural minerals | | | | | | Alkaline technology increases pH up to ~9.5 for healthier water | | | | | | UV LED keeps stored water bacteria-free | | | | | | Storage capacity: 8 litres; Purification rate: ~20 LPH | | | | | | Works with tap, borewell, tanker, municipal water | | | | | | Fully automatic operation with auto-flush to protect RO membrane | | | | | | Digital indicators for filter life, purity status, and maintenance | | | | | | Wall-mountable, space-saving, sleek ABS body | | | | | | Low power consumption (~60W) | | | | | | Removes bacteria, viruses, dissolved impurities, chemicals, heavy metals; retains natural minerals for taste and health | | | | | | 1 Year Warranty",Brand: kent; SKU: 1511747606_NP-12293259782; Number of Filters: 6; Return Policy: Any return request should be made within 48 hours after the product is delivered.; Warranty Policy EN: 1 year warranty,Brand: kent | SKU: 1511747606_NP-12293259782 | Number of Filters: 6 | Return Policy: Any return request should be made within 48 hours after the product is delivered. | Warranty Policy EN: 1 year warranty,https://static-01.daraz.com.np/p/e5e488dd206c80fb99c67e7947c6ef69.jpg,photos\Videocon\1511747606-NP-12293259782.jpg,1 Year Brand Warranty,daraz_scrape,9779765985999
Videocon,Water Purifier,water purifier,8,Sapphire-B,"KENT Sapphire-B RO Water Purifier | RO+UF+Inline UV+Alkaline+TDS Control | UV LED in Tank | 20 LPH | 8L Storage | Ideal for Borewell, Tanker & Municipal Water | Wall Mount",46690,"Experience 100% Pure, Alkaline & Mineral-Rich Water Every Day The KENT Sapphire-B RO Water Purifier is a cutting-edge solution for modern homes looking for purity, performance, and long-term health benefits. Engineered with a comprehensive multi-stage purification process, this RO system ensures that every drop is not only free from contaminants but also rich in essential minerals and alkaline goodness. Key Features & Benefits ✅ Multi-Stage Purification – RO + UF + Inline UV + Alkaline + TDS Control Removes dissolved impurities, chemicals, bacteria, viruses, pesticides, rust, and heavy metals while retaining essential minerals for healthy hydration. ✅ Alkaline Water with pH up to 9.5 Enhances water quality by regulating your body’s pH level, reducing acidity, and boosting immunity with each sip. ✅ TDS Control System Maintains natural minerals while allowing you to adjust TDS levels based on water source and taste preference. ✅ UV LED in Storage Tank + Inline UV Protection Ensures 100% purity even in stored water by eliminating bacteria and viruses continuously inside the 8L storage tank. ✅ High Purification Rate – 20 LPH Purifies up to 20 liters of water per hour – ideal for medium",Brand: kent; SKU: 1513681444_NP-12305187864; Number of Filters: 6; Purification Method: Other; Filter Type: Nano 5 Levels System - Inline Casting Core; Model: Sapphire-B; Purification Capacity: 8; Warranty Policy EN: 1 year Full Service Warranty,Brand: kent | SKU: 1513681444_NP-12305187864 | Number of Filters: 6 | Purification Method: Other | Filter Type: Nano 5 Levels System - Inline Casting Core | Model: Sapphire-B | Purification Capacity: 8 | Warranty Policy EN: 1 year Full Service Warranty,https://static-01.daraz.com.np/p/b74b2fc73d40fe4d9bce7fef8b880986.jpg,photos\Videocon\Sapphire-B.jpg,1 Year Brand Warranty,daraz_scrape,9779765985999
Whirlpool,Air Conditioner,air conditioner,1.5 Ton / 18000 BTU,SPICR318W1,Air conditioner,109990,Specifications: BRAND Whirlpool MODEL SPICR318W1 COLOR White TYPE Split AC CAPACITY(TONS) 1 .5 TON DEHUMIDIFICATION Yes REMOTE CONTROL Yes REFRIGERANT R32 PRODUCT DIMENSIONS Indoor Dimension H x W x D (mm): 888 x 270 x 217 mm Outdoor Dimension H x W x D (mm): 715 x 482 x 240 mm PERFORMANCE FEATURES TURBO MODE Yes NOISE LEVEL(DB)-INDOOR 46 DB AIR CIRCULATION 937 m3 INDOOR TEMPERATURE INDICATOR Yes CONVENIENCE FEATURES AUTO RESTART Yes SLEEP MODE Yes MEMORY STATUS Yes SELF DIAGNOSIS Yes SPEED SETTING Yes ON-TIMER Yes OFF-TIMER Yes AIR FLOW FEATURES AUTO AIR SWING Yes FILTER FEATURES ANTI BACTERIAL FILTER Yes DUST FILTER Yes Highlights: Specifications: | | | | BRAND | | | | Whirlpool | | | | MODEL | | | | SPICR318W1 | | | | COLOR | | | | White | | | | TYPE | | | | Split AC | | | | CAPACITY(TONS) | | | | 1 .5 TON | | | | DEHUMIDIFICATION | | | | Yes | | | | REMOTE CONTROL | | | | Yes | | | | REFRIGERANT | | | | R32 | | | | PRODUCT DIMENSIONS | | | | Indoor Dimension H x W x D (mm): 888 x 270 x 217 mm | | | | Outdoor Dimension H x W x D (mm): 715 x 482 x 240 mm | | | | PERFORMANCE FEATURES | | | | TURBO MODE | | | | Yes | | | | NOISE LEVEL(DB)-INDOOR | | | | 46 DB | | | | AIR CIRCULATIO,Brand: Whirlpool; SKU: 460015012_NP-2059783294; Connecting Wire: Yes; air_conditioner_rated_capacity: 1.5 Ton / 18000 BTU; type_air_conditioner: Split system 1; Kit Included: Yes; Inverter: Yes; Room Size: 250> sq meters; Power Consumption: 1000; Model: SPICR318W1,Brand: Whirlpool | SKU: 460015012_NP-2059783294 | Connecting Wire: Yes | air_conditioner_rated_capacity: 1.5 Ton / 18000 BTU | type_air_conditioner: Split system 1 | Kit Included: Yes | Inverter: Yes | Room Size: 250> sq meters | Power Consumption: 1000 | Model: SPICR318W1,https://static-01.daraz.com.np/p/2b2bca1beed50422d779d05456a96d3a.jpg,photos\Whirlpool\SPICR318W1.jpg,"If your product does not come with any warranty, then you can still benefit from our return policy. Please read the return policy conditions here .",daraz_scrape,9779765985999
Whirlpool,Air Conditioner,air conditioner,1 Ton / 12000 BTU,SPICR 312W1,WHIRLPOOL 1 Ton Inverter AC SPICR 312W1 - White,87990,"Cooling Capacity (BTU) 12000 Capacity 1 Ton Type Inverter Size and weight Dimension (Inside Unit) 790×255×200 mm Dimension (Outside Unit) 660×483×240 mm Net weight (Inside Unit) 7.1 kg Net weight (Outside Unit) 22 kg Warranty Comprehensive 1 year Compressor 10 years Highlights: 6th SENSE Technology | | | | Thanks to the temperature sensor, the unique 6th SENSE technology can automatically select the most suitable operating mode for you. | | | | | | | | | | | ENVIRONMENTALLY FRIENDLY R32 GAS | | | | With the new R32 gas, the impact on global warming is much lower and the device has lower CO2 emissions Reduce your environmental impact! | | | | | | | | | | | Active Carbon Air Filter | | | | The carbon filter absorbs the airborne contaminants such as pollen, dust, pet hair and odor, tobacco smoke, mildew. | | | | | | | | | | | REVERSIBLE AIR CONDITIONING | | | | Enjoy fresh air during the hot summer, as well as a cosy atmosphere in winter, thanks to the heating function of your air conditioner. | | | | | | | | | | | Complete Copper Coil | | | | Efficient and powerful performance through complete copper indoor coil unit. | | | | | | | | | | | Cooling energy class A++ | | | | With its en","Brand: Whirlpool; SKU: 1518654743_NP-12343958628; Air Conditioner Features: Inverter,Timer,Auto Cleaning,Fast Cooling,Sensor Control,Silent Mode; Connecting Wire: No; air_conditioner_rated_capacity: 1 Ton / 12000 BTU; type_air_conditioner: Split system 4; Kit Included: Yes; Inverter: Yes; Room Size: 90-150 sq meters; Power Consumption: 4000; Model: SPICR 312W1; Warranty Policy EN: 10 Years on Compressor, 2 Years Comprehensive","Brand: Whirlpool | SKU: 1518654743_NP-12343958628 | Air Conditioner Features: Inverter,Timer,Auto Cleaning,Fast Cooling,Sensor Control,Silent Mode | Connecting Wire: No | air_conditioner_rated_capacity: 1 Ton / 12000 BTU | type_air_conditioner: Split system 4 | Kit Included: Yes | Inverter: Yes | Room Size: 90-150 sq meters | Power Consumption: 4000 | Model: SPICR 312W1 | Warranty Policy EN: 10 Years on Compressor, 2 Years Comprehensive",https://static-01.daraz.com.np/p/829cd1ab6aba08ad9f1614cd09921c9c.jpg,photos\Whirlpool\SPICR-312W1.jpg,10 Years Brand Warranty,daraz_scrape,9779765985999
Whirlpool,Air Conditioner,air conditioner,1.5 Ton / 18000 BTU,SPOW 418/CA,WHIRLPOOL 1.5 Ton Non- Inverter AC SPICR 418/CA - White,84500,"Cooling Capacity (BTU) 18000 Capacity 1.5 Ton Type Normal Size and weight Dimension (Inside Unit) 1002×315×238 mm Dimension (Outside Unit) 760×545×255 mm Net weight (Inside Unit) 12 kg Net weight (Outside Unit) 36 kg Warranty Comprehensive 1 years Compressor 5 years Highlights: HOT &amp; COLD AIR CONDITIONERS THAT KEEP YOU COMFORTABLE, ALL ROUND THE YEAR. | | | | | | 6th Sense Technology | | | | | | HEPA+ Active carbon | | | | | | Dual Weather Modes | | | | | | Around U Function | | | | | | Sleep Function | | | | | | Jet function | | | | | | 4D air inlet | | | | | | HD Filter","Brand: Whirlpool; SKU: 1518676411_NP-12343962641; Air Conditioner Features: Air Direction Control,Auto Cleaning,Fast Cooling,Silent Mode; Connecting Wire: Not Specified; air_conditioner_rated_capacity: 1.5 Ton / 18000 BTU; type_air_conditioner: Split system 4; Kit Included: Yes; Inverter: No; Room Size: 150-250 sq meters; Power Consumption: 5200; Model: SPOW 418/CA; Warranty Policy EN: 1 Year Comprehensive, 5 Years Compressor","Brand: Whirlpool | SKU: 1518676411_NP-12343962641 | Air Conditioner Features: Air Direction Control,Auto Cleaning,Fast Cooling,Silent Mode | Connecting Wire: Not Specified | air_conditioner_rated_capacity: 1.5 Ton / 18000 BTU | type_air_conditioner: Split system 4 | Kit Included: Yes | Inverter: No | Room Size: 150-250 sq meters | Power Consumption: 5200 | Model: SPOW 418/CA | Warranty Policy EN: 1 Year Comprehensive, 5 Years Compressor",https://static-01.daraz.com.np/p/97f71f220cac580bc55df36cb61a8721.jpg,photos\Whirlpool\SPOW-418-CA.jpg,5 Years Brand Warranty,daraz_scrape,9779765985999
Whirlpool,Air Conditioner,air conditioner,192,215 VMPRO PRM 3S INV STEEL-Z,"Whirlpool 192 L 3 Star Vitamgic Pro Inverter Direct-Cool Single Door Refrigerator (215 VMPRO PRM 3S INV STEEL-Z, Auto Defrost Technology,",39800,"Intellisense Inverter Technology Whirlpool's Intellisense Inverter technology, with energy efficient inverter compressor, comes with low starting voltage of 95V & assures 25 years of compressor reliability- certified by VDE Germany. *As Certified by VDE Germany* Honey Comb Lock-In & Zeolite Technology Vegetable Crisper with Honey Comb Moisture Lock-in Technology maintains optimum moisture in your vegetables and keeps them fresher for longer Auto Defrost Technology Powered by IntelliFrost Technology, it cools intuitively and defrosts intelligently with the help of a temperature sensor to give a better refrigeration experience. Micro Block Technology MicroBlock technology prevents 99%* bacterial growth and keeps the freshness intact for longer. *Results based on internal lab testing done on select models under standard test conditions and may vary depending on testing conditions and models. Advanced Micro Processor The Micro Processor acts as the brain of the refrigerator, controlling various operations and providing intelligent features such as temperature control, energy management, and defrost cycles. The integration of an advanced microprocessor in refrigerators provides greater ","Brand: No Brand; SKU: 149170190_NP-1103125993; Refrigerator Type: Single Door; Net Depth (mm): 618; Refrigerator Features: Adjustable Shelves,Toughened Glass Shelves; Net Height (mm): 1247; Energy Rating: 3 Star; Refrigerator Capacity (L): 192; Net Width (mm): 536; Warranty Duration: 2 years Full Service Warranty & 10 Years Warranty on Compressor; Inverter type air-conditioner: Yes; Number of doors: 1; Fridge Configuration: Freezer on top; Nofrost system: Direct Cool; Model: 215 VMPRO PRM 3S INV STEEL-Z; Warranty Policy EN: 2 years Full Service Warranty & 10 Years Warranty on Compressor","Brand: No Brand | SKU: 149170190_NP-1103125993 | Refrigerator Type: Single Door | Net Depth (mm): 618 | Refrigerator Features: Adjustable Shelves,Toughened Glass Shelves | Net Height (mm): 1247 | Energy Rating: 3 Star | Refrigerator Capacity (L): 192 | Net Width (mm): 536 | Warranty Duration: 2 years Full Service Warranty & 10 Years Warranty on Compressor | Inverter type air-conditioner: Yes | Number of doors: 1 | Fridge Configuration: Freezer on top | Nofrost system: Direct Cool | Model: 215 VMPRO PRM 3S INV STEEL-Z | Warranty Policy EN: 2 years Full Service Warranty & 10 Years Warranty on Compressor",https://static-01.daraz.com.np/p/847c4a809baa9d51ee45f75459632cc6.jpg,photos\Whirlpool\215-VMPRO-PRM-3S-INV-STEEL-Z.jpg,2 Years Brand Warranty,daraz_scrape,9779765985999
Whirlpool,Air Conditioner,air conditioner,Not Specified,Whirlpool-Whrilpool-Intellifre,Whrilpool Intellifresh Pro (327 Ltrs) 2 Star Convertible Frost Free Double-Door Refrigerator (21852),97000,Up to 2x longer Vitamin Preservation | | | | | | Up to 15 days of freshness in fridge and freezer | | | | | | 10-in-1 Convertible Modes | | | | | | Convert Freezer to Fridge in 22 mins,Brand: Whirlpool; SKU: 509676542_NP-2279942530; Connecting Wire: Not Specified; air_conditioner_rated_capacity: Not Specified; type_air_conditioner: Not Specified; Kit Included: Not Specified; Inverter: Not Specified; Room Size: Not Specified; Power Consumption: 1; Model: 21852,Brand: Whirlpool | SKU: 509676542_NP-2279942530 | Connecting Wire: Not Specified | air_conditioner_rated_capacity: Not Specified | type_air_conditioner: Not Specified | Kit Included: Not Specified | Inverter: Not Specified | Room Size: Not Specified | Power Consumption: 1 | Model: 21852,https://static-01.daraz.com.np/p/72be8e6ecc4c8d270665215fbab7e0cf.jpg,photos\Whirlpool\21852.jpg,"If your product does not come with any warranty, then you can still benefit from our return policy. Please read the return policy conditions here .",daraz_scrape,9779765985999
Whirlpool,Air Cooler,air cooler,50,SAR50WT01,"50 Liter Air Cooler With Trolley, Model-SAR50WT01, 1 Year Warranty",15690,"Brand Sensei Water Tank Capacity (Ltr.) 50 Liter VOLTAGE 230 V Frequency 50 Hz Power 220 W Air Deflection 4 Ways Air Delivery (m³/hr) 2000 m3/hr Cooling Media WOOD WOOL No. Of Speed 3 ( High, Medium & Low ) Net Weight 15.5 Kg Gross Weight 16.5 Kg Dimensions 65 x 53 x 55.8 cm [ LxWxH ] Highlights: 50 L Tank Capacity | | | | | | Sleek and ultra modern look | | | | | | Water level indicator | | | | | | Inverter compatible | | | | | | Motorized vertical lower movement | | | | | | Honeycomb for effective cooling | | | | | | High air delivery | | | | | | 3 speed control | | | | | | With Trolley | | | | | | Air Delivery: 2000 m | | ³ | | /hr | | | | | | 1 Year Warranty*",Brand: Sensei; SKU: 180287161_NP-1210468077; Air Cooler Features: Wheels included; Capacity: 50; Warranty Policy EN: 1 Year Warranty*; Model: SAR50WT01,Brand: Sensei | SKU: 180287161_NP-1210468077 | Air Cooler Features: Wheels included | Capacity: 50 | Warranty Policy EN: 1 Year Warranty* | Model: SAR50WT01,https://static-01.daraz.com.np/p/48c44116fbb28aad5ad2417d76c49195.jpg,photos\Whirlpool\SAR50WT01.jpg,1 Year Brand Warranty,daraz_scrape,9779765985999
Whirlpool,Air Cooler,air cooler,50,VIBE 50,"Burly Brand 50 Liter Tower Air Cooler, Model-VIBE 50, 1 Year Warranty",17820,"Brand Burly Capacity 50 Liter Motor RPM 1350 Cooling Media Honeycomb Air Delivery (m³/hr) 1350 Air Deflection 4 way Air Deflection Net Weight 13.2 Kg Gross Weight 15.9 Kg Dimensions 340 x 355 x 1320 mm Highlights: Powerful Air Throw with Auto Swing | | | | | | 3 – speed Motor, 1350 RPM | | | | | | Ice Chamber for Faster Cooling | | | | | | 4 Way Air Deflection | | | | | | Cooling Media : Honeycomb | | | | | | Inverter Compatible | | | | | | 6” Blower | | | | | | Air Delivery 1350 M/hr | | | | | | Multi-direction Wheels | | | | | | Water Tank Capacity 50 ltr | | | | | | 4 Nos Caster Wheel | | | | | | 1 Year Warranty",Brand: BURLY; SKU: 295880715_NP-1367340895; Air Cooler Features: Wheels included; Capacity: 50; Fan Speed (RPM): High; Model: VIBE 50; Warranty Policy EN: 1 Year Warranty,Brand: BURLY | SKU: 295880715_NP-1367340895 | Air Cooler Features: Wheels included | Capacity: 50 | Fan Speed (RPM): High | Model: VIBE 50 | Warranty Policy EN: 1 Year Warranty,https://static-01.daraz.com.np/p/ab3b1dc71ad6afec326989205d27fa44.jpg,photos\Whirlpool\VIBE-50.jpg,1 Year Brand Warranty,daraz_scrape,9779765985999
Whirlpool,Microwave Oven,microwave oven,20 L,20SE,WhirlPooI 20 Litres Solo Microwave With 18 Auto Cook Menus (Magicook Pro 20SE Black),15990,Model - Magicook Pro 20SE Black | | 20 Litres Capacity | | 20 Auto Cook Menus&nbsp; | | Express Cooking&nbsp; | | 5 Power Levels&nbsp; | | Superior Powder Coated Cavity | | 1 Year Full Product Warranty | | Weight - 12 Kg | | Dimensions - 262 x 452 x 350 mm | | Package - 332 x 504 x 390 mm,Brand: Whirlpool; SKU: 107250822_NP-1098683101,Brand: Whirlpool | SKU: 107250822_NP-1098683101,https://np-live-21.slatic.net/kf/S33516c3d317c405db4cefb723c3002058.jpg,photos\Whirlpool\107250822-NP-1098683101.jpg,1 year,daraz_scrape,9779765985999
Whirlpool,Microwave Oven,microwave oven,24 L,Magicook Pro 26CE,WhirlpooI 24 Litres All in One Convection Microwave With 130 Intellicook Menus,24796,"All-in-One Design: The all-in-one design combines the functionality of a microwave, convection oven, and grill, making it a versatile appliance for any kitchen. Intellicook Menus: With 130 Intellicook menus, this microwave provides easy-to-follow cooking instructions for a variety of dishes, saving you time and effort. Convection Function: Equipped with convection functionality, this microwave allows for efficient and even cooking, perfect for baking and roasting. User-Friendly: This microwave is designed with user convenience in mind, featuring intuitive controls and a clear display for easy operation. Large Capacity: Boasting a generous 24-litre capacity, this microwave offers ample space for cooking large meals or multiple dishes at once. Highlights: Magicook Pro 26CE Black | | 24 Litres Capacity | | All in One Convection Oven | | Smart fry with Zero Oil | | 6 Cooking Modes | | 130 IntelliCook Menus with Crisp plate and Grill Rack accessory | | Stainless Steel Cavity | | Feather Touch Control Buttons | | 1 Year Full Product Warranty | | 3 Years Inner Comoartment Warranty",Brand: Whirlpool; SKU: 107261287_NP-1028689615; Model: Magicook Pro 26CE,Brand: Whirlpool | SKU: 107261287_NP-1028689615 | Model: Magicook Pro 26CE,https://np-live-21.slatic.net/kf/S99657aab0df14ca6bf1b047df4b1ee60X.jpg,photos\Whirlpool\Magicook-Pro-26CE.jpg,1 year full parts & 3 years cavity & magnetrone,daraz_scrape,9779765985999
Whirlpool,Microwave Oven,microwave oven,24 L,Magicook pro 26CE Black,WhirlpooI 24 Litres All in One Convection Microwave With 130 Intellicook Menus (Magicook Pro 26CE Black),24796,"Black Finish: The sleek black finish of this microwave adds a modern touch to any kitchen decor, blending seamlessly with your existing appliances. 130 Intellicook Menus: With 130 Intellicook menus, this microwave provides a wide range of cooking options, making meal preparation quick and easy. Easy to Use: This microwave is designed for ease of use, with intuitive controls that make it simple for anyone to operate. 24 Litres Capacity: Its spacious 24 litres capacity allows you to cook large meals or multiple dishes at once, perfect for families or gatherings. Convection Feature: The convection feature enables even heating, ensuring your food is cooked to perfection every time. Highlights: * Magicook Pro 26CE Black | | * 24 Litres Capacity | | * All in One Convection Oven | | * Smart fry with Zero Oil | | * 6 Cooking Modes | | * 130 IntelliCook Menus with Crisp plate and Grill Rack accessory | | * Stainless Steel Cavity | | * Feather Touch Control Buttons | | * 1 Year Full Product Warranty | | * 3 Years Inner Compartment Warranty",Brand: Whirlpool; SKU: 348382608_NP-1534451256; Model: Magicook pro 26CE Black,Brand: Whirlpool | SKU: 348382608_NP-1534451256 | Model: Magicook pro 26CE Black,https://np-live-21.slatic.net/kf/Saf531519178747db94e1b27c2ced8921Q.jpg,photos\Whirlpool\Magicook-pro-26CE-Black.jpg,1 Year Brand Warranty,daraz_scrape,9779765985999
Whirlpool,Microwave Oven,microwave oven,29 L,31CES,"Whirlpool 29 Litres Convection Microwave Oven With 300 Plus Auto Cook Menus (Magicook Pro 31CES-E, Black, Air Fryer, Rotisserie)",35500,"Exterior Details Door Type Side Swing Display Type LED Control Type Feather Touch Membrane Energy Details Wattage (W) 900 Special Features Air fryer Sanitization Zero waste & Immunity Booster menu 300 ACM Motorized Rotisserie Daily function button for easy access SEE MORE The Good Air Fryer With the built-in air fryer, oil-fried unhealthy food is a thing of the past. Now enjoy tasty yet healthy delicacies at the touch of a button. The Sanitization Shield One quick touch function for your sanitization needs. It sanitizes all non-metal tableware, including baby bottles. The Perfect Rotisserie A detachable rotating bar is great for your tandoori cravings. Its motor control ensures that your food gets uniformly roasted. The Immunity Touch Just press the 'Immunity' touch button and enjoy access to a great range of delicious recipes that are specially crafted to boost your immunity. Best out of Waste Gone are the days of throwing away the apple peels and the vegetable skins. Now create taste out of the food waste by our new 'Zero Waste' button to make healthy and innovative recipes, and minimize food wastage. Up to 300 Auto Cook Menus Choose from a wide variety of pre programmed menus to",Brand: Whirlpool; SKU: 511554155_NP-2292929956; Country Of Origin: India; Model: 31CES; Warranty Policy EN: 2 years Full Service Warranty & 10 Years Warranty on Cavity,Brand: Whirlpool | SKU: 511554155_NP-2292929956 | Country Of Origin: India | Model: 31CES | Warranty Policy EN: 2 years Full Service Warranty & 10 Years Warranty on Cavity,https://static-01.daraz.com.np/p/b22ddddaa8be2163b31fcb3aa6a319f8.jpg,photos\Whirlpool\31CES.jpg,2 Years Brand Warranty,daraz_scrape,9779765985999
Whirlpool,Microwave Oven,microwave oven,20 L,20se,Whirlpool Magicook Pro 20SE 20 L Microwave Solo (Black),16900,"Effortless cooking at your fingertips! With Magicook Pro Solo Range of Microwaves 5 Power Levels Up to 5 different power levels to help you enjoy delicious Indian dishes with the help of Multiple power levels Press Type Door Lock Save the space & enjoy the ease of Use with the Press Type Door Lock Microwave Recipes Scan for more recipes like: 1. Veg Pulao 2. Khadi 3. Mac and Cheese 4. Sambar Etc. Dahi / Yogurt Enjoy home made DAHI or sweetened Yogurt with New SOLO Microwave at the touch of the button. LED Display Easy to read digital numbers keep you informed about cooking time, power level and time at every stage of use. Powder Coated Cavity Enjoy your favorite Cuisines cooked inside Power Coated 20L cavity Defrost Function The quickest way to thaw your frozen foods. Clock Keep a tab of time with the Clock feature of your Microwave. Dough Rising Now with Dough rising you can prepare the dough - the healthy way at home for all your Bhaturas or Breads Glass Turn Table And Support (245mm) With the help of the large turntable, you can cook large quantity of food items, or reheat multiple food pots with ease in one go. Jet Start With Jet Start, kick start your microwave at a touch of a",Brand: Whirlpool; SKU: 127951799_NP-1034984721; Model: 20se; Warranty Policy EN: Warranty:1 year comprehensive warranty on Product & 2 years on Magnetron.,Brand: Whirlpool | SKU: 127951799_NP-1034984721 | Model: 20se | Warranty Policy EN: Warranty:1 year comprehensive warranty on Product & 2 years on Magnetron.,https://static-01.daraz.com.np/p/f9df5df0a6b8e36980e5622dc075ef26.jpg,photos\Whirlpool\20se.jpg,Warranty:1 year comprehensive warranty on Product & 2 years on Magnetron.,daraz_scrape,9779765985999
Whirlpool,Microwave Oven,microwave oven,30 L,Whirlpool-Whirlpool-Microwave,Whirlpool Microwave Magi Cook 30 Liters Black Mirror Convection Grill Defrost Kitchen Appliance,33600,"The Whirlpool Microwave Magi Cook 30 Liters Black Mirror Convection Grill Defrost Kitchen Appliance is thoughtfully designed to combine practicality, quality, and everyday convenience into one reliable package. Brought to you by R.N Electronics, it reflects a commitment to delivering dependable products that meet real customer needs. Every detail of the Whirlpool Microwave Magi Cook 30 Liters Black Mirror Convection Grill Defrost Kitchen Appliance has been considered to ensure it performs reliably across a wide range of everyday situations, offering a balance of durability, comfort, and ease of use that customers can count on. Backed by attentive quality control, every unit is checked before dispatch to make sure it reaches you in excellent condition. Whether for personal use or as a thoughtful gift, this item is built to meet everyday expectations without compromise. Its thoughtful design reflects a balance of function and value, making it a practical addition to your daily routine. Customers looking for dependable quality at a fair price will find this a worthwhile choice among similar products. Highlights: Model : MagiCook 30L Conv. Black Mirror | | | Tandoor Series | | 30 Litre",Brand: Whirlpool; SKU: 105918823_NP-1027834397; Warranty Policy EN: 1 years Full services Warranty,Brand: Whirlpool | SKU: 105918823_NP-1027834397 | Warranty Policy EN: 1 years Full services Warranty,https://static-01.daraz.com.np/p/27eb816cd4e970d4d7b2058ba7555cef.jpg,photos\Whirlpool\105918823-NP-1027834397.jpg,1 years Full services Warranty,daraz_scrape,9779765985999
Whirlpool,Refrigerator,refrigerator,185,200 IMPC GREY NEP,Whirlpool  200 IMPC Cls 1s  Grey Nep - 185 Litres Direct Cooling Single Door Refrigerator Grey,30300,Model: 200 IMPC GREY NEP | | Capacity: 185 L | | Direct Cooling Refrigerator | | Up to 9 Hours of Cooling Retention | | Auto Connect to Home Inverter | | Large Vegetable Crisper | | Wired Shelves | | Auto Connect To Home Inverter | | Removable Anti Bacterial Gasket | | Stabilizer Free Operation | | Door Lock | | Weight - 24 Kg (27 Kg) | | Dimension - 615 x 535 x 1180 mm | | Package - 65 x 59 x 122 cm | | 2 Years Full Product Warranty | | 10 Years on Compressor Warranty,"Brand: Whirlpool; SKU: 112341027_NP-1030383979; Net Width (mm): 615; Refrigerator Capacity (L): 185; Refrigerator Type: Single Door; Number of doors: 1; Model: 200 IMPC GREY NEP; Net Height (mm): 1180; Net Depth (mm): 535; Fridge Configuration: Freezer on top; Nofrost system: Direct Cool; Warranty Duration: 2 years Full Services Warranty & 10 years Warranty on compressor; Refrigerator Features: Adjustable Shelves,Toughened Glass Shelves","Brand: Whirlpool | SKU: 112341027_NP-1030383979 | Net Width (mm): 615 | Refrigerator Capacity (L): 185 | Refrigerator Type: Single Door | Number of doors: 1 | Model: 200 IMPC GREY NEP | Net Height (mm): 1180 | Net Depth (mm): 535 | Fridge Configuration: Freezer on top | Nofrost system: Direct Cool | Warranty Duration: 2 years Full Services Warranty & 10 years Warranty on compressor | Refrigerator Features: Adjustable Shelves,Toughened Glass Shelves",https://static-01.daraz.com.np/p/fe53817ae84a7fc4aac9ebda4fc17057.jpg,photos\Whirlpool\200-IMPC-GREY-NEP.jpg,"2 year warranty on full part & 10 Years Warranty on Compressor , Physical Damage Not Applicable",daraz_scrape,9779765985999
Whirlpool,Refrigerator,refrigerator,185,200 GENIUS CLS plus  1S WINE,Whirlpool 185 Liter 200 Genius CLS  Plus 1S Wine Single Door Refrigerator,30551,"From the manufacturer 6th Sense Quickchill Technology You will never have to wait for your bottles to chill - thanks to the new genius range of refrigerators that chills bottles twice as fast. Its 6th Sense Quickchill Technology ensures that you never run out of cold beverages for your family making it your perfect companion for the summers. Insulated Capillary Technology In Insulated Capillary Technology, the capillary which carries the refrigerant from the compressor to the freezer is surrounded by super cold gas leading to benefits such better compressor efficiency, faster cooling and 12 hours cooling retention in the refrigerator. 9 Hours Cooling Retention During Power Cuts The new genius with the revolutionary insulated capillary technology gives up to 9 Hours Cooling Retention During Power Cuts. Fastest in Ice-Making The advanced insulated capillary technology and powerful compressor in Whirlpool refrigerators make ice faster than any other products in its class - so that you are never short of ice. Maxx Bottle Storage 2 dedicated door racks chill up to three 2l-bottles and five 1l-bottles. Toughened Glass Shelves Extra toughened glass shelves allow you to store large, heavy ","Brand: Whirlpool; SKU: 112476242_NP-1030429553; Fridge Configuration: Freezer on top; Nofrost system: Frost Free; Net Width (mm): 652; Refrigerator Capacity (L): 185; Refrigerator Type: Single Door; Warranty Duration: 1 year Full Service Warranty & 10 years   Warranty on compressor; Refrigerator Features: Adjustable Shelves,Toughened Glass Shelves; Number of doors: 1; Model: 200 GENIUS CLS plus  1S WINE; Net Height (mm): 1184; Net Depth (mm): 592; Warranty Policy EN: 2 year warranty on full part & 10 Years Warranty on Compressor , Physical Damage Not Applicable","Brand: Whirlpool | SKU: 112476242_NP-1030429553 | Fridge Configuration: Freezer on top | Nofrost system: Frost Free | Net Width (mm): 652 | Refrigerator Capacity (L): 185 | Refrigerator Type: Single Door | Warranty Duration: 1 year Full Service Warranty & 10 years   Warranty on compressor | Refrigerator Features: Adjustable Shelves,Toughened Glass Shelves | Number of doors: 1 | Model: 200 GENIUS CLS plus  1S WINE | Net Height (mm): 1184 | Net Depth (mm): 592 | Warranty Policy EN: 2 year warranty on full part & 10 Years Warranty on Compressor , Physical Damage Not Applicable",https://static-01.daraz.com.np/p/bf7f446c12b6fc153440d665f6f8b61f.jpg,photos\Whirlpool\200-GENIUS-CLS-plus-1S-WINE.jpg,"2 year warranty on full part & 10 Years Warranty on Compressor , Physical Damage Not Applicable",daraz_scrape,9779765985999
Whirlpool,Refrigerator,refrigerator,185,200 IMPC 2S GREY-NEP,Whirlpool 185 Liter 200 IMPC CLS GREY NEP Single Door Refrigerator,28700,Brand: Whirlpool | | Model: 200 IMPC GREY NEP | | Capacity: 185 L | | Direct Cooling Refrigerator | | Up to 9 Hours of Cooling Retention | | Auto Connect to Home Inverter | | Large Vegetable Crisper | | Wired Shelves | | Auto Connect To Home Inverter | | Removable Anti Bacterial Gasket | | Stabilizer Free Operation | | Door Lock | | Door Handle | | 2 years full warranty | | 5 years warranty on compressor,Brand: Whirlpool; SKU: 103988990_NP-1024774334; Net Width (mm): 619; Refrigerator Capacity (L): 185; Refrigerator Type: Single Door; Number of doors: 1; Model: 200 IMPC 2S GREY-NEP; Net Height (mm): 1191; Net Depth (mm): 536,Brand: Whirlpool | SKU: 103988990_NP-1024774334 | Net Width (mm): 619 | Refrigerator Capacity (L): 185 | Refrigerator Type: Single Door | Number of doors: 1 | Model: 200 IMPC 2S GREY-NEP | Net Height (mm): 1191 | Net Depth (mm): 536,https://static-01.daraz.com.np/p/02d684059b43f1162126dbe5fa4da173.jpg,photos\Whirlpool\200-IMPC-2S-GREY-NEP.jpg,2 Years Brand Warranty,daraz_scrape,9779765985999
Whirlpool,Refrigerator,Single Door Direct Cool,190 L,WDE 205 CLS 2S,Whirlpool 190L Single Door Direct Cool Refrigerator (Wine Titanium),31990,Whirlpool 190L direct cool single door refrigerator with Insulated Capillary Technology and 9-hour cooling retention.,Capacity: 190L | Single Door Direct Cool | Insulated Capillary Tech | 9 Hours Cooling Retention | Toughened Glass Shelves | Stabilizer Free,Capacity: 190L | Single Door Direct Cool | Insulated Capillary Tech | 9 Hours Cooling Retention | Toughened Glass Shelves | Stabilizer Free,https://static-01.daraz.com.np/p/whirlpool-190l-single-door-fridge.jpg,,1 Year Comprehensive + 10 Years on Compressor,daraz_market,9779765985999
Whirlpool,Refrigerator,refrigerator,190,205IMPCROY,Whirlpool 205 IMPC ROY 2S SAPPHIRE LINNEA Single Door Refrigerator,38550,Brand : Whirlpool | | Model : &lrm;205 IMPC ROY 2S SAPPHIRE LINNEA | | Capacity : 190 L | | Voltage ; &lrm;230 Volts (AC) | | Number of Shelves&lrm; :2 | | Certification&lrm; : Energy Star | | Item Dimensions LxWxH : 130 x 53.5 x 61.5 Centimeters | | No 1 in Ice making | | Up to 12 Hr of Cooling Retention | | Auto Connect to Home Inverter | | Toughened Glass Shelves,Brand: Whirlpool; SKU: 118147327_NP-1032385952; Net Width (mm): 53.5; Refrigerator Capacity (L): 190; Refrigerator Type: Single Door; Number of doors: 1; Model: 205IMPCROY; Net Height (mm): 1300; Net Depth (mm): 61.5; Fridge Configuration: Freezer on top; Nofrost system: Direct Cool; Warranty Duration: 2years; Inverter type air-conditioner: No,Brand: Whirlpool | SKU: 118147327_NP-1032385952 | Net Width (mm): 53.5 | Refrigerator Capacity (L): 190 | Refrigerator Type: Single Door | Number of doors: 1 | Model: 205IMPCROY | Net Height (mm): 1300 | Net Depth (mm): 61.5 | Fridge Configuration: Freezer on top | Nofrost system: Direct Cool | Warranty Duration: 2years | Inverter type air-conditioner: No,https://static-01.daraz.com.np/p/270594dbb52de523f4547ab14c37132d.jpg,photos\Whirlpool\205IMPCROY.jpg,2 Years Brand Warranty,daraz_scrape,9779765985999
Whirlpool,Refrigerator,Double Door Frost Free,265 L,NEOFRESH 278H PRM,Whirlpool 265L NeoFresh Frost Free Double Door Refrigerator,58990,Whirlpool 265L NeoFresh Double Door refrigerator with 6th Sense DeepFreeze technology and chilling gel.,Capacity: 265L | Double Door Frost Free | 6th Sense DeepFreeze | Chilling Gel for Power Cuts | FreshFlow Air Tower | Toughened Glass,Capacity: 265L | Double Door Frost Free | 6th Sense DeepFreeze | Chilling Gel for Power Cuts | FreshFlow Air Tower | Toughened Glass,https://static-01.daraz.com.np/p/whirlpool-265l-neofresh-fridge.jpg,,1 Year Comprehensive + 10 Years on Compressor,daraz_market,9779765985999
Whirlpool,Refrigerator,refrigerator,240,263 D Protton Roy Alpha Steel,Whirlpool 3 Doors  Refrigerator 240Ltrs 263 D Protton Roy Alpha Steel,61267,From the manufacturer Highlights: Model No : 263 D Protton Roy Alpha Steel | | 3 doors refrigerator. | | 6th sense active fresh technology. | | Zeolite technology. | | Air booster. | | Fresh Vegetables keeper. | | Moisture retention technology. | | Macroblock. | | Energy saving. | | High Glossy finish. | | Item Dimensions LxWxH :&nbsp;64 x 56 x 161 Centimeters | | | &nbsp;2 year warranty on manufactures defects | | 10 years Warranty on&nbsp;Compressor,"Brand: Whirlpool; SKU: 104024852_NP-1024802545; Fridge Configuration: Freezer on top; Nofrost system: Frost Free; Net Width (mm): 640; Refrigerator Capacity (L): 240; Refrigerator Type: Not Specified; Warranty Duration: 2 years Full Services Warranty & 10 Years Warranty on compressor; Refrigerator Features: Adjustable Shelves,Base Stand with Drawer; Number of doors: 3; Inverter type air-conditioner: Yes; Model: 263 D Protton Roy Alpha Steel; Net Height (mm): 1610; Net Depth (mm): 560; Warranty Policy EN: 2 year warranty on manufactures defects 10 years Warranty on Compressor","Brand: Whirlpool | SKU: 104024852_NP-1024802545 | Fridge Configuration: Freezer on top | Nofrost system: Frost Free | Net Width (mm): 640 | Refrigerator Capacity (L): 240 | Refrigerator Type: Not Specified | Warranty Duration: 2 years Full Services Warranty & 10 Years Warranty on compressor | Refrigerator Features: Adjustable Shelves,Base Stand with Drawer | Number of doors: 3 | Inverter type air-conditioner: Yes | Model: 263 D Protton Roy Alpha Steel | Net Height (mm): 1610 | Net Depth (mm): 560 | Warranty Policy EN: 2 year warranty on manufactures defects 10 years Warranty on Compressor",https://static-01.daraz.com.np/p/3ac8f9d07a06408d70b78571642efc7b.jpg,photos\Whirlpool\263-D-Protton-Roy-Alpha-Steel.jpg,2 year warranty on manufactures defects 10 years Warranty on Compressor,daraz_scrape,9779765985999
Whirlpool,Refrigerator,Bottom Mount Inverter Refrigerator,325 L,IF INV CNV 355 ELT,Whirlpool 325L Intellifresh Inverter Bottom Mount Refrigerator,92990,Whirlpool 325L Intellifresh Inverter Frost Free Double Door Refrigerator with Adaptive Intelligence and 10-in-1 convertible modes.,Capacity: 325L | Bottom Mount Freezer | Adaptive Intelligence Technology | 10-in-1 Convertible Modes | IntelliSense Inverter | Microblock Shield,Capacity: 325L | Bottom Mount Freezer | Adaptive Intelligence Technology | 10-in-1 Convertible Modes | IntelliSense Inverter | Microblock Shield,https://static-01.daraz.com.np/p/whirlpool-325l-bottom-mount-fridge.jpg,,1 Year Comprehensive + 10 Years on Inverter Compressor,daraz_market,9779765985999
Whirlpool,Refrigerator,refrigerator,245,Neo 258LH Cls plus Chromium Steel,Whirlpool Neo 258LH Cls plus Chromium Steel 245 L 1 Star Frost-Free Double Door Refrigerator,55818,"From the manufacturer 6th Sense Deep Freeze Technology It features full circular air flow which keeps ice cream, the way it is supposed to be fresh. *Result shown are based on internal testing done on select models under specific conditions and may vary depending on testing conditions. Micro Block Technology Unique additive which prevents up to 99%* bacterial growth, keeping fruits and vegetables fresh for long. *Results based on internal lab tests no.5032/1- 3 dated 02.21.2014 done under standard testing conditions. T&C apply. Fresh Low Air Tower With Flexi Vents Scientifically designed air tower and strategically placed vents that let out cool and fresh air into different sections of the refrigerator providing uniform cooling for long lasting freshness. Honey Comb Design With Moisture Control System Vegetable Crisper with Honey Comb Moisture Lock-in Technology condenses the evaporated moisture from the food to ensure balanced air and optimum freshness. Chilling Gel The Chilling Gel stores cool air, which is released during power cuts to prevent ice from melting and other contents from getting spoiled. Ice Twister Dispensed and collect ice cubes conveniently inside the collector b","Brand: Whirlpool; SKU: 104514600_NP-1025592064; Net Width (mm): 558.8; Refrigerator Capacity (L): 245; Refrigerator Type: Double Door; Number of doors: 2; Model: Neo 258LH Cls plus Chromium Steel; Net Height (mm): 1524; Net Depth (mm): 635; Fridge Configuration: Freezer on top; Warranty Duration: 2 Years Full Services Warranty & 10 years Warranty on Compressor; Refrigerator Features: Adjustable Shelves,Toughened Glass Shelves; Inverter type air-conditioner: No; Energy Rating: A+; Warranty Policy EN: 2 year warranty on full part & 10 Years Warranty on Compressor , Physical Damage Not Applicable","Brand: Whirlpool | SKU: 104514600_NP-1025592064 | Net Width (mm): 558.8 | Refrigerator Capacity (L): 245 | Refrigerator Type: Double Door | Number of doors: 2 | Model: Neo 258LH Cls plus Chromium Steel | Net Height (mm): 1524 | Net Depth (mm): 635 | Fridge Configuration: Freezer on top | Warranty Duration: 2 Years Full Services Warranty & 10 years Warranty on Compressor | Refrigerator Features: Adjustable Shelves,Toughened Glass Shelves | Inverter type air-conditioner: No | Energy Rating: A+ | Warranty Policy EN: 2 year warranty on full part & 10 Years Warranty on Compressor , Physical Damage Not Applicable",https://static-01.daraz.com.np/p/06b3247dff151eae5ca5c265a7db26e7.jpg,photos\Whirlpool\Neo-258LH-Cls-plus-Chromium-Steel.jpg,"2 year warranty on full part & 10 Years Warranty on Compressor , Physical Damage Not Applicable",daraz_scrape,9779765985999
Whirlpool,Small Home Appliance,Convection Microwave Oven,25 Litre,MAGICCOOK 25C ELITE,Whirlpool 25L Magicook Convection Microwave Oven,27990,"Whirlpool 25L Magicook Convection Microwave Oven with 130 auto-cook recipes, crisp plate, and tandoor baking.",Capacity: 25L | Convection & Grill | 130 Auto Menus | Tandoor Baking | Stainless Steel Cavity | Feather Touch Panel,Capacity: 25L | Convection & Grill | 130 Auto Menus | Tandoor Baking | Stainless Steel Cavity | Feather Touch Panel,https://static-01.daraz.com.np/p/whirlpool-25l-convection-microwave.jpg,,1 Year Comprehensive + 5 Years on Magnetron,daraz_market,9779765985999
Whirlpool,Television,television,,32W8000F,"VESTEL 32"" Normal LED TV | Free Wall Mount | 3 Years Warranty | IPS Panel | Dolby Sound | HDR | 32 Inch Normal Television",24990,"Product Features Highlights: A+ Grade Panel | | Inbuilt&nbsp;Woofer (dolby surround) | | 20W speakers Dolby™ | | Audio: 20W, Stereo Sound | | Ultra wide Viewing Angle nearly 180 degrees | | Antenna In | | 2 Usb In | | 2 HDMl In | | Vga In | | Pc Audio In | | A/V(Rca In, 1 Earphone&nbsp;Out) | | Up To 4K Video Support | | Accessories: Remote Controller, User Manual, 1*wall Mount | | 3 Years Warranty&nbsp;(Physical damage &amp; water damage cannot be claimed and no warranty in remote)",Brand: Vestel; SKU: 116216972_NP-1031780640; Tv Resolution: HD Ready (1366 x 768); Display Size (inches): 32; Model: 32W8000F; Smart TV: No; smart_tv_os: Not Specified; Warranty Policy EN: 1 year full warranty + 2 years service warranty (Water damage and physical damage cannot be claimed),Brand: Vestel | SKU: 116216972_NP-1031780640 | Tv Resolution: HD Ready (1366 x 768) | Display Size (inches): 32 | Model: 32W8000F | Smart TV: No | smart_tv_os: Not Specified | Warranty Policy EN: 1 year full warranty + 2 years service warranty (Water damage and physical damage cannot be claimed),https://static-01.daraz.com.np/p/921f2937ee63c03f315ec7c780fb6df7.png,photos\Whirlpool\32W8000F.png,1 year full warranty + 2 years service warranty (Water damage and physical damage cannot be claimed),daraz_scrape,9779765985999
Whirlpool,Washing Machine,washing machine,7.5,Whirlpool--Whirlpool-Stainwash,"""Whirlpool Stainwash Cold Non-Hot Wash 7.5kg 5 Star Fully Automatic Top-Load Washing Machine""",43900,"From the manufacturer KEY FEATURES Removes Up To 48 Hour Old Stains No need to worry about immediate removal of stains. With the Stainwash program, one can remove stains that are even 48 hours old Remove 25 Tough Stains Heats water through a 6 step process to carefully and thoroughly remove upto 25 tough stains like ketchup, oil, grass, etc 3 Hot Water Modes Heats water upto 60 C at 3 different levels ranging from Warm, Hot to Allergen Free, offering customized care by offering different water temperatures as per cloth type. KEY FEATURES Hard Water Wash Adapts the operations for washing in hard water, maintaining the softness and colour of your clothes*. *Results based on internal lab tests no. 2371926 dated 28.05.2019 done under standard testing conditions. T&C apply. Zero Pressure Fill Technology Fills tub 50%* faster even when the pressure is as low as 0.017MPa*. *Results based on internal lab tests no. 2371930 dated 28.05.2019 done under standard testing conditions. T&C apply. Spa Wash The new spa wash system delivers the perfect wash and 40% less tangling with it's specially designed prime mover and drum combination. It contains 50% lesser holes than an ordinary wash drum, giv","Brand: Whirlpool; SKU: 111151598_NP-1030120383; Washing features: Spin dry,Quick Wash; Country Of Origin: India; Washing Capacity (kg): 7.5; Drum Type: Steel; Type of Washing Machine: Top Loader; Maximum Spin Speed (RPM): 740; Top Type: Top Load; Model Name/Number: 31686; Washing Mode: Spin","Brand: Whirlpool | SKU: 111151598_NP-1030120383 | Washing features: Spin dry,Quick Wash | Country Of Origin: India | Washing Capacity (kg): 7.5 | Drum Type: Steel | Type of Washing Machine: Top Loader | Maximum Spin Speed (RPM): 740 | Top Type: Top Load | Model Name/Number: 31686 | Washing Mode: Spin",https://static-01.daraz.com.np/p/aeb436e1d7ada9da8d116271b9f1b575.png,photos\Whirlpool\31686.png,10 years motor Warranty,daraz_scrape,9779765985999
Whirlpool,Washing Machine,washing machine,7,Magic Clean 7.0 Genx Grey-2,WhirlpooI 7 Kg Fully Automatic Top Load Washing Machine Magic Clean 7.0 Genx,40504,"* Model - Magic Clean 7.0 Genx Grey | | * 7 Kg Capacity | | * 6th Sense Technology | | * 12 Washing Modes | | * Daily, Heavy, Delicates, Whites, Woolens, Eco Wash, Bed Sheets, Rinse+Dry, Dry Only, Wash Only, Stainwash, Aqua Store | | * Hard Water Wash | | * 5 Star Rating | | * 740 RPM | | * 2 Years Full Product Warranty | | * 10 Years Motor Warranty","Brand: Whirlpool; SKU: 104878473_NP-1837413245; Washing features: Cotton,Spin dry,Quick Wash; Washing Capacity (kg): 7; Drum Type: Steel; Type of Washing Machine: Top Load; Maximum Spin Speed (RPM): 750; Top Type: Top Load; Model Name/Number: Magic Clean 7.0 Genx Grey","Brand: Whirlpool | SKU: 104878473_NP-1837413245 | Washing features: Cotton,Spin dry,Quick Wash | Washing Capacity (kg): 7 | Drum Type: Steel | Type of Washing Machine: Top Load | Maximum Spin Speed (RPM): 750 | Top Type: Top Load | Model Name/Number: Magic Clean 7.0 Genx Grey",https://np-live-21.slatic.net/kf/S53a5a150addf4273bf261846094c103by.jpg,photos\Whirlpool\Magic-Clean-7-0-Genx-Grey.jpg,2 years full product & 10 years motor warranty,daraz_scrape,9779765985999
Whirlpool,Washing Machine,washing machine,7,WM Classic 7.0 Genx Grey,WhirlpooI 7 Kg Fully Automatic Top Load Washing Machine Magic Clean 7.0 Genx Grey,40504,"* Model - WM Classic 7.0 Genx Grey | | * 7 Kg Capacity | | * 6th Sense Technology | | * 12 Washing Modes | | * Daily, Heavy, Delicates, Whites, Woolens, Eco Wash, Bed Sheets, Rinse+Dry, Dry Only, Wash Only, Stainwash, Aqua Store | | * Hard Water Wash | | * 5 Star Rating | | * 740 RPM | | * 2 Years Full Product Warranty | | * 10 Years Motor Warranty","Brand: Whirlpool; SKU: 105442764_NP-1799457869; Washing features: Cotton,Spin dry; Washing Capacity (kg): 7; Drum Type: Steel; Type of Washing Machine: Top Load; Maximum Spin Speed (RPM): 740; Top Type: Top Load; Model Name/Number: WM Classic 7.0 Genx Grey","Brand: Whirlpool | SKU: 105442764_NP-1799457869 | Washing features: Cotton,Spin dry | Washing Capacity (kg): 7 | Drum Type: Steel | Type of Washing Machine: Top Load | Maximum Spin Speed (RPM): 740 | Top Type: Top Load | Model Name/Number: WM Classic 7.0 Genx Grey",https://np-live-21.slatic.net/kf/S6bf95110f6974ea8b2049ddb1d8dca4eR.jpg,photos\Whirlpool\WM-Classic-7-0-Genx-Grey.jpg,2 Years Brand Warranty,daraz_scrape,9779765985999
Whirlpool,Washing Machine,washing machine,7.5,ELITE 7.5,"Whirlpool 7.5 Kg 5 Star Fully-Automatic Top Loading Washing Machine (WHITEMAGIC ELITE 7.5, Grey, Hard Water Wash)",43900,"Brand: Whirlpool Model: Whitemagic Elite 7.5 Grey Color: Gray Energy Rating: 5 Star Lid Type: Toughened Glass Tub Material: Stainless Steel Spiro Wash Maximum Spin Speed: 740 6th Sense Technology 123 Wash, Child Lock 12 Wash Program Hard Water Wash Self Clean Tub Rat Mesh, Lint Filter 2 years full warranty 10 years warranty on motor Highlights: Brand: Whirlpool | | Color: Grey | | Special Feature: Auto tub clean, LED Digital Display, Hard Water Wash, Back Control Panel, Child lock, Smart Lint Filter Item | | Dimensions LxWxH 63 x 63 x 101 Centimeters | | Item Weight 31kg Capacity: 7.5 Kilograms | | Option Cycles: 12 | | Access Location: Top Load | | Cycle Options: Eco, Heavy, Bedsheet, Delicates, Daily Wash, Hard Water Wash, Spin, Aqua Reserve, Whites, Wool, Wash Only, RinseEco, Heavy, Bedsheet, Delicates, Daily Wash, Hard Water Wash, Spin, Aqua Reserve, Whites, Wool, Wash Only, Rinse | | Voltage: 230 Volts | | About this item 12 Wash Programs - Daily, Heavy, Delicates, Whites, Hard Water Wash, Eco Wash, Woollens, Bed Sheet, Rinse +Spin, Spin, Wash Only, Aqua Store 1-2-3 | | Wash System: Just 3 simple buttons will enable a complete wash cycle LED Digital Display Spiro | | Wash Acti",Brand: Whirlpool; SKU: 117929035_NP-1033144245; Washing Capacity (kg): 7.5; Drum Type: Steel; Type of Washing Machine: Automatic; Maximum Spin Speed (RPM): 740; Top Type: Top Load; Washing Mode: Energy Saving; Model Name/Number: ELITE 7.5,Brand: Whirlpool | SKU: 117929035_NP-1033144245 | Washing Capacity (kg): 7.5 | Drum Type: Steel | Type of Washing Machine: Automatic | Maximum Spin Speed (RPM): 740 | Top Type: Top Load | Washing Mode: Energy Saving | Model Name/Number: ELITE 7.5,https://np-live-21.slatic.net/kf/S2b3b94186f3e4e228919a9e5e1295435A.jpg,photos\Whirlpool\ELITE-7-5.jpg,2 Years Brand Warranty,daraz_scrape,9779765985999
Whirlpool,Washing Machine,Top Load Fully Automatic,7.5 KG,360 BLOOMWASH PRO 7.5,Whirlpool 7.5KG 360 Bloomwash Pro Top Load Washer (Hotmatic),48990,Whirlpool 7.5KG 360 Bloomwash Pro with built-in heater that heats water up to 60C for 99.9% germ free clothes.,Capacity: 7.5KG | Built-in Heater | 360 Bloomwash Agitation | Hexa Bloom Impeller | Soft Close Glass Lid | 12 Wash Programs,Capacity: 7.5KG | Built-in Heater | 360 Bloomwash Agitation | Hexa Bloom Impeller | Soft Close Glass Lid | 12 Wash Programs,https://static-01.daraz.com.np/p/whirlpool-75kg-bloomwash-pro.jpg,,1 Year Comprehensive + 10 Years on Motor,daraz_market,9779765985999
Whirlpool,Washing Machine,Semi-Automatic Top Load,7.5 KG,SUPERB ATOM 75,Whirlpool 7.5KG Superb Atom Semi-Automatic Washing Machine,23990,Whirlpool 7.5KG Semi-Automatic Top Load Washer with Super Soak technology and high RPM spin tub.,Capacity: 7.5KG | Semi-Automatic | Super Soak 25 Min Pre-treatment | 66L Large Wash Tub | Multi-Utility Tray | Lint Filter,Capacity: 7.5KG | Semi-Automatic | Super Soak 25 Min Pre-treatment | 66L Large Wash Tub | Multi-Utility Tray | Lint Filter,https://static-01.daraz.com.np/p/whirlpool-75kg-superb-atom.jpg,,1 Year Comprehensive + 5 Years on Motor,daraz_market,9779765985999
Whirlpool,Washing Machine,Front Load Fully Automatic,8 KG,FRESHCARE 8014,Whirlpool 8KG FreshCare Inverter Front Load Washing Machine,81990,"Whirlpool 8KG FreshCare+ Front Load Washer with steam hygiene cycle, 6th Sense SoftMove, and 1400 RPM spin.",Capacity: 8KG | Inverter Motor | 1400 RPM | 6th Sense SoftMove Drum Agitation | FreshCare+ Steam Retention | 100% Rust Proof,Capacity: 8KG | Inverter Motor | 1400 RPM | 6th Sense SoftMove Drum Agitation | FreshCare+ Steam Retention | 100% Rust Proof,https://static-01.daraz.com.np/p/whirlpool-8kg-freshcare-front-load.jpg,,1 Year Comprehensive + 10 Years on Motor,daraz_market,9779765985999
Whirlpool,Washing Machine,washing machine,8,Whirlpool-Whirlpool-Xpert-Care,Whirlpool Xpert Care 8kg 5 Star Front Load Washing Machine with in-built Heater,78160,"Upto 100 Tough Stains Removal ""Say goodbye to stubborn stains and hello to effortless cleaning with Xpert Care. Restores clothes to their former glory by removing 100 tough dried stains like Curry, henna, ink, grease and many more."" 6th Sense SoftMove Technology 6th Sense SoftMove Technology that delivers 18% better fabric care by using a combination of sensors and algorithms to choose from 6 customized drum movements for different types of fabrics. Steam Wash ""The Advanced Steam Wash Technology provides a sanitized laundry with the power of steam. It Removes > Up to 99.9% Bacteria & Allergens > Up to 99.9% Dust Mites > Up to 99.9% Virus"" 2 Years Comprehensive Warranty With 111 years of expertise, top-level designing capability, world-class manufacturing facilities, and high testing standards, whirlpool ensure great-quality products with superior durability. The Whirlpool XpertCare front-load washing machine comes with a 2-years comprehensive warranty* for a stress-free laundry experience. Intellisense Inverter Technology The advanced inverter technology intelligently detects the load and optimizes motor speed, ensuring powerful cleaning with minimal noise and maximum efficiency. C","Brand: Whirlpool; SKU: 113912303_NP-1030988235; Washing features: Other,Cotton,Large Capacity,Spin dry,Steam washing,Quick Wash; Country Of Origin: India; Washing Capacity (kg): 8; Drum Type: Steel; Type of Washing Machine: Front Load; Maximum Spin Speed (RPM): 1400; Top Type: Front Load; Model Name/Number: 33044; Washing Mode: Spin; Warranty Policy EN: 1 year full service warranty and10 years motor Warranty.","Brand: Whirlpool | SKU: 113912303_NP-1030988235 | Washing features: Other,Cotton,Large Capacity,Spin dry,Steam washing,Quick Wash | Country Of Origin: India | Washing Capacity (kg): 8 | Drum Type: Steel | Type of Washing Machine: Front Load | Maximum Spin Speed (RPM): 1400 | Top Type: Front Load | Model Name/Number: 33044 | Washing Mode: Spin | Warranty Policy EN: 1 year full service warranty and10 years motor Warranty.",https://static-01.daraz.com.np/p/fd3ff047fd0f5faa58315e5e43fced1f.jpg,photos\Whirlpool\33044.jpg,1 year full service warranty and10 years motor Warranty.,daraz_scrape,9779765985999
Whirlpool,Water Dispenser,water dispenser,,ATLANTIS,ATLANTIS Prime Hot Normal and Cold water Dispenser with Refrigerator Cabinet Bottled Water Dispenser,25000,"Atlantis is today amongst India&#39;s leading manufacturers of water dispensers having a nationwide presence with over 25 years of experience. Highlights: Table Top Water Dispenser | | Functions: Hot, Normal and Cold | | Ideal for Offices, Homes &amp; Commercial Spaces | | Color: White | | Top Mounted | | Unique design with ABS Moulded Body | | Cooling Capacity : 3 Litres/Hour | | Heating Capacity : 5 Litres/Hour | | Cold Tank Storage Capacity: 3.5 Litres | | Water Tank Material : Stainless Steel 304 | | One Year Warranty | | Brand : ATLANTIS | | Country of Origin: India",Brand: No Brand; SKU: 176081530_NP-1198916101,Brand: No Brand | SKU: 176081530_NP-1198916101,https://np-live-21.slatic.net/kf/S6e8d4ebabc954cdfa20be1b6283d20abQ.jpg,photos\Whirlpool\176081530-NP-1198916101.jpg,1 Year Brand Warranty,daraz_scrape,9779765985999
Whirlpool,Water Dispenser,water dispenser,,Whirlpool-Famous-Bottom-Loadin,"Famous Bottom Loading Water Dispenser 3 in 1 Hot,Cold And Normal",16750,"Electric Water Dispenser Bottom Loading Hot, Cold And Normal Easy To Use 1 Year Warranty Good For Office And Home Use Highlights: Electric&nbsp;Water Dispenser&nbsp; | | 3 In1&nbsp;Hot ,&nbsp;Cold&nbsp;And Normal | | Easy To Use&nbsp; | | 1 Year Warranty&nbsp;&nbsp; | | Good For Office And&nbsp;Home Use",Brand: No Brand; SKU: 127789802_NP-1034727834; Number of Filters: Not Specified,Brand: No Brand | SKU: 127789802_NP-1034727834 | Number of Filters: Not Specified,https://np-live-21.slatic.net/kf/S8899c65a0690435ea0352e4a7b80af29f.jpg,photos\Whirlpool\127789802-NP-1034727834.jpg,1 Year Brand Warranty,daraz_scrape,9779765985999
Whirlpool,Water Dispenser,water dispenser,5L/HR,Whirlpool-Famous-Water-Dispens,"Famous Water Dispenser 3 In 1 Hot,Cold And Normal",14250,"Electric Water Dispenser | | Top Loading | | 3 In 1 Hot , Cold And Normal | | Easy To Use | | 1 Year Warranty | | Good For Office And Home Use",Brand: No Brand; SKU: 127792227_NP-1034751375; Capacity (Litres): 5L/HR; Number of Filters: Not Specified; Power Consumption (W): 550,Brand: No Brand | SKU: 127792227_NP-1034751375 | Capacity (Litres): 5L/HR | Number of Filters: Not Specified | Power Consumption (W): 550,https://np-live-21.slatic.net/kf/S513eca0f0535446e8cca02753e820218N.jpg,photos\Whirlpool\127792227-NP-1034751375.jpg,1 Year Brand Warranty,daraz_scrape,9779765985999
Whirlpool,Water Purifier,water purifier,8,Sapphire-B-2,"KENT Sapphire-B RO Water Purifier | RO+UF+Inline UV+Alkaline+TDS Control | UV LED in Tank | 20 LPH | 8L Storage | Ideal for Borewell, Tanker & Municipal Water | Wall Mount",46690,"Experience 100% Pure, Alkaline & Mineral-Rich Water Every Day The KENT Sapphire-B RO Water Purifier is a cutting-edge solution for modern homes looking for purity, performance, and long-term health benefits. Engineered with a comprehensive multi-stage purification process, this RO system ensures that every drop is not only free from contaminants but also rich in essential minerals and alkaline goodness. Key Features & Benefits ✅ Multi-Stage Purification – RO + UF + Inline UV + Alkaline + TDS Control Removes dissolved impurities, chemicals, bacteria, viruses, pesticides, rust, and heavy metals while retaining essential minerals for healthy hydration. ✅ Alkaline Water with pH up to 9.5 Enhances water quality by regulating your body’s pH level, reducing acidity, and boosting immunity with each sip. ✅ TDS Control System Maintains natural minerals while allowing you to adjust TDS levels based on water source and taste preference. ✅ UV LED in Storage Tank + Inline UV Protection Ensures 100% purity even in stored water by eliminating bacteria and viruses continuously inside the 8L storage tank. ✅ High Purification Rate – 20 LPH Purifies up to 20 liters of water per hour – ideal for medium",Brand: kent; SKU: 1513681444_NP-12305187864; Number of Filters: 6; Purification Method: Other; Filter Type: Nano 5 Levels System - Inline Casting Core; Model: Sapphire-B; Purification Capacity: 8; Warranty Policy EN: 1 year Full Service Warranty,Brand: kent | SKU: 1513681444_NP-12305187864 | Number of Filters: 6 | Purification Method: Other | Filter Type: Nano 5 Levels System - Inline Casting Core | Model: Sapphire-B | Purification Capacity: 8 | Warranty Policy EN: 1 year Full Service Warranty,https://static-01.daraz.com.np/p/b74b2fc73d40fe4d9bce7fef8b880986.jpg,photos\Whirlpool\Sapphire-B.jpg,1 Year Brand Warranty,daraz_scrape,9779765985999
